"seqname","tax_id","accession","description","length","ambig_count","is_type","species"
"S002446157","59505","HQ992948","Actinobaculum schaalii; 34317.","1500","0","FALSE","59505"
"S000728204","59505","AY957507","Actinobaculum schaalii; BD04-00146.","1487","1","FALSE","59505"
"S001576240","59505","GQ246169","Actinobaculum schaalii; CNM-919-07.","1243","0","FALSE","59505"
"S001329497","59505","FJ711188","Actinobaculum schaalii; NML 070171.","1469","0","FALSE","59505"
"S001329487","59505","FJ711178","Actinobaculum schaalii; NML 98A095.","1494","0","FALSE","59505"
"S000381439","66228","Y08828","Actinomyces europaeus (T); CCUG 32789A.","1410","2","TRUE","66228"
"S000608086","66228","AM084230","Actinomyces europaeus; CCUG 32789AT.","1510","0","FALSE","66228"
"S000608085","33007","AM084229","Actinomyces neuii","","","TRUE","33007"
"S000608084","33007","AM084228","Actinomyces neuii","","","TRUE","33007"
"S000014586","33007","X71861","Actinomyces neuii","","","FALSE","33007"
"S000015197","33007","X71862","Actinomyces neuii","","","FALSE","33007"
"S000000018","131111","X78720","Actinomyces turicensis (T); APL10.","1453","2","TRUE","131111"
"S002227108","131111","HM210084","Actinomyces turicensis; A35750/P1.","1346","0","FALSE","131111"
"S002410859","131111","HQ850579","Actinomyces turicensis; WSB-1012.","1397","0","FALSE","131111"
"GQ106870","87541","GQ106870","Aerococcus christensenii","","","FALSE","87541"
"AY959062","87541","AY959062","Aerococcus christensenii","","","FALSE","87541"
"GQ105948","87541","GQ105948","Aerococcus christensenii","","","FALSE","87541"
"S000127667","87541","Y17005","Aerococcus christensenii (T); CCUG 28831.","1451","12","TRUE","87541"
"S000013318","87541","Y17318","Aerococcus christensenii; CCUG 28826.","1501","0","FALSE","87541"
"S000436724","1376","M77819","Aerococcus urinae (T).","1481","8","TRUE","1376"
"S000438105","1376","U64458","Aerococcus urinae; 1656-92.","1544","0","FALSE","1376"
"S000438106","1376","U64459","Aerococcus urinae; 944-94.","1503","0","FALSE","1376"
"S000438103","1376","U64456","Aerococcus urinae; F1-84.","1382","0","FALSE","1376"
"S000409607","1376","AY422711","Aerococcus urinae; NL 95031.","1545","2","FALSE","1376"
"S002165120","28117","AB554232","Alistipes putredinis; JCM 16772.","1488","0","FALSE","28117"
"S000775411","419015","AM419458","Alloscardovia omnicolens","","","FALSE","419015"
"S000775413","419015","AM419460","Alloscardovia omnicolens","","","TRUE","419015"
"S000018908","419015","AJ278694","Alloscardovia omnicolens","","","FALSE","419015"
"S000017346","419015","AJ278695","Alloscardovia omnicolens","","","FALSE","419015"
"S001792991","33029","AB538433","Anaerococcus hydrogenalis","","","FALSE","33029"
"S000995184","33029","D14140","Anaerococcus hydrogenalis; GIFU 7662.","1375","9","FALSE","33029"
"S003261718","33032","AB673373","Anaerococcus lactolyticus; JCM 8140.","1489","0","FALSE","33032"
"S000768875","411577","DQ911243","Anaerococcus murdochii","","","FALSE","411577"
"S002165144","33034","AB558162","Anaerococcus prevotii","","","FALSE","33034"
"S000432298","33034","AF542232","Anaerococcus prevotii","","","TRUE","33034"
"S002287180","525919","CP001708","Anaerococcus prevotii DSM 20548.","1526","0","FALSE","33034"
"S002287599","525919","CP001708","Anaerococcus prevotii DSM 20548.","1527","0","FALSE","33034"
"S002291249","525919","CP001708","Anaerococcus prevotii DSM 20548.","1527","0","FALSE","33034"
"S002913663","1033733","JF824805","Anaerococcus sp. JC48.","1416","0","FALSE","1288120"
"S002962254","1118056","JN837490","Anaerococcus sp. ph10.","1469","0","FALSE","1287640"
"AY958826","33036","AY958826","Anaerococcus tetradius","","","FALSE","33036"
"GQ038476","33036","GQ038476","Anaerococcus tetradius","","","FALSE","33036"
"S000432300","33036","AF542234","Anaerococcus tetradius","","","TRUE","33036"
"AY958787","33036","AY958787","Anaerococcus tetradius","","","FALSE","33036"
"S001589410","33036","GQ422749","Anaerococcus tetradius; F0127.","1501","0","FALSE","33036"
"HM021448","33037","HM021448","Anaerococcus vaginalis","","","FALSE","33037"
"HM274569","33037","HM274569","Anaerococcus vaginalis","","","FALSE","33037"
"HM256534","33037","HM256534","Anaerococcus vaginalis","","","FALSE","33037"
"JF205361","33037","JF205361","Anaerococcus vaginalis","","","FALSE","33037"
"S003264873","33037","AB691575","Anaerococcus vaginalis; JCM 8138.","1488","0","FALSE","33037"
"S000004268","1381","X67148","Atopobium minutum","","","TRUE","1381"
"S002156825","1381","FN178468","Atopobium minutum","","","FALSE","1381"
"S000391613","82135","AF325325","Atopobium vaginae","","","FALSE","82135"
"AY995240","82135","AY995240","Atopobium vaginae","","","FALSE","82135"
"HM334501","82135","HM334501","Atopobium vaginae","","","FALSE","82135"
"HM343974","82135","HM343974","Atopobium vaginae","","","FALSE","82135"
"S000130242","82135","Y17195","Atopobium vaginae (T); CCUG 38953.","1351","4","TRUE","82135"
"AY958930","186802_1","AY958930","BVAB1","","","FALSE","186802_1"
"GQ044889","186802_1","GQ044889","BVAB1","","","FALSE","186802_1"
"AY995266","186802_1","AY995266","BVAB1","","","FALSE","186802_1"
"GQ038480","186802_1","GQ038480","BVAB1","","","FALSE","186802_1"
"AY724739","186802_1","AY724739","BVAB1","","","FALSE","186802_1"
"HM341161","186802_2","HM341161","BVAB2","","","FALSE","186802_2"
"GQ037144","186802_2","GQ037144","BVAB2","","","FALSE","186802_2"
"AM697328","186802_2","AM697328","BVAB2","","","FALSE","186802_2"
"AY995270","186802_2","AY995270","BVAB2","","","FALSE","186802_2"
"S002235821","46507","AB547639","Bacteroides coagulans","","","FALSE","46507"
"S002222812","862962","FQ312004","Bacteroides fragilis 638R.","1533","0","FALSE","817"
"S000540364","295405","AP006841","Bacteroides fragilis YCH46.","1537","0","FALSE","817"
"S001045756","817","EU722742","Bacteroides fragilis; B25.","1459","0","FALSE","817"
"S001872160","817","AB510701","Bacteroides fragilis; JCM 11019.","1490","0","FALSE","817"
"S000011915","817","X83947","Bacteroides fragilis; KSB1486; 13.","1436","1","FALSE","817"
"S000451793","291644","AY608696","Bacteroides salyersiae (T); WAL 10018.","1419","0","TRUE","291644"
"S001872166","291644","AB510707","Bacteroides salyersiae; JCM 12988.","1473","0","FALSE","291644"
"S000979878","291644","EU136690","Bacteroides salyersiae; JCM12988; 7.","2033","0","FALSE","291644"
"S000469521","820","AB117563","Bacteroides uniformis","","","FALSE","820"
"S001045755","820","EU722741","Bacteroides uniformis","","","FALSE","820"
"S000469522","820","AB117564","Bacteroides uniformis; NB-14.","1467","0","FALSE","820"
"S002963525","820","JN873344","Bacteroides uniformis; ZL1.","1474","0","FALSE","820"
"S000530511","820","AB215084","Bacteroides uniformis; mat-344.","1488","0","FALSE","820"
"S000016521","821","AB050111","Bacteroides vulgatus","","","FALSE","821"
"S000891455","821","CP000139","Bacteroides vulgatus","","","FALSE","821"
"S000891445","435590","CP000139","Bacteroides vulgatus ATCC 8482.","1510","0","FALSE","821"
"S000871795","821","EF608209","Bacteroides vulgatus; EBA6-18.","1234","4","FALSE","821"
"S002915859","821","JN084210","Bacteroides vulgatus; NMBE-13.","1400","0","FALSE","821"
"S002933307","866777","CP002743","Bifidobacterium breve ACS-071-V-Sch8b.","1510","0","FALSE","1685"
"S002950116","326426","CP000303","Bifidobacterium breve UCC2003.","1535","0","FALSE","1685"
"S000468460","1685","AY850360","Bifidobacterium breve; BGM6.","1522","0","FALSE","1685"
"S000000524","1685","AF491832","Bifidobacterium breve; JCM 1273.","1454","0","FALSE","1685"
"S000015908","1685","AF491835","Bifidobacterium breve; JCM 7017.","1454","0","FALSE","1685"
"S000398266","1679","AY151399","Bifidobacterium longum subsp. longum biovar Longum; KB 6.","1400","0","FALSE","216816"
"S001352707","216816","FJ861665","Bifidobacterium longum subsp. longum; 907.","1399","11","FALSE","216816"
"S000871435","216816","EF589112","Bifidobacterium longum subsp. longum; IDCC 4101.","1488","0","FALSE","216816"
"S000806296","216816","EF370991","Bifidobacterium longum subsp. longum; THT-010301.","1484","0","FALSE","216816"
"S002910463","1695","HQ851029","Bifidobacterium longum subsp. suis; TEEV 4/9.","1368","1","FALSE","216816"
"S000979829","479117","EU086793","Brevibacterium ravenspurgense (T); 20.","1470","3","TRUE","479117"
"S000979844","479117","EU086808","Brevibacterium ravenspurgense; 744.","1449","0","FALSE","479117"
"S000131304","119231","AJ276874","Campylobacter faecalis; 1433; stool sample isolate.","1420","2","FALSE","119231"
"S002289648","360107","CP000776","Campylobacter hominis ATCC BAA-381.","1511","0","FALSE","76517"
"S000428260","76517","AF062490","Campylobacter hominis; HS-A.","1454","6","FALSE","76517"
"S000428261","76517","AF062491","Campylobacter hominis; HS-B.","1454","1","FALSE","76517"
"S001551109","827","GQ167667","Campylobacter ureolyticus","","","FALSE","827"
"S001550487","827","FN401325","Campylobacter ureolyticus","","","FALSE","827"
"S002225114","827","HM007586","Campylobacter ureolyticus; DSM 20703.","1312","0","FALSE","827"
"S001550486","827","FN401324","Campylobacter ureolyticus; LMG 24747.","1478","0","FALSE","827"
"S001551110","827","GQ167668","Campylobacter ureolyticus; UNSWJ.","1411","0","FALSE","827"
"DQ666092","95818_1","DQ666092","Candidate Division TM7 vaginal","","","FALSE","95818_1"
"S002961970","546","JN831090","Citrobacter freundii; JZ01.","1446","0","FALSE","546"
"S003262205","546","AB680314","Citrobacter freundii; NBRC 12681.","1467","3","FALSE","546"
"S003287135","546","AB741689","Citrobacter freundii; NBRC 13539.","1324","0","FALSE","546"
"S002222705","546","FN997639","Citrobacter freundii; TRS1-B4.","1422","0","FALSE","546"
"S000404823","546","AY259630","Citrobacter freundii; WA1.","1446","0","FALSE","546"
"S002287520","699246","CP001850","Clostridiales genomosp. BVAB3","","","FALSE","699245"
"S000366397","179628","AJ420008","Clostridium colicanis","","","TRUE","179628"
"S001549682","179628","FJ957864","Clostridium colicanis","","","FALSE","179628"
"S001549683","179628","FJ957865","Clostridium colicanis; JPL_10.","1456","4","FALSE","179628"
"S001549684","179628","FJ957866","Clostridium colicanis; JPL_11.","1458","1","FALSE","179628"
"S001549687","179628","FJ957869","Clostridium colicanis; JPL_14.","1456","4","FALSE","179628"
"S000012691","43765","X82057","Corynebacterium amycolatum (T); CIP 103452T.","1401","2","TRUE","43765"
"S002156995","43765","FN668737","Corynebacterium amycolatum.","1375","0","FALSE","43765"
"S000007291","43765","X82050","Corynebacterium amycolatum; CIP 52.13.","1322","2","FALSE","43765"
"S002957056","43765","JN571071","Corynebacterium amycolatum; L9.","1388","0","FALSE","43765"
"S000260732","43765","X84244","Corynebacterium amycolatum; NCFB 2768.","1476","3","FALSE","43765"
"S000083753","53374","X96497","Corynebacterium coyleae (T); type strain: DSM 44184 = CCUG 35014 = DMMZ 214.","1483","7","TRUE","53374"
"S000591229","53374","AB234868","Corynebacterium coyleae.","1237","0","FALSE","53374"
"S000432080","53374","AF537592","Corynebacterium coyleae; National Microbiology Laboratory Special Bacteriology identifier 97-0171.","1453","0","FALSE","53374"
"S000002702","39791","X84375","Corynebacterium glucuronolyticum; CIP 104297T.","1323","9","FALSE","39791"
"S000128842","39791","AJ277970","Corynebacterium glucuronolyticum; COR 232.","1459","0","FALSE","39791"
"S000432083","39791","AF537595","Corynebacterium glucuronolyticum; National Microbiology Laboratory Special Bacteriology identifier 98-0013.","1461","0","FALSE","39791"
"S000432084","39791","AF537596","Corynebacterium glucuronolyticum; National Microbiology Laboratory Special Bacteriology identifier 98-0098.","1477","1","FALSE","39791"
"S000260870","38289","X84250","Corynebacterium jeikeium (T); NCTC 11913.","1494","0","TRUE","38289"
"S002290173","306537","CR931997","Corynebacterium jeikeium K411; K411 = NCTC 11915.","1528","0","FALSE","38289"
"S000005844","38289","U87823","Corynebacterium jeikeium; ATCC 43734.","1466","0","FALSE","38289"
"S000001149","38289","X82062","Corynebacterium jeikeium; CIP 103337T.","1333","3","FALSE","38289"
"S003299271","38289","JQ963332","Corynebacterium jeikeium; MK-4.","1344","0","FALSE","38289"
"S000011673","161889","Y09045","Corynebacterium lipophiloflavum (T); DMMZ 1944; CCUG 37336; DSM 44291.","1474","0","TRUE","161889"
"S001328430","598660","FJ185225","Corynebacterium pyruviciproducens","","","FALSE","598660"
"S000432092","146827","AF537604","Corynebacterium simulans; National Microbiology Laboratory Special Bacteriology identifier 00-0186.","1469","0","FALSE","146827"
"S000260723","43770","X84442","Corynebacterium striatum (T); NCTC 764.","1477","1","TRUE","43770"
"S002446787","43770","JF342694","Corynebacterium striatum; 1961BRRJ.","1500","0","FALSE","43770"
"S002446788","43770","JF342695","Corynebacterium striatum; 1987BRRJ.","1301","0","FALSE","43770"
"S000434379","43770","AY008302","Corynebacterium striatum; RV5_00.","1440","0","FALSE","43770"
"S000013970","161902","Y09655","Corynebacterium sundsvallense (T); CCUG 36622.","1468","0","TRUE","161902"
"S000127212","38304","AJ438048","Corynebacterium tuberculostearicum","","","FALSE","38304"
"S000127215","38304","AJ438047","Corynebacterium tuberculostearicum","","","FALSE","38304"
"S000260719","38304","X84247","Corynebacterium tuberculostearicum","","","FALSE","38304"
"S000478275","309120","AY850118","Dialister micraerophilus","","","FALSE","309120"
"S000478272","309120","AY850115","Dialister micraerophilus","","","FALSE","309120"
"S000478271","309120","AY850114","Dialister micraerophilus","","","FALSE","309120"
"S000478267","309120","AY850110","Dialister micraerophilus","","","FALSE","309120"
"S000478273","309120","AY850116","Dialister micraerophilus; ADV 5155.03.","1431","0","FALSE","309120"
"HM021446","308994","HM021446","Dialister propionicifaciens","","","FALSE","308994"
"DQ130020","308994","DQ130020","Dialister propionicifaciens","","","FALSE","308994"
"HM021462","308994","HM021462","Dialister propionicifaciens","","","FALSE","308994"
"AM697483","308994","AM697483","Dialister propionicifaciens","","","FALSE","308994"
"S000478279","308994","AY850122","Dialister propionicifaciens; ADV 3202.03.","1428","0","FALSE","308994"
"AY959160","39948_2","AY959160","Dialister sp. type 2","","","FALSE","39948_2"
"AY995269","39948_2","AY995269","Dialister sp. type 2","","","FALSE","39948_2"
"GQ156995","39948_2","GQ156995","Dialister sp. type 2","","","FALSE","39948_2"
"AY959109","39948_2","AY959109","Dialister sp. type 2","","","FALSE","39948_2"
"FM872730","39948_2","FM872730","Dialister sp. type 2","","","FALSE","39948_2"
"S000392558","556","AF373173","Dickeya chrysanthemi; 340.","1412","0","FALSE","556"
"S000016620","556","AF373199","Dickeya chrysanthemi; 571.","1901","0","FALSE","556"
"S001292950","556","FJ571651","Dickeya chrysanthemi; BC2877.","1449","0","FALSE","556"
"S002951861","556","JF779683","Dickeya chrysanthemi; D4.","1444","0","FALSE","556"
"S001875333","556","GU362079","Dickeya chrysanthemi; PD 2098.","1499","0","FALSE","556"
"HM332476","84111_1","HM332476","Eggerthella sp. type 1","","","FALSE","84111_1"
"HM334671","84111_1","HM334671","Eggerthella sp. type 1","","","FALSE","84111_1"
"GQ038497","84111_1","GQ038497","Eggerthella sp. type 1","","","FALSE","84111_1"
"HM335369","84111_1","HM335369","Eggerthella sp. type 1","","","FALSE","84111_1"
"S002950532","1028307","CP002824","Enterobacter aerogenes KCTC 2190.","1554","0","FALSE","548"
"S002305518","548","HQ407222","Enterobacter aerogenes; HF10.","1431","0","FALSE","548"
"S003285393","548","JQ682628","Enterobacter aerogenes; KNUC5001.","1429","0","FALSE","548"
"S003262316","548","AB680425","Enterobacter aerogenes; NBRC 13534.","1465","1","FALSE","548"
"S002350895","548","FR773881","Enterobacter aerogenes; SS3.","1450","0","FALSE","548"
"S000381744","61646","AB004749","Enterobacter amnigenus (T); JCM1237.","1449","1","TRUE","61646"
"S003285402","61646","JQ682637","Enterobacter amnigenus; KNUC5005.","1205","1","FALSE","61646"
"S002481208","61646","HQ242724","Enterobacter amnigenus; PSB11.","1539","0","FALSE","61646"
"S002481209","61646","HQ242725","Enterobacter amnigenus; PSB12.","1540","0","FALSE","61646"
"S000690932","61646","DQ481471","Enterobacter amnigenus; VTan-10.","1424","0","FALSE","61646"
"S002236543","655817","CP001671","Escherichia coli ABU 83972.","1551","0","FALSE","562"
"S003616303","562","JX467700","Escherichia coli; 23.","1217","0","FALSE","562"
"S000604016","562","DQ182324","Escherichia coli; RW-29.","1420","0","FALSE","562"
"S000711328","562","AM184252","Escherichia coli; WAB1911.","1482","3","FALSE","562"
"S003291832","562","JQ781646","Escherichia coli; c164.","1219","0","FALSE","562"
"S002304634","39493","FR733677","Eubacterium tarantellae; type strain: DSM3997.","1497","0","FALSE","39493"
"S000399529","853","AY169427","Faecalibacterium prausnitzii","","","FALSE","853"
"S000128478","853","AJ413954","Faecalibacterium prausnitzii","","","TRUE","853"
"S000088647","853","AJ270469","Faecalibacterium prausnitzii; A2-165.","1466","0","FALSE","853"
"S002989049","853","HQ457032","Faecalibacterium prausnitzii; HTF-60C.","1405","0","FALSE","853"
"S002989048","853","HQ457031","Faecalibacterium prausnitzii; HTF-I.","1308","3","FALSE","853"
"S000995075","334413","AP008971","Finegoldia magna ATCC 29328.","1525","0","FALSE","1260"
"S000319464","1260","AB109770","Finegoldia magna; ATCC 29328.","1525","0","FALSE","1260"
"S002949622","1260","AB640691","Finegoldia magna; JCM 1766.","1483","0","FALSE","1260"
"S003264872","1260","AB691574","Finegoldia magna; JCM 6491.","1483","0","FALSE","1260"
"S003618201","29533","JX657047","Flavobacterium pectinovorum; DSM 36368.","1263","3","FALSE","29533"
"S003262894","29533","AB681003","Flavobacterium pectinovorum; NBRC 15945.","1439","8","FALSE","29533"
"S000979153","29533","AM921624","Flavobacterium pectinovorum; PhyCEm-99.","1471","0","FALSE","29533"
"S000643553","29533","AM230490","Flavobacterium pectinovorum; type strain: DSM 6368.","1550","0","FALSE","29533"
"S000643555","29536","AM230492","Flavobacterium succinicans (T); type strain: DSM 4002.","1501","0","TRUE","29536"
"S003618237","29536","JX657083","Flavobacterium succinicans; ICM 23.","1256","1","FALSE","29536"
"S003618236","29536","JX657082","Flavobacterium succinicans; ICM 64W.","1249","1","FALSE","29536"
"S000126816","134605","AJ295750","Fusobacterium equinum (T); horse; VPB 4027.","1472","0","TRUE","134605"
"S002949615","134605","AB639144","Fusobacterium equinum; JCM 11174.","1469","0","FALSE","134605"
"S000326484","230133","AY278616","Fusobacterium genomosp. C1; C4AKM080.","1441","0","FALSE","230133"
"S000326485","230134","AY278617","Fusobacterium genomosp. C2; C4AKM033.","1441","0","FALSE","230134"
"JF205208","849","JF205208","Fusobacterium gonidiaformans","","","FALSE","849"
"JF205390","849","JF205390","Fusobacterium gonidiaformans","","","FALSE","849"
"JF199569","849","JF199569","Fusobacterium gonidiaformans","","","FALSE","849"
"EU189011","849","EU189011","Fusobacterium gonidiaformans","","","FALSE","849"
"JF205271","849","JF205271","Fusobacterium gonidiaformans","","","FALSE","849"
"S002234726","77917","HQ223106","Fusobacterium naviforme.","1473","1","FALSE","77917"
"S000129151","77917","AJ006965","Fusobacterium naviforme; DMS 20699, NCTC 11464.","1456","0","FALSE","77917"
"S001890409","851","GU412302","Fusobacterium nucleatum","","","FALSE","851"
"S001243312","851","FJ471664","Fusobacterium nucleatum","","","FALSE","851"
"S001886032","851","GU407925","Fusobacterium nucleatum","","","FALSE","851"
"S001574342","851","FJ471648","Fusobacterium nucleatum subsp. nucleatum; ChDC F218.","1428","0","FALSE","851"
"S002908092","851","HM347079","Fusobacterium nucleatum subsp. nucleatum; WAL 10126.","1352","3","FALSE","851"
"S002034921","860","GU561359","Fusobacterium periodonticum","","","FALSE","860"
"S001574344","860","FJ471670","Fusobacterium periodonticum","","","FALSE","860"
"S001243314","860","FJ471667","Fusobacterium periodonticum; ChDC F260.","1428","0","FALSE","860"
"S000367143","860","AJ810271","Fusobacterium periodonticum; KP-F10.","1344","0","FALSE","860"
"S002908071","860","HM347058","Fusobacterium periodonticum; WAL 10061.","1389","3","FALSE","860"
"S002287194","2702","CP001849","Gardnerella vaginalis","","","FALSE","2702"
"S002233780","2702","HQ114564","Gardnerella vaginalis","","","FALSE","2702"
"S002353137","2702","HQ641662","Gardnerella vaginalis","","","FALSE","2702"
"S000436355","2702","M58744","Gardnerella vaginalis (T).","1477","12","TRUE","2702"
"S002933245","1009464","CP002725","Gardnerella vaginalis HMP9231.","1475","0","FALSE","2702"
"S002225454","1379","HM103934","Gemella haemolysans","","","FALSE","1379"
"S000414422","1379","L14326","Gemella haemolysans","","","TRUE","1379"
"S002449778","1379","JF803540","Gemella haemolysans; M347.","1432","0","FALSE","1379"
"S002225451","1379","HM103931","Gemella haemolysans; NTUH_1465.","1397","0","FALSE","1379"
"S002034969","1379","GU561407","Gemella haemolysans; TG5.","1438","1","FALSE","1379"
"GQ179693","502393","GQ179693","Gemella sp. WAL 1945J","","","FALSE","502393"
"AY995244","502393","AY995244","Gemella sp. WAL 1945J","","","FALSE","502393"
"EU427463","502393","EU427463","Gemella sp. WAL 1945J","","","FALSE","502393"
"HM335211","502393","HM335211","Gemella sp. WAL 1945J","","","FALSE","502393"
"S000925838","374930","CP000671","Haemophilus influenzae PittEE.","1541","0","FALSE","727"
"S001263291","727","AB377158","Haemophilus influenzae; GTC 00905.","1311","0","FALSE","727"
"S000573596","727","AY613493","Haemophilus influenzae; M10126.","1538","3","FALSE","727"
"S002955489","727","JN227803","Haemophilus influenzae; M19162.","1462","9","FALSE","727"
"S000943591","727","EU185487","Haemophilus influenzae; Q32.9.","1376","0","FALSE","727"
"S000903366","729","EU083530","Haemophilus parainfluenzae","","","FALSE","729"
"S002034984","729","GU561422","Haemophilus parainfluenzae","","","FALSE","729"
"S000408710","729","AY365452","Haemophilus parainfluenzae; 212335.","1275","1","FALSE","729"
"S002410004","729","HQ680853","Haemophilus parainfluenzae; 51150.","1388","0","FALSE","729"
"S001418342","729","FJ939587","Haemophilus parainfluenzae; PN118.","1362","6","FALSE","729"
"S000245507","249188","AJ290755","Haemophilus pittmaniae","","","TRUE","249188"
"S000245252","249188","AJ290754","Haemophilus pittmaniae","","","FALSE","249188"
"S001417189","645512","FJ577258","Jonquetella anthropi E3_33 E1.","1492","0","FALSE","428712"
"S001576553","428712","GQ258963","Jonquetella anthropi; ADV795.","1428","0","FALSE","428712"
"S001873455","573","GQ259887","Klebsiella pneumoniae; 211.","1503","0","FALSE","573"
"S001874806","573","GU339298","Klebsiella pneumoniae; EH73.","1498","0","FALSE","573"
"S000981209","573","EU352755","Klebsiella pneumoniae; NK 2.bp-1.","1505","0","FALSE","573"
"S002408297","573","FR828818","Klebsiella pneumoniae; S1.","1421","0","FALSE","573"
"S000651753","573","DQ379507","Klebsiella pneumoniae; TSL-4.","1426","6","FALSE","573"
"S002289319","640131","CP001891","Klebsiella variicola At-22.","1541","0","FALSE","244366"
"S002290631","640131","CP001891","Klebsiella variicola At-22.","1545","0","FALSE","244366"
"S002289542","640131","CP001891","Klebsiella variicola At-22.","1541","0","FALSE","244366"
"S002305548","244366","HQ407252","Klebsiella variicola; G76.","1522","0","FALSE","244366"
"S002958893","244366","JN644499","Klebsiella variicola; M16_1A.","1501","0","FALSE","244366"
"S003301303","71999","JX077104","Kocuria palustris; +Y113.","1430","0","FALSE","71999"
"S000980797","71999","EU333883","Kocuria palustris; K01-18.","1426","0","FALSE","71999"
"S002444209","71999","HQ256825","Kocuria palustris; PDD-31b-3.","1385","0","FALSE","71999"
"S002966007","71999","JQ085396","Kocuria palustris; RB-107.","1496","0","FALSE","71999"
"S002988470","71999","HQ224607","Kocuria palustris; SGb346.","1423","14","FALSE","71999"
"S000965184","272621","CP000033","Lactobacillus acidophilus NCFM.","1572","0","FALSE","1579"
"S000528832","272621","CP000033","Lactobacillus acidophilus NCFM.","1572","0","FALSE","1579"
"S002165649","1579","GU454851","Lactobacillus acidophilus; 821-1.","1407","0","FALSE","1579"
"S002449053","1579","JF714945","Lactobacillus acidophilus; IBS1101.","1508","9","FALSE","1579"
"S002226325","1579","HM162411","Lactobacillus acidophilus; JCM_1132.","1453","0","FALSE","1579"
"S002350088","695560","CP002338","Lactobacillus amylovorus GRL 1112.","1575","0","FALSE","1604"
"S000926248","1604","EF120368","Lactobacillus amylovorus; LAB2.","1559","0","FALSE","1604"
"S001792805","1604","AB425915","Lactobacillus amylovorus; TB-A08.","1488","0","FALSE","1604"
"S000870728","147810","AB326355","Lactobacillus aviarius subsp. aviarius; NBRC 102162.","1488","1","FALSE","1606"
"S000381646","1606","AB001837","Lactobacillus aviarius.","1510","0","FALSE","1606"
"S000381645","1606","AB001836","Lactobacillus aviarius.","1510","0","FALSE","1606"
"S000841428","1606","AB175729","Lactobacillus aviarius; LAV4.","1509","0","FALSE","1606"
"S000841429","1606","AB175730","Lactobacillus aviarius; LAV5.","1509","0","FALSE","1606"
"S000389883","47770","AF243141","Lactobacillus crispatus","","","FALSE","47770"
"S002287472","748671","FN692037","Lactobacillus crispatus ST1.","1564","0","FALSE","47770"
"S001094801","47770","DQ316397","Lactobacillus crispatus; 6L07.","1493","0","FALSE","47770"
"S000389914","47770","AF243172","Lactobacillus crispatus; TL25a.","1509","0","FALSE","47770"
"S000389916","47770","AF243174","Lactobacillus crispatus; TL35.","1509","0","FALSE","47770"
"S002411664","767455","CP002341","Lactobacillus delbrueckii subsp. bulgaricus ND02.","1561","0","FALSE","1584"
"S002153542","1585","HM058992","Lactobacillus delbrueckii subsp. bulgaricus; G77-3.","1468","3","FALSE","1584"
"S002152785","1585","HM058235","Lactobacillus delbrueckii subsp. bulgaricus; MGB73-4.","1496","2","FALSE","1584"
"S002153043","1585","HM058493","Lactobacillus delbrueckii subsp. bulgaricus; MGD6-5.","1446","0","FALSE","1584"
"S003261964","29397","AB680073","Lactobacillus delbrueckii subsp. lactis; NBRC 3376.","1489","4","FALSE","1584"
"S000003126","88164","Y18654","Lactobacillus fornicalis (T); TV1018.","1421","1","TRUE","88164"
"S000246585","52242","AJ417737","Lactobacillus gallinarum (T); ATCC 33199.","1546","0","TRUE","52242"
"S000824736","52242","EF412984","Lactobacillus gallinarum; I16.","1531","0","FALSE","52242"
"S000824737","52242","EF412985","Lactobacillus gallinarum; I26.","1529","0","FALSE","52242"
"S000978736","52242","AB008208","Lactobacillus gallinarum; YIT 0218 (= JCM 2011).","1532","0","FALSE","52242"
"S000735361","324831","CP000413","Lactobacillus gasseri ATCC 33323.","1579","0","FALSE","1596"
"S000389886","1596","AF243144","Lactobacillus gasseri; BLB1b.","1521","0","FALSE","1596"
"S003314829","1596","JQ805634","Lactobacillus gasseri; IMAUFB014; XZ45-6.","1613","0","FALSE","1596"
"S003314832","1596","JQ805637","Lactobacillus gasseri; IMAUFB017; XZ46-2.","1609","0","FALSE","1596"
"S003314864","1596","JQ805669","Lactobacillus gasseri; IMAUFB051; GX24-3.","1490","0","FALSE","1596"
"S000942615","1587","EU130905","Lactobacillus helveticus; B2401.","1448","0","FALSE","1587"
"S001329877","1587","FJ749441","Lactobacillus helveticus; IMAU50040; YN19-3-1.","1407","0","FALSE","1587"
"S001418068","1587","FJ915663","Lactobacillus helveticus; IMAU60218; XZ10403.","1489","0","FALSE","1587"
"S001352688","1587","FJ861107","Lactobacillus helveticus; KLDS 1.0643.","1449","0","FALSE","1587"
"S002227353","1587","HM218036","Lactobacillus helveticus; NM6-2.","1481","0","FALSE","1587"
"S002304466","1203033","FR681902","Lactobacillus hominis; CRBIP 24.179.","1718","0","FALSE","1203033"
"AY959156","147802","AY959156","Lactobacillus iners","","","FALSE","147802"
"EF682871","147802","EF682871","Lactobacillus iners","","","FALSE","147802"
"S001910616","147802","Y16329","Lactobacillus iners","","","TRUE","147802"
"AY959051","147802","AY959051","Lactobacillus iners","","","FALSE","147802"
"AY959087","147802","AY959087","Lactobacillus iners","","","FALSE","147802"
"S000389885","109790","AF243143","Lactobacillus jensenii","","","FALSE","109790"
"S000389904","109790","AF243162","Lactobacillus jensenii","","","FALSE","109790"
"S001096711","109790","EU559601","Lactobacillus jensenii","","","FALSE","109790"
"S001096707","109790","EU559597","Lactobacillus jensenii","","","FALSE","109790"
"S000389901","109790","AF243159","Lactobacillus jensenii; KC36b.","1511","0","FALSE","109790"
"S000566913","33959","AB186322","Lactobacillus johnsonii; DLM 1701.","1420","0","FALSE","33959"
"S001153559","33959","EU780913","Lactobacillus johnsonii; IG9.","1445","0","FALSE","33959"
"S002353113","33959","HQ641209","Lactobacillus johnsonii; Sun.","1458","1","FALSE","33959"
"S001792811","33959","AB425921","Lactobacillus johnsonii; TB-B15 (= KK21).","1471","0","FALSE","33959"
"S000995982","33959","EU381128","Lactobacillus johnsonii; ls57.","1429","0","FALSE","33959"
"S002950596","491077","CP002844","Lactobacillus reuteri SD2112.","1564","0","FALSE","1598"
"S001794689","1598","GU191837","Lactobacillus reuteri; BR11.","1311","0","FALSE","1598"
"S002448545","1598","JF681123","Lactobacillus reuteri; CS 132.","1471","2","FALSE","1598"
"S002914391","1598","JF927774","Lactobacillus reuteri; LET 210.","1452","0","FALSE","1598"
"S000995976","1598","EU381122","Lactobacillus reuteri; ls21.","1433","0","FALSE","1598"
"S003314817","1623","JQ805622","Lactobacillus ruminis; IMAUFB002; XZ5-9.","1601","0","FALSE","1623"
"S003314820","1623","JQ805625","Lactobacillus ruminis; IMAUFB005; XZ20-8.","1607","0","FALSE","1623"
"S003314824","1623","JQ805629","Lactobacillus ruminis; IMAUFB009; XZ28-1.","1602","0","FALSE","1623"
"S003314827","1623","JQ805632","Lactobacillus ruminis; IMAUFB012; XZ34-6.","1608","0","FALSE","1623"
"S001792816","1623","AB425926","Lactobacillus ruminis; TB-D20.","1485","2","FALSE","1623"
"S000566931","1624","AB186340","Lactobacillus salivarius; DLS 0811.","1498","0","FALSE","1624"
"S001611246","1624","FJ751779","Lactobacillus salivarius; DSPV 322T.","1457","0","FALSE","1624"
"S003291871","1624","JQ801704","Lactobacillus salivarius; FK11-2.","1428","0","FALSE","1624"
"S000547323","1624","AY389804","Lactobacillus salivarius; RA2105.","1523","0","FALSE","1624"
"S003617473","1624","JX523998","Lactobacillus salivarius; ZJ666.","1447","0","FALSE","1624"
"S000979638","446044","EF187258","Lactobacillus sp. AD102.","1448","0","FALSE","446044"
"S001016089","508451","EU487512","Lactobacillus taiwanensis (T); BCRC 17755.","1526","0","TRUE","508451"
"S001240636","1633","EU547312","Lactobacillus vaginalis","","","FALSE","1633"
"S001589388","1633","GQ422709","Lactobacillus vaginalis","","","FALSE","1633"
"S002235418","1633","HQ293066","Lactobacillus vaginalis","","","FALSE","1633"
"S000542977","1633","AB158768","Lactobacillus vaginalis; AC811103.","1502","4","FALSE","1633"
"S001792824","1633","AB425934","Lactobacillus vaginalis; TB-F28.","1473","0","FALSE","1633"
"S000326490","230139","AY278622","Megasphaera genomosp. C1; C3MLM013.","1525","0","FALSE","230139"
"GQ037614","906_1","GQ037614","Megasphaera sp. type 1","","","FALSE","906_1"
"AY995254","906_1","AY995254","Megasphaera sp. type 1","","","FALSE","906_1"
"AY958804","906_1","AY958804","Megasphaera sp. type 1","","","FALSE","906_1"
"AM697092","906_1","AM697092","Megasphaera sp. type 1","","","FALSE","906_1"
"DQ666099","906_2","DQ666099","Megasphaera sp. type 2","","","FALSE","906_2"
"AY995255","906_2","AY995255","Megasphaera sp. type 2","","","FALSE","906_2"
"S002289647","666681","CP002056","Methylotenera sp. 301.","1538","0","FALSE","1055487"
"S000148552","2051","AJ576085","Mobiluncus curtisii","","","FALSE","2051"
"S000149189","2051","AJ576084","Mobiluncus curtisii","","","FALSE","2051"
"S002288122","548479","CP001992","Mobiluncus curtisii ATCC 43063.","1540","0","FALSE","2051"
"S000126686","144178","AJ318409","Mobiluncus curtisii subsp. holmesii; CCUG 17762T.","1500","4","FALSE","2051"
"S000148551","2052","AJ576080","Mobiluncus mulieris","","","FALSE","2052"
"S000147840","2052","AJ576081","Mobiluncus mulieris","","","FALSE","2052"
"S000148041","2052","AJ576077","Mobiluncus mulieris; CCUG 22332.","1490","0","FALSE","2052"
"S000431597","371674","AF527773","Moryella indoligenes","","","FALSE","371674"
"S000650082","371674","DQ377946","Moryella indoligenes","","","FALSE","371674"
"S000007585","2098","M96660","Mycoplasma hominis","","","FALSE","2098"
"S000005514","2098","AJ002268","Mycoplasma hominis","","","FALSE","2098"
"S000414306","484","L06168","Neisseria flavescens (T).","1486","14","TRUE","484"
"S002449742","484","JF803496","Neisseria flavescens; C112.","1371","0","FALSE","484"
"S000016075","484","AJ239280","Neisseria flavescens; LNP444.","1355","0","FALSE","484"
"S002034979","484","GU561417","Neisseria flavescens; TTE16.","1425","0","FALSE","484"
"S000388133","485","AF146369","Neisseria gonorrhoeae","","","FALSE","485"
"S002354985","485","GU395611","Neisseria gonorrhoeae","","","FALSE","485"
"S002350270","940296","CP002440","Neisseria gonorrhoeae TCDC-NG08107.","1553","0","FALSE","485"
"S000011616","33053","AJ239295","Neisseria perflava; U15.","1355","0","FALSE","33053"
"S000395208","28449","AF479577","Neisseria subflava","","","FALSE","28449"
"S000395209","28449","AF479578","Neisseria subflava","","","FALSE","28449"
"S001352164","28449","FJ823143","Neisseria subflava","","","FALSE","28449"
"S002034980","28449","GU561418","Neisseria subflava","","","FALSE","28449"
"S000414479","28118","L16496","Odoribacter splanchnicus (T).","1467","9","TRUE","28118"
"S002950270","709991","CP002544","Odoribacter splanchnicus DSM 20712.","1512","0","FALSE","28118"
"S002950272","709991","CP002544","Odoribacter splanchnicus DSM 20712.","1512","0","FALSE","28118"
"S001046001","28118","EU728709","Odoribacter splanchnicus; DJF_B089.","1477","1","FALSE","28118"
"S002235831","28118","AB547649","Odoribacter splanchnicus; JCM 15291.","1485","0","FALSE","28118"
"S002150750","43678","AB562466","Oerskovia enterophila; CG30(2)-2.","1468","0","FALSE","43678"
"S002917731","162169","JN257093","Oerskovia jenensis; Ag17.","1397","0","FALSE","162169"
"S000090343","162169","AJ314850","Oerskovia jenensis; DSM 46097.","1496","0","FALSE","162169"
"S000141070","33033","AY323523","Parvimonas micra","","","TRUE","33033"
"S000768453","33033","AM176524","Parvimonas micra","","","FALSE","33033"
"S000768467","33033","AM176538","Parvimonas micra","","","FALSE","33033"
"S000768460","33033","AM176531","Parvimonas micra","","","FALSE","33033"
"S000768462","33033","AM176533","Parvimonas micra; gpac135.","1447","0","FALSE","33033"
"S000389443","123812","AF224297","Pasteurella multocida subsp. gallicida; MCCM 00021.","1537","1","FALSE","747"
"S003305920","584721","CP001409","Pasteurella multocida subsp. multocida str. 3480.","1492","0","FALSE","747"
"S000622328","44283","DQ286928","Pasteurella multocida subsp. multocida; PM75.","1468","0","FALSE","747"
"S000464926","44283","AY683485","Pasteurella multocida subsp. multocida; W819.","1414","0","FALSE","747"
"S002916107","747","JN092614","Pasteurella multocida; FFL29.","1416","0","FALSE","747"
"S002166682","755172","GU938836","Peptoniphilus coxii; RMA 16757.","1465","0","FALSE","755172"
"S001016323","507750","EU526290","Peptoniphilus duerdenii","","","FALSE","507750"
"HM324462","54005","HM324462","Peptoniphilus harei","","","FALSE","54005"
"HM021422","54005","HM021422","Peptoniphilus harei","","","FALSE","54005"
"HM257445","54005","HM257445","Peptoniphilus harei","","","FALSE","54005"
"FJ557959","33031","FJ557959","Peptoniphilus lacrimalis","","","FALSE","33031"
"JF206128","33031","JF206128","Peptoniphilus lacrimalis","","","FALSE","33031"
"S000432296","33031","AF542230","Peptoniphilus lacrimalis","","","TRUE","33031"
"GQ004065","33031","GQ004065","Peptoniphilus lacrimalis","","","FALSE","33031"
"S000995185","33031","D14141","Peptoniphilus lacrimalis; JCM 8139; GIFU 7667.","1373","4","FALSE","33031"
"S000404362","54005","AY244779","Peptoniphilus sp. 2002-2300004","","","FALSE","54005"
"S000404361","54005","AY244778","Peptoniphilus sp. 2002-38328","","","FALSE","54005"
"S000140702","1261","AY326462","Peptostreptococcus anaerobius","","","TRUE","1261"
"S000414263","1261","L04168","Peptostreptococcus anaerobius; ATCC 27337.","1462","9","FALSE","1261"
"S002949619","1261","AB640688","Peptostreptococcus anaerobius; JCM 1470.","1479","0","FALSE","1261"
"S001879390","341694","GU401283","Peptostreptococcus stomatis","","","FALSE","341694"
"S001589391","341694","GQ422715","Peptostreptococcus stomatis","","","FALSE","341694"
"HM312238","28123","HM312238","Porphyromonas asaccharolytica","","","FALSE","28123"
"JF220746","28123","JF220746","Porphyromonas asaccharolytica","","","FALSE","28123"
"GQ037690","28123","GQ037690","Porphyromonas asaccharolytica","","","FALSE","28123"
"HM248360","28123","HM248360","Porphyromonas asaccharolytica","","","FALSE","28123"
"S003264721","28123","AB686660","Porphyromonas asaccharolytica; JCM 6323.","1490","0","FALSE","28123"
"S002236289","501496","AB588020","Porphyromonas bennonis","","","FALSE","501496"
"S000996242","501496","EU414673","Porphyromonas bennonis","","","TRUE","501496"
"JF177162","2_1","JF177162","Porphyromonas sp. type 1","","","FALSE","2_1"
"JF168342","2_1","JF168342","Porphyromonas sp. type 1","","","FALSE","2_1"
"GQ038595","2_1","GQ038595","Porphyromonas sp. type 1","","","FALSE","2_1"
"GQ038594","2_1","GQ038594","Porphyromonas sp. type 1","","","FALSE","2_1"
"JF177080","2_1","JF177080","Porphyromonas sp. type 1","","","FALSE","2_1"
"S002235850","281920","AB547668","Porphyromonas uenonis","","","FALSE","281920"
"S001589407","281920","GQ422746","Porphyromonas uenonis; F0120.","1508","0","FALSE","281920"
"GQ037669","419005","GQ037669","Prevotella amnii","","","FALSE","419005"
"GQ038589","419005","GQ038589","Prevotella amnii","","","FALSE","419005"
"HM334681","419005","HM334681","Prevotella amnii","","","FALSE","419005"
"GQ038757","419005","GQ038757","Prevotella amnii","","","FALSE","419005"
"S002235852","419005","AB547670","Prevotella amnii; JCM 14753.","1491","0","FALSE","419005"
"S002235854","242750","AB547672","Prevotella bergensis","","","FALSE","242750"
"S000407967","242750","AY350613","Prevotella bergensis","","","TRUE","242750"
"S002963253","242750","JN867239","Prevotella bergensis; SEQ073.","1439","4","FALSE","242750"
"S002963310","242750","JN867296","Prevotella bergensis; SEQ221.","1431","7","FALSE","242750"
"GQ043840","28125","GQ043840","Prevotella bivia","","","FALSE","28125"
"S000414458","28125","L16475","Prevotella bivia (T).","1471","10","TRUE","28125"
"S002963263","28125","JN867249","Prevotella bivia; SEQ173.","1419","8","FALSE","28125"
"S002963279","28125","JN867265","Prevotella bivia; SEQ190.","1409","4","FALSE","28125"
"S002963288","28125","JN867274","Prevotella bivia; SEQ199.","1431","2","FALSE","28125"
"AY738685","28127","AY738685","Prevotella buccalis","","","FALSE","28127"
"HM021541","28127","HM021541","Prevotella buccalis","","","FALSE","28127"
"S002235858","28127","AB547676","Prevotella buccalis","","","FALSE","28127"
"S002963240","28127","JN867226","Prevotella buccalis; SEQ057.","1334","3","FALSE","28127"
"S002963257","28127","JN867243","Prevotella buccalis; SEQ077.","1335","9","FALSE","28127"
"S000768314","165179","AB064923","Prevotella copri (T); CB7.","1494","10","TRUE","165179"
"S000768319","165179","AB244771","Prevotella copri; CB23.","1493","14","FALSE","165179"
"S002949853","165179","AB649279","Prevotella copri; JCM 13464.","1493","4","FALSE","165179"
"S002235859","28128","AB547677","Prevotella corporis","","","FALSE","28128"
"S000414448","28128","L16465","Prevotella corporis (T).","1473","8","TRUE","28128"
"S002963266","28128","JN867252","Prevotella corporis; SEQ176.","1410","3","FALSE","28128"
"S002963269","28128","JN867255","Prevotella corporis; SEQ179.","1409","0","FALSE","28128"
"S002963285","28128","JN867271","Prevotella corporis; SEQ196.","1429","5","FALSE","28128"
"S000414466","28130","L16483","Prevotella disiens","","","TRUE","28130"
"S002235864","28130","AB547682","Prevotella disiens; JCM 6334.","1492","0","FALSE","28130"
"S002963241","28130","JN867227","Prevotella disiens; SEQ058.","1436","5","FALSE","28130"
"S002963267","28130","JN867253","Prevotella disiens; SEQ177.","1403","5","FALSE","28130"
"S002963313","28130","JN867299","Prevotella disiens; SEQ226.","1415","4","FALSE","28130"
"GQ038531","838_3","GQ038531","Prevotella genogroup 3","","","FALSE","838_3"
"GQ038510","838_3","GQ038510","Prevotella genogroup 3","","","FALSE","838_3"
"GQ038490","838_3","GQ038490","Prevotella genogroup 3","","","FALSE","838_3"
"GQ047258","838_3","GQ047258","Prevotella genogroup 3","","","FALSE","838_3"
"GQ038579","838_3","GQ038579","Prevotella genogroup 3","","","FALSE","838_3"
"GQ037619","838_4","GQ037619","Prevotella genogroup 4","","","FALSE","838_4"
"GQ047174","838_4","GQ047174","Prevotella genogroup 4","","","FALSE","838_4"
"GQ038549","838_4","GQ038549","Prevotella genogroup 4","","","FALSE","838_4"
"AY738706","838_4","AY738706","Prevotella genogroup 4","","","FALSE","838_4"
"AY738700","838_4","AY738700","Prevotella genogroup 4","","","FALSE","838_4"
"EU188947","838_7","EU188947","Prevotella genogroup 7","","","FALSE","838_7"
"JF193405","838_7","JF193405","Prevotella genogroup 7","","","FALSE","838_7"
"HM331070","838_7","HM331070","Prevotella genogroup 7","","","FALSE","838_7"
"JF175464","838_7","JF175464","Prevotella genogroup 7","","","FALSE","838_7"
"HM330897","838_7","HM330897","Prevotella genogroup 7","","","FALSE","838_7"
"S001331333","28132","FJ792538","Prevotella melaninogenica","","","FALSE","28132"
"S002290137","28132","CP002123","Prevotella melaninogenica","","","FALSE","28132"
"S002034909","28132","GU561347","Prevotella melaninogenica","","","FALSE","28132"
"S002034908","28132","GU561346","Prevotella melaninogenica","","","FALSE","28132"
"S002963309","28132","JN867295","Prevotella melaninogenica; SEQ220.","1432","3","FALSE","28132"
"HM021511","386414","HM021511","Prevotella timonensis","","","FALSE","386414"
"AY959212","386414","AY959212","Prevotella timonensis","","","FALSE","386414"
"S002235888","386414","AB547706","Prevotella timonensis; JCM 15640.","1493","0","FALSE","386414"
"S002963238","386414","JN867224","Prevotella timonensis; SEQ055.","1398","4","FALSE","386414"
"S002963335","386414","JN867321","Prevotella timonensis; SEQ251.","1416","3","FALSE","386414"
"S000966309","129817","EU169146","Pseudomonas brenneri; B46.","1364","0","FALSE","129817"
"S000966335","129817","EU169172","Pseudomonas brenneri; B6.","1407","0","FALSE","129817"
"S001152167","129817","AM933521","Pseudomonas brenneri; FB30.","1483","0","FALSE","129817"
"S002989362","129817","HQ824858","Pseudomonas brenneri; KOPRI 25583.","1401","0","FALSE","129817"
"S001243060","129817","FJ460356","Pseudomonas brenneri; NANO-8.","1243","0","FALSE","129817"
"S000994802","417620","AM421016","Pseudomonas collierea; type strain: PR212.","1498","0","FALSE","417620"
"S000824936","294","EF424136","Pseudomonas fluorescens; 29L.","1295","0","FALSE","294"
"S000966342","294","EU169179","Pseudomonas fluorescens; B73.","1367","0","FALSE","294"
"S000768733","294","DQ207731","Pseudomonas fluorescens; CCM 2115; ATCC13525.","1520","0","FALSE","294"
"S001794863","294","GU198105","Pseudomonas fluorescens; LMG 5168.","1502","1","FALSE","294"
"S002952575","294","JF706526","Pseudomonas fluorescens; PDD-36b-5.","1405","0","FALSE","294"
"S003302214","104087","JX122156","Pseudomonas frederiksbergensis; 37.","1386","0","FALSE","104087"
"S002958454","104087","JN628033","Pseudomonas frederiksbergensis; B4.","1440","0","FALSE","104087"
"S000966321","104087","EU169158","Pseudomonas frederiksbergensis; B62.","1407","0","FALSE","104087"
"S002989560","104087","HQ825056","Pseudomonas frederiksbergensis; KOPRI 25933.","1405","0","FALSE","104087"
"S000444571","104087","AY785733","Pseudomonas frederiksbergensis; OUCZ24.","1468","0","FALSE","104087"
"S003302217","163011","JX122159","Pseudomonas lini; 40.","1384","0","FALSE","163011"
"S003302194","163011","JX122136","Pseudomonas lini; 48.","1337","0","FALSE","163011"
"S003302222","163011","JX122164","Pseudomonas lini; B5.","1350","0","FALSE","163011"
"S000967056","163011","EU221401","Pseudomonas lini; H2P2.","1414","0","FALSE","163011"
"S000650065","163011","DQ377756","Pseudomonas lini; PD 15.","1404","0","FALSE","163011"
"S000966322","75612","EU169159","Pseudomonas mandelii; B61.","1404","0","FALSE","75612"
"S003611787","75612","HF545330","Pseudomonas mandelii; GIL54.","1498","0","FALSE","75612"
"S002481235","75612","HQ242751","Pseudomonas mandelii; PSB38.","1543","0","FALSE","75612"
"S002481236","75612","HQ242752","Pseudomonas mandelii; PSB39.","1454","0","FALSE","75612"
"S002234525","75612","HQ202854","Pseudomonas mandelii; T-30.","1436","0","FALSE","75612"
"S003304553","78543","JX417447","Pseudomonas migulae; 29.","1454","0","FALSE","78543"
"S000859837","78543","EF528261","Pseudomonas migulae; AE2.","1528","1","FALSE","78543"
"S001292592","78543","EU111725","Pseudomonas migulae; CT14.","1608","0","FALSE","78543"
"S002955592","78543","JN228313","Pseudomonas migulae; D2RT.","1459","0","FALSE","78543"
"S003302962","78543","JX173286","Pseudomonas migulae; S10724.","1528","0","FALSE","78543"
"S000980473","638849","EU309493","Pyramidobacter piscolens; AHN 11662.","1445","0","FALSE","638849"
"S002150809","638849","AB565480","Pyramidobacter piscolens; JCM 16336.","1484","0","FALSE","638849"
"S000401692","638849","AY207056","Pyramidobacter piscolens; P4G_18.","1478","0","FALSE","638849"
"S001019957","638849","EU379932","Pyramidobacter piscolens; W5455.","1522","3","FALSE","638849"
"S000001177","33038","X94967","Ruminococcus gnavus (T); ATCC 29149.","1481","3","TRUE","33038"
"S000436013","33038","L76597","Ruminococcus gnavus; ATCC 29149.","1423","6","FALSE","33038"
"S001588557","592978","FJ611794","Ruminococcus sp. Eg2.","1404","0","FALSE","592978"
"S000436020","33039","L76604","Ruminococcus torques (T); ATCC 27756.","1418","4","TRUE","33039"
"S000096693","40543","AJ344093","Sneathia sanguinegens","","","TRUE","40543"
"GQ043064","40543","GQ043064","Sneathia sanguinegens","","","FALSE","40543"
"JF087442","40543","JF087442","Sneathia sanguinegens","","","FALSE","40543"
"AY738659","40543","AY738659","Sneathia sanguinegens","","","FALSE","40543"
"S003279420","40543","JQ087391","Sneathia sanguinegens; CCUG 41628.","1232","0","FALSE","40543"
"S002915866","1280","JN084552","Staphylococcus aureus subsp. aureus; 366/Chen.","1431","0","FALSE","1280"
"S002230553","1280","HM559244","Staphylococcus aureus subsp. aureus; DMH 14.","1350","0","FALSE","1280"
"S003613894","1280","JX267116","Staphylococcus aureus subsp. aureus; E101.","1376","0","FALSE","1280"
"S002917765","1280","JN315150","Staphylococcus aureus subsp. aureus; GSA-410.","1279","0","FALSE","1280"
"S002961986","1280","JN831371","Staphylococcus aureus subsp. aureus; SU-BIO4.","1261","0","FALSE","1280"
"S001610254","586733","FJ389206","Staphylococcus devriesei (T); KS-SP_60.","1537","0","TRUE","586733"
"S001610245","586733","FJ389197","Staphylococcus devriesei; KS-SDV_19.","1543","0","FALSE","586733"
"S003301190","1282","JX067904","Staphylococcus epidermidis; -Y76.","1453","0","FALSE","1282"
"S000995899","1282","EU379246","Staphylococcus epidermidis; 1RN-2A1.","1434","0","FALSE","1282"
"S002955053","1282","JN175361","Staphylococcus epidermidis; ECNU-UD1.","1431","4","FALSE","1282"
"S003300938","1282","JX045648","Staphylococcus epidermidis; RS105.","1504","0","FALSE","1282"
"S002227184","1282","HM216570","Staphylococcus epidermidis; m030608b.","1227","0","FALSE","1282"
"S002353295","1311","HQ658086","Streptococcus agalactiae","","","FALSE","1311"
"S000540301","211110","AL766844","Streptococcus agalactiae NEM316.","1409","0","FALSE","1311"
"S002353298","1311","HQ658089","Streptococcus agalactiae; GY105.","1456","0","FALSE","1311"
"S003298612","1311","JQ910927","Streptococcus agalactiae; HN0204.","1452","0","FALSE","1311"
"S002447337","1311","JF423946","Streptococcus agalactiae; HN0302.","1491","0","FALSE","1311"
"S001046068","29389","EU728776","Streptococcus alactolyticus; DJF_VP45.","1501","0","FALSE","29389"
"S003615683","29389","JX435470","Streptococcus alactolyticus; FGM.","1510","0","FALSE","29389"
"S000381771","1328","AB006119","Streptococcus anginosus","","","FALSE","1328"
"S000527987","1328","AY986761","Streptococcus anginosus","","","FALSE","1328"
"S002961462","1328","JN787170","Streptococcus anginosus; CCUG 28195.","1404","0","FALSE","1328"
"S003222615","1328","JN713285","Streptococcus anginosus; OI066.","1547","0","FALSE","1328"
"S002961472","1328","JN787180","Streptococcus anginosus; SK1416.","1404","0","FALSE","1328"
"S002287233","637909","FN597254","Streptococcus gallolyticus UCN34.","1549","0","FALSE","315405"
"S000979931","53354","EU163482","Streptococcus gallolyticus subsp. gallolyticus; 847.","1491","0","FALSE","315405"
"S000979948","53354","EU163499","Streptococcus gallolyticus subsp. gallolyticus; 868.","1511","0","FALSE","315405"
"S002950051","981540","AP012054","Streptococcus gallolyticus subsp. pasteurianus ATCC 43144.","1537","0","FALSE","197614"
"S000893368","197614","EF670543","Streptococcus gallolyticus subsp. pasteurianus; 1; 9324-2.","1424","0","FALSE","197614"
"S000979924","197614","EU163475","Streptococcus gallolyticus subsp. pasteurianus; 838.","1500","0","FALSE","197614"
"S002961765","197614","JN798591","Streptococcus gallolyticus subsp. pasteurianus; GDYJ2011.","1512","0","FALSE","197614"
"S000631779","315405","AY858647","Streptococcus gallolyticus; PDH827.","1354","1","FALSE","315405"
"S000978972","315405","AB372022","Streptococcus gallolyticus; Tokushima-7.","1504","0","FALSE","315405"
"S000420024","68892","AY485603","Streptococcus infantis (T); ATCC 700779.","1468","0","TRUE","68892"
"S002166278","68892","GU907520","Streptococcus infantis; C50.","1431","0","FALSE","68892"
"S000381842","68892","AB008315","Streptococcus infantis; GTC849.","1338","1","FALSE","68892"
"S002034951","68892","GU561389","Streptococcus infantis; TTO2B.","1430","0","FALSE","68892"
"S002034950","68892","GU561388","Streptococcus infantis; TonEJ5.","1439","0","FALSE","68892"
"S000090147","33040","X81023","Streptococcus milleri; SJMC.","1450","0","FALSE","33040"
"S000405651","28037","AY281076","Streptococcus mitis","","","FALSE","28037"
"S000617862","28037","AM157420","Streptococcus mitis","","","FALSE","28037"
"S003222829","134262","JN713499","Streptococcus mitis bv. 2; 1D009.","1505","0","FALSE","28037"
"S001744705","28037","GU045387","Streptococcus mitis; KCTC 13047.","1449","0","FALSE","28037"
"S002034941","28037","GU561379","Streptococcus mitis; TonEJ2.","1438","0","FALSE","28037"
"S002034956","1303","GU561394","Streptococcus oralis","","","FALSE","1303"
"S000901720","1303","AB355617","Streptococcus oralis; ATCC 10557.","1400","0","FALSE","1303"
"S000405655","1303","AY281080","Streptococcus oralis; ATCC 700233.","1428","0","FALSE","1303"
"S000405654","1303","AY281079","Streptococcus oralis; ATCC 9811.","1428","0","FALSE","1303"
"S001744702","1303","GU045384","Streptococcus oralis; ATCC 9811.","1440","0","FALSE","1303"
"S002950580","760570","CP002843","Streptococcus parasanguinis ATCC 15912.","1536","0","FALSE","1318"
"S002166282","1318","GU907524","Streptococcus parasanguinis; C86.","1433","0","FALSE","1318"
"S002034952","1318","GU561390","Streptococcus parasanguinis; PTO10.","1432","0","FALSE","1318"
"S002034955","1318","GU561393","Streptococcus parasanguinis; PTO12.","1430","0","FALSE","1318"
"S000617863","1318","AM157421","Streptococcus parasanguinis; mother C3; 5C3.","1549","0","FALSE","1318"
"S000013971","142596","AJ297217","Streptococcus pasteuri; NEM1205, CIP 105073.","1479","0","FALSE","142596"
"S003222847","1313","JN713517","Streptococcus pneumoniae; 1E026.","1503","0","FALSE","1313"
"S002166283","1313","GU907525","Streptococcus pneumoniae; C30.","1420","0","FALSE","1313"
"S002034963","1313","GU561401","Streptococcus pneumoniae; Ejeff.","1438","0","FALSE","1313"
"S002034962","1313","GU561400","Streptococcus pneumoniae; PTO6.","1416","0","FALSE","1313"
"S000617884","1313","AM157442","Streptococcus pneumoniae; mother V4; 4V4.","1555","1","FALSE","1313"
"S000394499","1304","AF459433","Streptococcus salivarius","","","FALSE","1304"
"S002034959","1304","GU561397","Streptococcus salivarius","","","FALSE","1304"
"S000400850","1304","AY188352","Streptococcus salivarius","","","TRUE","1304"
"S001588205","1304","FJ154803","Streptococcus salivarius subsp. salivarius; CCUG 7215.","1479","0","FALSE","1304"
"S000843228","1304","EF463056","Streptococcus salivarius subsp. salivarius; RKA2.","1412","3","FALSE","1304"
"S002915096","1077464","JN004270","Streptococcus tigurinus; AZ_3a.","1476","0","FALSE","1077464"
"S000130250","192994","AJ458464","Thermoleiphilum minutum; type strain: ATCC 35268.","1458","0","FALSE","192994"
"S002234728","192994","HQ223108","Thermoleophilum minutum; YS-4.","1457","0","FALSE","192994"
"S001019519","134821","CP000942","Ureaplasma parvum","","","FALSE","134821"
"S001187424","2130","CP001184","Ureaplasma urealyticum","","","FALSE","2130"
"S000437048","2130","U06096","Ureaplasma urealyticum","","","FALSE","2130"
"S000414333","2130","L08642","Ureaplasma urealyticum; 27.","1585","0","FALSE","2130"
"S000437050","2130","U06098","Ureaplasma urealyticum; Pi (serovar 6).","1439","0","FALSE","2130"
"S000437047","2130","U06095","Ureaplasma urealyticum; U26 (serovar 14).","1438","0","FALSE","2130"
"S000608087","184870","AM084231","Varibaculum cambriense","","","FALSE","184870"
"S000433822","184870","AJ491326","Varibaculum cambriense","","","FALSE","184870"
"S001188096","184870","FJ169867","Varibaculum cambriense","","","FALSE","184870"
"S001188095","184870","FJ169866","Varibaculum cambriense","","","FALSE","184870"
"S000528125","39777","AY995768","Veillonella atypica","","","FALSE","39777"
"S002034974","39777","GU561412","Veillonella atypica","","","FALSE","39777"
"S001891797","39777","GU413690","Veillonella atypica","","","FALSE","39777"
"S000015427","39777","X84007","Veillonella atypica; DSM 20739.","1513","5","FALSE","39777"
"S000404352","187328","AY244769","Veillonella montpellierensis","","","FALSE","187328"
"S000368430","187328","AY355142","Veillonella montpellierensis","","","FALSE","187328"
"S000368429","187328","AY355141","Veillonella montpellierensis","","","FALSE","187328"
"S000395079","187328","AF473836","Veillonella montpellierensis","","","TRUE","187328"
"S000450504","187101","AY489565","[Leptotrichia] amnionii","","","FALSE","187101"
"S000806194","187101","EF218612","[Leptotrichia] amnionii","","","FALSE","187101"
"S000435063","187101","AY078425","[Leptotrichia] amnionii","","","FALSE","187101"
"S003222642","33038","JN713312","[Ruminococcus] gnavus; PP024.","1522","0","FALSE","33038"
"S002033275","33039","FP929055","[Ruminococcus] torques","","","FALSE","33039"
"S002223915","699246","GQ900633","bacterium BVAB3-Strain 3","","","FALSE","699245"
"S000429655","202789","AF487679","Actinobaculum massiliense","","","TRUE",""
"S001611182","202789","FJ390131","Actinobaculum massiliense; 203.","1218","0","FALSE",""
"S001611186","202789","FJ390135","Actinobaculum massiliense; 307.","1224","0","FALSE",""
"S001611176","202789","FJ390125","Actinobaculum massiliense; 61.","1211","0","FALSE",""
"S000134158","190146","AJ439453","Actinobaculum urinale (T); CCUG 46093T.","1488","0","TRUE",""
"S000548484","214856","AY643082","Alistipes finegoldii","","","FALSE",""
"S002165118","214856","AB554230","Alistipes finegoldii","","","FALSE",""
"S002418554","626932","AB600999","Alistipes indistinctus; JCM 16068.","1490","0","FALSE",""
"S000412462","265312","AY547271","Alistipes massiliensis; 3302398.","1466","0","FALSE",""
"S002165121","328814","AB554233","Alistipes shahii; JCM 16773.","1486","0","FALSE",""
"S000843151","239268","EF459544","Brevibacterium antarcticum; KFC-55.","1202","0","FALSE",""
"S001169703","33889","EU937752","Brevibacterium casei; JG 08; Iti 6.","1489","0","FALSE",""
"S001574548","31943","FJ652620","Brevibacterium iodinum; ATCC 15728.","1452","0","FALSE",""
"S000146755","199591","AJ488509","Brevibacterium luteolum (T); type strain: CF87.","1498","4","TRUE",""
"S000127048","170994","AJ251463","Brevibacterium paucivorans","","","TRUE",""
"S000398234","209446","AY150981","Candidatus Mycoplasma haemominutum; UK no. 2.","1424","1","FALSE",""
"S000427776","35703","AF025370","Citrobacter amalonaticus; CDC 9020-77.","1525","0","FALSE",""
"S002446154","545","HQ992945","Citrobacter koseri; LMG 5519.","1494","6","FALSE",""
"S000427775","67829","AF025369","Citrobacter murliniae (T); CDC 2970-59.","1530","0","TRUE",""
"S001793991","637910","FN543502","Citrobacter rodentium ICC168.","1542","0","FALSE",""
"S001793993","637910","FN543502","Citrobacter rodentium ICC168.","1542","0","FALSE",""
"S001350521","536232","CP001581","Clostridium botulinum A2 str. Kyoto.","1502","0","FALSE",""
"S001199663","1502","FJ384389","Clostridium perfringens; BG-C150.","1417","9","FALSE",""
"S000021696","29367","X71857","Clostridium puniceum (T); DSM 2619.","1491","3","TRUE",""
"S002236809","610130","CP002109","Clostridium saccharolyticum WM1.","1519","0","FALSE",""
"S000804915","203119","CP000568","Clostridium thermocellum (T); ATCC 27405.","1521","0","TRUE",""
"S002236693","198628","CP002038","Dickeya dadantii subsp. dadantii 3937.","1542","0","FALSE",""
"S003316372","204039","AB713561","Dickeya dianthicola; SUPP215.","1370","0","FALSE",""
"S000570099","69223","AF520710","Dickeya paradisiaca; CFBP 3477.","1417","0","FALSE",""
"S001572905","561229","CP001655","Dickeya zeae Ech1591.","1530","0","FALSE",""
"S003316357","204042","AB713546","Dickeya zeae; MAFF311098.","1370","0","FALSE",""
"S002289680","479437","CP001726","Eggerthella lenta DSM 2243.","1509","0","FALSE",""
"S002165149","84112","AB558167","Eggerthella lenta; JCM 9979.","1470","0","FALSE",""
"S000382128","84112","AB011817","Eggerthella lenta; JCM9979.","1472","1","FALSE",""
"S003290400","84112","JQ085756","Eggerthella lenta; ZL3.","1426","0","FALSE",""
"S000540527","242230","AY321958","Eggerthella sinensis (T); HKU14.","1429","0","TRUE",""
"S002226895","208962","HM194879","Escherichia albertii; KWB09-637.","1501","0","FALSE",""
"S002234579","564","HQ214033","Escherichia fergusonii; KLU01.","1298","0","FALSE",""
"S003263666","564","AB681775","Escherichia fergusonii; NBRC 102419.","1467","6","FALSE",""
"S000842716","565","EF059889","Escherichia hermannii; E895.","1418","0","FALSE",""
"S000014628","35517","Z36272","Eubacterium brachy (T); ATCC 33089; BR-179.","1500","0","TRUE",""
"S001548758","515620","CP001104","Eubacterium eligens ATCC 27750.","1520","0","FALSE",""
"S002221674","903814","CP002273","Eubacterium limosum KIST612.","1512","0","FALSE",""
"S001872327","39489","AB540985","Eubacterium moniliforme; JCM 9990.","1476","0","FALSE",""
"S002033259","657317","FP929043","Eubacterium rectale M104/1.","1521","0","FALSE",""
"S000652927","262208","AM237385","Kocuria carniphila; OS-130.","1420","5","FALSE",""
"S003258836","37923","HE663218","Kocuria kristinae; Contig_PRS_CH3_F07.","1225","0","FALSE",""
"S002949789","223184","AB648996","Kocuria marina; S32326.","1492","0","FALSE",""
"S000008149","72000","Y16264","Kocuria rhizophila (T); TA68 (DSM 11926, type strain).","1471","0","TRUE",""
"S000000426","1275","Y11330","Kocuria rosea; ATCC 187T.","1497","0","FALSE",""
"S000625483","359408","DQ287786","Methylotenera mobilis (T); JLW8.","1395","0","TRUE",""
"S002287444","583345","CP001672","Methylotenera mobilis JLW8.","1538","0","FALSE",""
"S002289393","583345","CP001672","Methylotenera mobilis JLW8.","1538","0","FALSE",""
"S001572970","583345","CP001672","Methylotenera mobilis JLW8.","1526","0","FALSE",""
"S001572972","583345","CP001672","Methylotenera mobilis JLW8.","1526","0","FALSE",""
"S003287322","1159202","CP003511","Mycoplasma gallisepticum NC06_2006.080-5-2P.","1505","0","FALSE",""
"S000388708","29501","AF178677","Mycoplasma haemofelis; Oklahoma.","1429","0","FALSE",""
"S000389405","114886","AF221117","Mycoplasma opalescens (T); MH5408(T).","1456","0","TRUE",""
"S000390274","2105","AF261730","Mycoplasma sp. 'bovine group 7'; 48.","1335","1","FALSE",""
"S000486193","283169","AY560020","Odoribacter denticanis (T); B106.","1493","0","TRUE",""
"S003222577","283169","JN713247","Odoribacter denticanis; OC024.","1517","0","FALSE",""
"S001572579","742817","AB490805","Odoribacter laneus (T); YIT 12061.","1478","1","TRUE",""
"S002235830","626933","AB547648","Odoribacter laneus; JCM 16069.","1487","0","FALSE",""
"S000368482","243701","AY362918","Pasteurella caballi (T); ATCC 49197.","1362","0","TRUE",""
"S001095280","753","EF579839","Pasteurella canis; Clin59.","1364","0","FALSE",""
"S000436681","1071947","M75052","Pasteurella oralis; CCUG 19794; B.","1486","4","FALSE",""
"S002166015","758","GU809173","Pasteurella pneumotropica; CR30.","1368","0","FALSE",""
"S000368490","761","AY362926","Pasteurella testudinis (T); CCUG 19802.","1371","0","TRUE",""
"S002350206","697329","CP002403","Ruminococcus albus 7.","1499","0","FALSE",""
"S000014675","40518","X85099","Ruminococcus bromii.","1478","0","FALSE",""
"S000002388","40519","X85100","Ruminococcus callidus.","1458","0","FALSE",""
"S000965137","1265","AM915269","Ruminococcus flavefaciens; type strain:C94=ATCC 19208.","1521","0","FALSE",""
"S000436018","46228","L76602","Ruminococcus lactaris (T); ATCC 29176.","1402","9","TRUE",""
"S003287181","630626","CP001560","Shimwellia blattae DSM 4481.","1544","0","FALSE",""
"S000130885","29539","AJ458462","Thermoleophilum album (T); type strain: ATCC 35263.","1460","0","TRUE",""
"S000128481","29539","AJ458463","Thermoleophilum album; type strain: ATCC 35266.","1457","0","FALSE",""
