"seqname","version","tax_id","accession","description","length","ambig_count","is_type","taxid_classified","species"
"S000011903","Y12329.1","59505","Y12329","Actinobaculum schaalii (T); CCUG 27420.","1485","5","True","True","59505"
"S001329487","FJ711178.1","59505","FJ711178","Actinotignum schaalii; NML 98A095.","1494","0","False","True","59505"
"S001329502","FJ711193.1","59505","FJ711193","Actinotignum schaalii; NML 080353-2.","1385","0","False","True","59505"
"S001329497","FJ711188.1","59505","FJ711188","Actinotignum schaalii; NML 070171.","1469","0","False","True","59505"
"S002446157","HQ992948.1","59505","HQ992948","Actinotignum schaalii; 34317.","1500","0","False","True","59505"
"S000000018","X78720.1","131111","X78720","Actinomyces turicensis (T); APL10.","1453","2","True","True","131111"
"S000001934","X78721.1","131111","X78721","Actinomyces turicensis; APL11.","1390","4","False","True","131111"
"S000003858","AJ234041.1","1660","AJ234041","Actinomyces odontolyticus; CCUG 28084.","1397","2","True","True","1660"
"S000005599","AJ234042.1","1660","AJ234042","Actinomyces odontolyticus; CCUG 32834.","1419","5","True","True","1660"
"S000011312","AJ234043.1","1660","AJ234043","Actinomyces odontolyticus; CCUG 32897.","1392","6","True","True","1660"
"S000014586","","33007","X71861","Actinomyces neuii","","1","FALSE","","33007"
"S000013164","AJ271894.1","114702","AJ271894","Actinomyces lingnae; CCUG 32865.","1448","1","True","True","114702"
"S000015197","","33007","X71862","Actinomyces neuii","","1","FALSE","","33007"
"S000111689","AJ540309.1","55565","AJ540309","Actinomyces graevenitzii (T); type strain: CCUG 27294.","1413","0","True","True","55565"
"S000608084","","33007","AM084228","Actinomyces neuii","","0","TRUE","","33007"
"S000608085","","33007","AM084229","Actinomyces neuii","","0","TRUE","","33007"
"S000608086","AM084230.1","66228","AM084230","Actinomyces europaeus; CCUG 32789AT.","1510","0","True","True","66228"
"S002034878","GU561316.1","1660","GU561316","Actinomyces odontolyticus; GRG1.","1417","0","False","True","1660"
"S002034880","GU561318.1","1660","GU561318","Actinomyces odontolyticus; TonEJ13.","1429","1","False","True","1660"
"S002227108","HM210084.1","131111","HM210084","Actinomyces turicensis; A35750/P1.","1346","0","False","True","131111"
"S002410859","HQ850579.1","131111","HQ850579","Actinomyces turicensis; WSB-1012.","1397","0","False","True","131111"
"S002449785","JF803550.1","55565","JF803550","Actinomyces graevenitzii; C549.","1370","0","False","True","55565"
"S000126686","AJ318409.1","144178","AJ318409","Mobiluncus curtisii subsp. holmesii; CCUG 17762T.","1500","4","True","True","2051"
"S000148552","","2051","AJ576085","Mobiluncus curtisii","","0","FALSE","","2051"
"S000149189","AJ576084.1","2051","AJ576084","Mobiluncus curtisii; CCUG 22339.","1501","0","True","True","2051"
"S004061581","CP001992.1","548479","CP001992","Mobiluncus curtisii ATCC 43063.","1540","0","True","True","2051"
"S000112115","AJ428402.1","184870","AJ428402","Varibaculum cambriense (T); CCUG 44998.","1510","0","True","True","184870"
"S001188095","","184870","FJ169866","Varibaculum cambriense","","0","FALSE","","184870"
"S001188096","","184870","FJ169867","Varibaculum cambriense","","0","FALSE","","184870"
"S001188098","FJ169869.1","184870","FJ169869","Varibaculum cambriense; M380.","1480","0","False","True","184870"
"S004085496","KJ082042.1","184870","KJ082042","Varibaculum cambriense; DNF00696.","1294","0","False","True","184870"
"S000000982","U87821.1","38288","U87821","Corynebacterium genitalium; ATCC 33034.","1442","1","True","True","38288"
"S000001309","Z97069.1","61592","Z97069","Corynebacterium durum (T); IBS G15036.","1423","1","True","True","61592"
"S000005844","U87823.1","38289","U87823","Corynebacterium jeikeium; ATCC 43734.","1466","0","True","True","38289"
"S000005846","X82064.1","38301","X82064","Corynebacterium minutissimum; NCTC 10288T.","1400","14","True","True","38301"
"S000009221","U87822.1","38303","U87822","Corynebacterium pseudogenitalium; ATCC 33035.","1448","0","True","True","38303"
"S000011560","X82054.1","38286","X82054","Corynebacterium afermentans (T); CIP 103499T.","1326","5","True","True","38286"
"S000013062","X82066.1","38302","X82066","Corynebacterium mycetoides; CIP 55.51T.","1396","2","True","True","38302"
"S000012689","X82055.1","144184","X82055","Corynebacterium afermentans (T); CIP 103500.","1325","6","True","True","38286"
"S000015684","X82060.1","28028","X82060","Corynebacterium flavescens; CIP 69.5T.","1409","7","True","True","28028"
"S000016131","Y10999.1","161899","Y10999","Corynebacterium singulare (T); IBS B52218; CCUG 37330.","1323","2","True","True","161899"
"S000084047","Y11200.1","57171","Y11200","Corynebacterium mucifaciens (T); DMMZ 2278.","1459","3","True","True","57171"
"S000083753","X96497.1","53374","X96497","Corynebacterium coyleae (T); type strain: DSM 44184 = CCUG 35014 = DMMZ 214.","1483","7","True","True","53374"
"S000116241","AJ429234.1","185761","AJ429234","Corynebacterium spheniscorum (T); CCUG 45512T.","1414","0","True","True","185761"
"S000126596","AJ438041.1","38304","AJ438041","Corynebacterium tuberculostearicum; CIP102857.","1512","0","True","True","38304"
"S000127212","","38304","AJ438048","Corynebacterium tuberculostearicum","","0","FALSE","","38304"
"S000130231","AJ438043.1","38304","AJ438043","Corynebacterium tuberculostearicum; CIP102622.","1512","0","True","True","38304"
"S000260338","X81874.1","38286","X81874","Corynebacterium afermentans subsp. null; DMMZ 545.","1368","3","False","True","38286"
"S000259949","X84679.1","38301","X84679","Corynebacterium minutissimum; NCTC 10288.","1435","3","True","True","38301"
"S000260072","X84441.1","28028","X84441","Corynebacterium flavescens (T); NCDO 1320.","1489","0","True","True","28028"
"S000260207","X84678.1","38301","X84678","Corynebacterium minutissimum (T); NCTC 10288.","1435","3","True","True","38301"
"S000260719","","38304","X84247","Corynebacterium tuberculostearicum","","2","FALSE","","38304"
"S000260718","X84241.1","38302","X84241","Corynebacterium mycetoides (T); NCTC 9864.","1477","1","True","True","38302"
"S000260343","X84253.1","38288","X84253","Corynebacterium genitalium; NCTC 11859.","1392","4","True","True","38288"
"S000260870","X84250.1","38289","X84250","Corynebacterium jeikeium (T); NCTC 11913.","1494","0","True","True","38289"
"S000366404","AJ439348.1","38303","AJ439348","Corynebacterium pseudogenitalium; CIP106714, (ATCC33035), (CCUG28787).","1501","0","True","True","38303"
"S000432080","AF537592.1","53374","AF537592","Corynebacterium coyleae; National Microbiology Laboratory Special Bacteriology identifier 97-0171.","1453","0","False","True","53374"
"S000432081","AF537593.1","61592","AF537593","Corynebacterium durum; National Microbiology Laboratory Special Bacteriology identifier 99-0047.","1496","1","False","True","61592"
"S000432088","AF537600.1","57171","AF537600","Corynebacterium mucifaciens; National Microbiology Laboratory Special Bacteriology identifier 01-0118.","1469","1","False","True","57171"
"S000432089","AF537601.1","57171","AF537601","Corynebacterium mucifaciens; National Microbiology Laboratory Special Bacteriology identifier 97-0160.","1468","2","False","True","57171"
"S000432318","AF543285.1","61592","AF543285","Corynebacterium durum; ChDC OS33.","1516","0","False","True","61592"
"S000574646","AY677186.1","302449","AY677186","Corynebacterium tuscaniense (T); ISS-5309; ATCC BAA-1141; CCUG 51321.","1502","1","True","True","302449"
"S000591229","AB234868.1","53374","AB234868","Corynebacterium coyleae.","1237","0","False","True","53374"
"S000926514","EU071589.1","28028","EU071589","Corynebacterium flavescens; EHFS1_S12Hc.","1379","0","False","True","28028"
"S001015597","EU434595.1","53374","EU434595","Corynebacterium coyleae; e40.","1446","0","False","True","53374"
"S001154966","EU848548.1","156976","EU848548","Corynebacterium riegelii; CTF08-1967.","1457","1","False","True","156976"
"S001170671","FJ157329.1","556548","FJ157329","Corynebacterium freiburgense (T); 1045.","1481","0","True","True","556548"
"S001169271","EU888520.1","38303","EU888520","Corynebacterium pseudogenitalium; ES_MS37c.","1277","0","False","True","38303"
"S001328430","","598660","FJ185225","Corynebacterium pyruviciproducens","","0","FALSE","","598660"
"S001353127","FN295567.1","630407","FN295567","Corynebacterium pilbarense (T); type strain: IMMIB WACC-658.","1486","0","True","True","1288393"
"S002034887","GU561325.1","61592","GU561325","Corynebacterium durum; TTE12.","1418","0","False","True","61592"
"S002154015","HM205109.1","38288","HM205109","Corynebacterium genitalium; CCUG 59401.","1513","0","True","True","38288"
"S002287244","CR931997.1","306537","CR931997","Corynebacterium jeikeium K411; K411 = NCTC 11915.","1528","0","True","True","38289"
"S002966591","JQ282807.1","38286","JQ282807","Corynebacterium afermentans subsp. null; RKHC-35.","1453","2","False","True","38286"
"S003283827","JQ659353.1","161899","JQ659353","Corynebacterium singulare; L4-295.","1372","1","False","True","161899"
"S003299271","JQ963332.1","38289","JQ963332","Corynebacterium jeikeium; MK-4.","1344","0","False","True","38289"
"S003806573","KF030205.1","556548","KF030205","Corynebacterium freiburgense; OH2339.","1518","0","False","True","556548"
"S003917453","CP007156.1","1451189","CP007156","Corynebacterium falsenii DSM 44353; BL 8171.","1530","0","True","True","108486"
"S004050470","KF280284.1","302449","KF280284","Corynebacterium tuscaniense; DNF00037.","1228","1","False","True","302449"
"S004064696","CP002857.1","662755","CP002857","Corynebacterium resistens DSM 45100.","1521","0","True","True","258224"
"S004064695","CP002857.1","662755","CP002857","Corynebacterium resistens DSM 45100.","1549","0","True","True","258224"
"S004069808","CM000961.1","585529","CM000961","Corynebacterium genitalium ATCC 33030.","1520","0","True","True","38288"
"S004069806","CM000961.1","585529","CM000961","Corynebacterium genitalium ATCC 33030.","1517","0","True","True","38288"
"S004212366","CP008944.1","191610","CP008944","Corynebacterium atypicum; R2070.","1542","1","False","True","191610"
"S004216236","KJ524467.1","28028","KJ524467","Corynebacterium flavescens; EGY-SCE2.","1294","0","False","True","28028"
"S004216235","KJ524466.1","28028","KJ524466","Corynebacterium flavescens; EGY-SCE1.","1381","0","False","True","28028"
"S004212454","CP009211.1","156978","CP009211","Corynebacterium imitans; DSM 44264.","1530","1","True","True","156978"
"S004446041","CP010827.1","161899","CP010827","Corynebacterium singulare; IBS B52218.","1523","1","False","True","161899"
"S004446043","CP010827.1","161899","CP010827","Corynebacterium singulare; IBS B52218.","1522","0","False","True","161899"
"S000127631","AJ416939.1","1774","AJ416939","Mycobacterium chelonae subsp. null; MB300.","1439","0","False","True","1774"
"S000128240","AJ419969.1","1774","AJ419969","Mycobacterium chelonae subsp. null; ITG 95-0026.","1383","0","False","True","1774"
"S000131251","AJ419968.1","1774","AJ419968","Mycobacterium chelonae subsp. null; ITG 96-0295.","1371","0","False","True","1774"
"S000131250","AJ416940.1","36809","AJ416940","Mycobacterium abscessus subsp. null; MB849.","1438","0","False","True","36809"
"S004253883","KF910202.1","1774","KF910202","Mycobacterium chelonae subsp. null; QIA-41.","1382","0","False","True","1774"
"S004444464","CP009407.1","1299325","CP009407","Mycobacterium abscessus subsp. bolletii 103.","1523","0","False","True","36809"
"S004459389","CP010946.1","1774","CP010946","Mycobacterium chelonae subsp. null; ATCC 35752.","1516","0","True","True","1774"
"S000007369","AJ250929.1","1833","AJ250929","Rhodococcus erythropolis; GJ70.","1332","0","False","True","1833"
"S000558869","DQ090961.1","334542","DQ090961","Rhodococcus qingshengii (T); djl-6.","1484","0","True","True","334542"
"S002167026","GU991529.1","1833","GU991529","Rhodococcus erythropolis; MJ2.","1400","1","False","True","1833"
"S002442158","FR750961.1","1833","FR750961","Rhodococcus erythropolis; CMS166.","1439","0","False","True","1833"
"S002449199","JF727579.1","1833","JF727579","Rhodococcus erythropolis; djl-11.","1473","0","False","True","1833"
"S003302218","JX122160.1","334542","JX122160","Rhodococcus qingshengii; 43.","1339","0","False","True","334542"
"S003313012","JQ684256.1","334542","JQ684256","Rhodococcus qingshengii; HWG-A33.","1483","0","False","True","334542"
"S003716450","KC355321.1","334542","KC355321","Rhodococcus qingshengii; KUDC1814.","1583","0","False","True","334542"
"S003716452","KC355323.1","334542","KC355323","Rhodococcus qingshengii; KUDC1816.","1231","0","False","True","334542"
"S004077880","KF439699.1","1833","KF439699","Rhodococcus erythropolis; HG05.","1482","0","False","True","1833"
"S000005843","U87816.1","38289","U87816","Corynebacterium jeikeium; ATCC 43216.","1450","0","True","True","38289"
"S000127048","AJ251463.1","170994","AJ251463","Brevibacterium paucivorans (T); CF 62.","1412","1","True","True","170994"
"S000979832","EU086796.1","170994","EU086796","Brevibacterium paucivorans; 28.","1444","0","False","True","170994"
"S000979829","EU086793.1","479117","EU086793","Brevibacterium ravenspurgense (T); 20.","1470","3","True","True","479117"
"S000979844","EU086808.1","479117","EU086808","Brevibacterium ravenspurgense; 744.","1449","0","False","True","479117"
"S001573719","EU868814.1","576927","EU868814","Brevibacterium massiliense (T); 5401308.","1450","1","True","True","576927"
"S000468528","AY853712.1","36740","AY853712","Dermabacter hominis.","1479","0","False","True","36740"
"S000013419","X76728.1","36740","X76728","Dermabacter hominis; NCFB 2769.","1481","4","False","True","36740"
"S001198976","FJ263375.1","36740","FJ263375","Dermabacter hominis; RA7.","1426","0","False","True","36740"
"S001188643","FJ200385.1","36740","FJ200385","Dermabacter hominis; 3361BRRJ.","1392","0","False","True","36740"
"S003615676","JX435046.1","36740","JX435046","Dermabacter hominis; 362-2.","1323","0","False","True","36740"
"S001328309","EU477050.1","1204722","EU477050","Helcobacillus massiliensis (T); 6401990.","1448","0","True","True","521392"
"S004459025","LN810502.1","521392","LN810502","Helcobacillus massiliensis; FF11.","1479","0","False","True","521392"
"S004252269","KF424706.1","38301","KF424706","Corynebacterium minutissimum; XH209.","1446","0","False","True","38301"
"S000995907","EU379254.1","223184","EU379254","Kocuria marina; 1RN-3F1.","1383","4","False","True","223184"
"S000995933","EU379280.1","223184","EU379280","Kocuria marina; 4RS-4b.","1375","2","False","True","223184"
"S001331322","FJ789661.1","223184","FJ789661","Kocuria marina; Inje LM M07-1336.","1477","0","False","True","223184"
"S002949789","AB648996.1","223184","AB648996","Kocuria marina; S32326.","1492","0","False","True","223184"
"S003717273","KC456518.1","223184","KC456518","Kocuria marina; ALK012.","1394","0","False","True","223184"
"S000000629","X87758.1","43675","X87758","Rothia mucilaginosa (T); DSM.","1467","0","True","True","43675"
"S000651443","DQ409140.1","43675","DQ409140","Rothia mucilaginosa; J04.","1490","0","False","True","43675"
"S001352163","FJ823142.1","43675","FJ823142","Rothia mucilaginosa; TeTT.","1422","0","False","True","43675"
"S002034890","GU561328.1","43675","GU561328","Rothia mucilaginosa; TonEJ8.","1416","0","False","True","43675"
"S004068420","AP011540.1","680646","AP011540","Rothia mucilaginosa DY-18.","1527","0","False","True","43675"
"S000017346","","419015","AJ278695","Alloscardovia omnicolens","","0","FALSE","","419015"
"S000018908","","419015","AJ278694","Alloscardovia omnicolens","","0","FALSE","","419015"
"S000775412","AM419459.1","419015","AM419459","Alloscardovia omnicolens; CCUG 18650.","1482","0","True","True","419015"
"S000775411","","419015","AM419458","Alloscardovia omnicolens","","0","FALSE","","419015"
"S000414115","D86182.1","1683","D86182","Bifidobacterium angulatum (T); ATCC 27535.","1514","0","True","True","1683"
"S001587389","AB489094.1","1683","AB489094","Bifidobacterium angulatum; YL1.","1349","0","False","True","1683"
"S001587388","AB489093.1","1683","AB489093","Bifidobacterium angulatum; Fn1.","1403","0","False","True","1683"
"S003619645","JQ354973.1","2702","JQ354973","Gardnerella vaginalis; N153.","1363","0","False","True","2702"
"S003619643","JQ354971.1","2702","JQ354971","Gardnerella vaginalis; N137.","1363","0","False","True","2702"
"S003746180","JX860317.1","2702","JX860317","Gardnerella vaginalis; JCP8108.","1391","0","False","True","2702"
"S004251833","AP012332.1","585528","AP012332","Gardnerella vaginalis ATCC 14018 = JCM 11026.","1532","0","True","True","2702"
"S000130242","Y17195.1","82135","Y17195","Atopobium vaginae (T); CCUG 38953.","1351","4","True","True","82135"
"S000391613","","82135","AF325325","Atopobium vaginae","","0","FALSE","","82135"
"S000013923","X82823.1","41976","X82823","Porphyromonas catoniae (T); ATCC 51270.","1470","13","True","True","41976"
"S000404711","","28124","AY253728","Porphyromonas endodontalis","","0","TRUE","","28124"
"S000414474","L16491.1","28124","L16491","Porphyromonas endodontalis.","1475","8","False","True","28124"
"S000996242","","501496","EU414673","Porphyromonas bennonis","","0","TRUE","","501496"
"S001589407","GQ422746.1","281920","GQ422746","Porphyromonas uenonis; F0120.","1508","0","False","True","281920"
"S002235838","AB547656.1","887901","AB547656","Porphyromonas catoniae; JCM 13863.","1451","0","True","True","41976"
"S002235850","","281920","AB547668","Porphyromonas uenonis","","0","FALSE","","281920"
"S002235849","","322095","AB547667","Porphyromonas somerae","","0","FALSE","","322095"
"S002236289","","501496","AB588020","Porphyromonas bennonis","","0","FALSE","","501496"
"S004056740","L16490.1","879243","L16490","Porphyromonas asaccharolytica (T); ATCC 25260.","1478","8","True","True","28123"
"S004063734","CP002689.1","879243","CP002689","Porphyromonas asaccharolytica DSM 20707.","1529","0","True","True","28123"
"S000260001","AB053943.1","28112","AB053943","Tannerella forsythia; Ko3.","1486","0","False","True","28112"
"S000002322","X73962.1","28112","X73962","Tannerella forsythia; FDC 331.","1450","0","False","True","28112"
"S000721591","DQ341410.1","28112","DQ341410","Tannerella forsythia; RMA 8563.","1477","0","False","True","28112"
"S003222515","JN713185.1","28112","JN713185","Tannerella forsythia; OB071.","1516","0","False","True","28112"
"S004068046","CP003191.1","203275","CP003191","Tannerella forsythia ATCC 43037.","1525","0","True","True","28112"
"S000407967","AY350613.1","242750","AY350613","Prevotella bergensis (T); 94067913.","1456","1","True","True","242750"
"S000414453","L16470.1","28132","L16470","Prevotella melaninogenica.","1473","12","False","True","28132"
"S000979118","","419005","AM422125","Prevotella amnii","","3","TRUE","","419005"
"S002235852","AB547670.1","419005","AB547670","Prevotella amnii; JCM 14753.","1491","0","True","True","419005"
"S002235854","AB547672.1","242750","AB547672","Prevotella bergensis; JCM 13869.","1495","0","True","True","242750"
"S002290126","CP002122.1","553174","CP002122","Prevotella melaninogenica (T); ATCC 25845.","1531","0","True","True","28132"
"S002449756","JF803512.1","28132","JF803512","Prevotella melaninogenica; C561.","1478","2","False","True","28132"
"S002963240","JN867226.1","28127","JN867226","Prevotella buccalis; SEQ057.","1334","3","False","True","28127"
"S002963241","JN867227.1","28130","JN867227","Prevotella disiens; SEQ058.","1436","5","False","True","28130"
"S002963253","JN867239.1","242750","JN867239","Prevotella bergensis; SEQ073.","1439","4","False","True","242750"
"S002963258","JN867244.1","28125","JN867244","Prevotella bivia; SEQ078.","1455","7","False","True","28125"
"S002963257","JN867243.1","28127","JN867243","Prevotella buccalis; SEQ077.","1335","9","False","True","28127"
"S002963272","JN867258.1","28132","JN867258","Prevotella melaninogenica; SEQ182.","1326","5","False","True","28132"
"S002963278","JN867264.1","28132","JN867264","Prevotella melaninogenica; SEQ189.","1424","3","False","True","28132"
"S002963281","JN867267.1","28125","JN867267","Prevotella bivia; SEQ192.","1441","3","False","True","28125"
"S002963288","JN867274.1","28125","JN867274","Prevotella bivia; SEQ199.","1431","2","False","True","28125"
"S002963305","JN867291.1","28130","JN867291","Prevotella disiens; SEQ216.","1432","3","False","True","28130"
"S002963310","JN867296.1","242750","JN867296","Prevotella bergensis; SEQ221.","1431","7","False","True","242750"
"S002963325","JN867311.1","28125","JN867311","Prevotella bivia; SEQ238.","1407","8","False","True","28125"
"S002963321","JN867307.1","28125","JN867307","Prevotella bivia; SEQ234.","1408","1","False","True","28125"
"S002963335","JN867321.1","386414","JN867321","Prevotella timonensis; SEQ251.","1416","3","False","True","386414"
"S003264568","AB683253.1","589437","AB683253","Prevotella scopos; JCM 17725.","1492","0","True","True","589437"
"S004050488","KF280302.1","28130","KF280302","Prevotella disiens; DNF00882.","1301","2","False","True","28130"
"S004226758","KJ817166.1","1585976","KJ817166","Bergeyella cardium; 13-07.","1407","0","False","True","1585976"
"S000925513","AB361248.1","470446","AB361248","Sphingobacterium kitahiroshimense (T); 10C.","1490","8","True","True","470446"
"S000981418","EU364817.1","493780","EU364817","Sphingobacterium anhuiense (T); CW 186.","1382","0","True","True","493780"
"S001549486","FJ950587.1","34087","FJ950587","Sphingobacterium faecium; c121.","1445","0","False","True","34087"
"S001549473","FJ950574.1","34087","FJ950574","Sphingobacterium faecium; c34.","1449","0","False","True","34087"
"S003262733","AB680842.1","34087","AB680842","Sphingobacterium faecium; NBRC 15337.","1455","0","True","True","34087"
"S003300846","JX040437.1","470446","JX040437","Sphingobacterium kitahiroshimense; DM8-1.","1353","0","False","True","470446"
"S003300849","JX040440.1","34087","JX040440","Sphingobacterium faecium; DM8-5.","1218","0","False","True","34087"
"S003618674","JX843375.1","493780","JX843375","Sphingobacterium anhuiense; NR4_11.","1209","0","False","True","493780"
"S004044786","KC854812.1","470446","KC854812","Sphingobacterium kitahiroshimense; LF10.","1452","0","False","True","470446"
"S004051872","KF361511.1","493780","KF361511","Sphingobacterium anhuiense; NR4_011.","1370","0","False","True","493780"
"S004220047","KJ726588.1","34087","KJ726588","Sphingobacterium faecium; Gen5.","1391","0","False","True","34087"
"S003788436","JQ683776.1","1168039","JQ683776","Bacteroidetes bacterium SS12.","1483","0","False","True","1168039"
"S000414107","D85722.1","813","D85722","Chlamydia trachomatis; E/UW-5/Cx.","1548","0","False","True","813"
"S000438299","U68443.1","813","U68443","Chlamydia trachomatis; L2/434/BU; ATCC VR-902B.","1554","0","True","True","813"
"S002287360","FM872308.1","580049","FM872308","Chlamydia trachomatis B/Jali20/OT; JALI20.","1553","0","False","True","813"
"S004063153","CP006676.1","813","CP006676","Chlamydia trachomatis; D/13-96.","1553","2","False","True","813"
"S000500008","AF481217.1","189726","AF481217","Fusobacterium nucleatum subsp. null E9_12.","1474","0","False","True","851"
"S002288476","AE009951.1","190304","AE009951","Fusobacterium nucleatum (T); ATCC 25586.","1520","0","True","True","851"
"S004053256","KF444238.1","851","KF444238","Fusobacterium nucleatum subsp. null; YWH7071.","1358","0","False","True","851"
"S004053270","KF444253.1","851","KF444253","Fusobacterium nucleatum subsp. null; YWH7387.","1386","0","False","True","851"
"S004068771","CP003723.1","469607","CP003723","Fusobacterium nucleatum subsp. animalis 4_8.","1519","0","False","True","851"
"S000018119","AF206305.1","109328","AF206305","Leptotrichia trevisanii (T).","1461","1","True","True","109328"
"S000434619","AY029801.1","109328","AY029801","Leptotrichia trevisanii; LB11.","1485","2","False","True","109328"
"S000434623","AY029805.1","109328","AY029805","Leptotrichia trevisanii; LB06.","1485","1","False","True","109328"
"S001156497","EU919515.1","554406","EU919515","Leptotrichia hongkongensis (T); HKU24.","1268","0","True","True","554406"
"S002034922","GU561360.1","109328","GU561360","Leptotrichia trevisanii; TG9.","1398","0","False","True","109328"
"S000096693","","40543","AJ344093","Sneathia sanguinegens","","2","TRUE","","40543"
"S000435063","","187101","AY078425","[Leptotrichia] amnionii","","3","FALSE","","187101"
"S000450504","","187101","AY489565","[Leptotrichia] amnionii","","0","FALSE","","187101"
"S000806194","","187101","EF218612","[Leptotrichia] amnionii","","0","FALSE","","187101"
"S002305131","HM567404.1","187101","HM567404","[Leptotrichia] amnionii (was S. sanguinegens)","1324","0","False","True","187101"
"S004208440","JQ087392.1","187101","JQ087392","[Leptotrichia] amnionii; CCUG 52976.","1501","0","True","True","187101"
"S004208439","JQ087391.1","40543","JQ087391","Sneathia sanguinegens; CCUG 41628.","1503","0","True","True","40543"
"S004208438","JQ087390.1","1162717","JQ087390","Streptobacillus hongkongensis; HKU34.","1506","0","False","True","1162717"
"S004208437","JQ087389.1","1162717","JQ087389","Streptobacillus hongkongensis; HKU33.","1505","1","False","True","1162717"
"S000112395","AJ227774.1","69666","AJ227774","Caulobacter mirabilis (T); type strain: FWC 38.","1435","0","True","True","69666"
"S001239108","AB469044.1","415421","AB469044","Asaia lannaensis; GB23-3.","1414","0","False","True","415421"
"S001872106","AB485742.1","610243","AB485742","Asaia platycodi; T-671.","1366","0","False","True","610243"
"S001872103","AB485739.1","610243","AB485739","Asaia platycodi (T); T-683.","1434","0","True","True","610243"
"S002448450","JF514557.1","610243","JF514557","Asaia platycodi; AS6.","1453","0","False","True","610243"
"S004454539","KP208318.1","415421","KP208318","Asaia lannensis; RE-3953.","1435","0","False","True","415421"
"S000768867","DQ864991.1","180282","DQ864991","Delftia tsuruhatensis.","1491","0","False","True","180282"
"S001169258","EU888308.1","558537","EU888308","Delftia lacustris (T); 332.","1534","0","True","True","558537"
"S002410367","HQ731453.1","180282","HQ731453","Delftia tsuruhatensis; BN-HKY6.","1433","0","False","True","180282"
"S002449698","JF792071.1","558537","JF792071","Delftia lacustris; 6S.","1359","3","False","True","558537"
"S002958997","JN644603.1","558537","JN644603","Delftia lacustris; HG7_3A.","1538","0","False","True","558537"
"S003612957","JQ900533.1","180282","JQ900533","Delftia tsuruhatensis; B7.","1411","0","False","True","180282"
"S003719531","KC572558.1","180282","KC572558","Delftia tsuruhatensis; ARB-1.","1526","0","False","True","180282"
"S003809708","KC790276.1","558537","KC790276","Delftia lacustris; RK7.","1426","0","False","True","558537"
"S004051647","KF358252.1","180282","KF358252","Delftia tsuruhatensis; L7.","1438","0","False","True","180282"
"S004216958","KJ580525.1","558537","KJ580525","Delftia lacustris; G2.","1433","0","False","True","558537"
"S000467294","AY831725.1","483","AY831725","Neisseria cinerea.","1477","0","False","True","483"
"S000613481","DQ201327.1","487","DQ201327","Neisseria meningitidis; CMCC(B)29026.","1498","0","False","True","487"
"S000613483","DQ201329.1","487","DQ201329","Neisseria meningitidis; CMCC(B)29031.","1498","0","False","True","487"
"S000613491","DQ201337.1","487","DQ201337","Neisseria meningitidis; CMCC(B)29205.","1498","0","False","True","487"
"S001352175","FJ823154.1","488","FJ823154","Neisseria mucosa; TeTa.","1436","0","False","True","488"
"S002034978","GU561416.1","487","GU561416","Neisseria meningitidis; TTE14.","1429","0","False","True","487"
"S002034981","GU561419.1","34026","GU561419","Neisseria flava; GHTE2.","1377","0","False","True","34026"
"S003722574","HF558383.1","496","HF558383","Neisseria macacae; M-740.","1514","0","False","True","496"
"S003751999","KC178470.1","488","KC178470","Neisseria mucosa; 3742.","1407","0","False","True","488"
"S003752002","KC178473.1","488","KC178473","Neisseria mucosa; 4940a.","1406","0","False","True","488"
"S003752009","KC178480.1","488","KC178480","Neisseria mucosa; 5305b.","1406","0","False","True","488"
"S003752047","KC178518.1","496","KC178518","Neisseria macacae; 3767c.","1403","0","False","True","496"
"S003752049","KC178520.1","496","KC178520","Neisseria macacae; 6250.","1406","0","False","True","496"
"S004066529","CP002423.1","935593","CP002423","Neisseria meningitidis M04-240196.","1542","0","False","True","487"
"S004078395","AB910739.1","488","AB910739","Neisseria mucosa; JCM 12992.","1502","0","True","True","488"
"S000004853","AJ251584.1","76517","AJ251584","Campylobacter hominis (T); NCTC 13146; CH001A.","1414","0","True","True","76517"
"S000428260","AF062490.1","76517","AF062490","Campylobacter hominis; HS-A.","1454","6","False","True","76517"
"S000428261","AF062491.1","76517","AF062491","Campylobacter hominis; HS-B.","1454","1","False","True","76517"
"S001550486","FN401324.1","827","FN401324","Campylobacter ureolyticus; LMG 24747.","1478","0","False","True","827"
"S001550489","FN401327.1","827","FN401327","Campylobacter ureolyticus; R-37890.","1501","0","False","True","827"
"S001551110","GQ167668.1","827","GQ167668","Campylobacter ureolyticus; UNSWJ.","1411","0","False","True","827"
"S001551111","GQ167669.1","827","GQ167669","Campylobacter ureolyticus; UNSWM.","1396","0","False","True","827"
"S002288904","CP000776.1","360107","CP000776","Campylobacter hominis ATCC BAA-381.","1511","0","True","True","76517"
"S004092367","L04321.1","827","L04321","Campylobacter ureolyticus (T); ATCC 33387.","1453","8","True","True","827"
"S000397427","AY143177.1","138563","AY143177","Helicobacter cetorum; MIT 01-6202.","1477","0","False","True","138563"
"S000397426","AY143175.1","138563","AY143175","Helicobacter cetorum; MIT 00-5903.","1477","0","False","True","138563"
"S000651603","DQ415545.1","375926","DQ415545","Helicobacter anseris (T); MIT 04-9362.","1473","0","True","True","375926"
"S001794049","FN565164.1","138563","FN565164","Helicobacter cetorum; 22/M111/07/09.","1441","0","False","True","138563"
"S001794047","FN565162.1","138563","FN565162","Helicobacter cetorum; 22/M98/7/08.","1441","0","False","True","138563"
"S003277579","CP003479.1","182217","CP003479","Helicobacter cetorum MIT 00-7128.","1508","0","False","True","138563"
"S000008145","X87979.1","727","X87979","Haemophilus influenzae; 2406.","1442","3","False","True","727"
"S000134623","","217202","AB098612","Terrahaemophilus aromaticivorans","","0","FALSE","","217202"
"S000245507","AJ290755.1","249188","AJ290755","Haemophilus pittmaniae (T); type strain: HK85.","1468","0","True","True","249188"
"S000245252","AJ290754.1","249188","AJ290754","Haemophilus pittmaniae; P1525.","1466","1","False","True","249188"
"S000389454","AF224308.1","126475","AF224308","Haemophilus influenzae MCCM 02082.","1515","9","False","True","727"
"S000943444","EU185340.1","726","EU185340","Haemophilus haemolyticus; 1216.","1376","0","False","True","726"
"S000943469","EU185365.1","726","EU185365","Haemophilus haemolyticus; 24P12H3.","1376","0","False","True","726"
"S000943552","EU185448.1","726","EU185448","Haemophilus haemolyticus; 70P5H1.","1378","0","False","True","726"
"S000943593","EU185489.1","727","EU185489","Haemophilus influenzae; S1.","1421","1","False","True","727"
"S001169318","EU909671.1","726","EU909671","Haemophilus haemolyticus; HK 386.","1362","7","False","True","726"
"S001418342","FJ939587.1","729","FJ939587","Haemophilus parainfluenzae; PN118.","1362","6","False","True","729"
"S001873122","FJ685628.1","729","FJ685628","Haemophilus parainfluenzae; B160041.","1531","4","False","True","729"
"S002034984","","729","GU561422","Haemophilus parainfluenzae","","0","FALSE","","729"
"S002410830","HQ846514.1","727","HQ846514","Haemophilus influenzae; 60347.","1438","0","False","True","727"
"S002911976","JF506652.1","729","JF506652","Haemophilus parainfluenzae; HK 2149.","1362","0","False","True","729"
"S002955480","JN227794.1","727","JN227794","Haemophilus influenzae; M19087.","1462","11","False","True","727"
"S003291687","JQ776525.1","726","JQ776525","Haemophilus haemolyticus; M21621.","1461","4","False","True","726"
"S004067003","FQ312002.1","862965","FQ312002","Haemophilus parainfluenzae T3T1.","1540","0","False","True","729"
"S000428121","AF053902.1","85402","AF053902","Mannheimia granulomatis (T); ATCC 49244.","1504","3","True","True","85402"
"S000428120","AF053901.1","85402","AF053901","Mannheimia granulomatis; Ph13; CCUG 26828.","1504","3","True","True","85402"
"S001152404","DQ301924.1","85402","DQ301924","Mannheimia granulomatis; W4672/1.","1504","0","False","True","85402"
"S003941238","DQ301925.1","85402","DQ301925","Mannheimia granulomatis; BJ1680.3.","1515","0","False","True","85402"
"S000385779","AB099655.1","40214","AB099655","Acinetobacter johnsonii; S35.","1533","1","False","True","40214"
"S000981218","EU352764.1","29430","EU352764","Acinetobacter haemolyticus; NK 2.BH-7.","1501","0","False","True","29430"
"S001199044","FJ263916.1","40214","FJ263916","Acinetobacter johnsonii; BA2.","1336","0","False","True","40214"
"S001350605","EU337121.1","40214","EU337121","Acinetobacter johnsonii; 3B2.","1524","0","False","True","40214"
"S001745068","GU083586.1","28090","GU083586","Acinetobacter lwoffii; UW7.","1434","0","False","True","28090"
"S002234498","HQ202827.1","202951","HQ202827","Acinetobacter bouvetii; L-6.","1432","1","False","True","202951"
"S002305587","HQ407291.1","29430","HQ407291","Acinetobacter haemolyticus; M116.","1336","0","False","True","29430"
"S002305670","HQ424441.1","202951","HQ424441","Acinetobacter bouvetii; UAM25.","1425","0","False","True","202951"
"S003278181","JF681285.1","202951","JF681285","Acinetobacter bouvetii; EU40.","1451","0","False","True","202951"
"S003713415","JQ815203.1","28090","JQ815203","Acinetobacter lwoffii; W1109-B1.","1433","0","False","True","28090"
"S003722227","HE651927.1","202951","HE651927","Acinetobacter bouvetii; DSM 14964.","1530","0","True","True","202951"
"S003745548","JX845720.1","29430","JX845720","Acinetobacter haemolyticus; R14.","1402","0","False","True","29430"
"S003746531","JX867756.1","202951","JX867756","Acinetobacter bouvetii; 7.","1445","0","False","True","202951"
"S003754415","KC329832.1","29430","KC329832","Acinetobacter haemolyticus; 30A.","1482","0","False","True","29430"
"S003809684","KC790252.1","40214","KC790252","Acinetobacter johnsonii; PK2.","1419","0","False","True","40214"
"S003810585","KC840871.1","40214","KC840871","Acinetobacter johnsonii; W46.","1367","0","False","True","40214"
"S004044709","KC843488.1","1353941","KC843488","Acinetobacter harbinensis; HITLi 7.","1328","0","False","True","1353941"
"S004082049","KF924206.1","29430","KF924206","Acinetobacter haemolyticus; M0430.","1406","0","False","True","29430"
"S004084977","KJ018978.1","28090","KJ018978","Acinetobacter lwoffii; SDT48.","1411","0","False","True","28090"
"S004088307","KJ401076.1","28090","KJ401076","Acinetobacter lwoffii; MTB-0-3.","1403","0","False","True","28090"
"S004223113","KJ848594.1","28090","KJ848594","Acinetobacter lwoffii; BT 90.","1398","0","False","True","28090"
"S003722561","HF558370.1","34026","HF558370","Neisseria flava; NRL 30,008.","1503","1","False","True","34026"
"S000125539","AJ437696.1","228654","AJ437696","Psychrobacter pulmonis (T); type strain:CECT 5989T.","1363","0","True","True","228654"
"S000776280","EF101551.1","228654","EF101551","Psychrobacter pulmonis; KOPRI24933.","1506","0","False","True","228654"
"S001015380","EU434378.1","228654","EU434378","Psychrobacter pulmonis; a166.","1480","0","False","True","228654"
"S001264847","FJ542330.1","180588","FJ542330","Psychrobacter faecalis; BM-F2.","1406","0","False","True","180588"
"S002233197","HM854246.1","228654","HM854246","Psychrobacter pulmonis; KLH-28.","1445","0","False","True","228654"
"S002408038","FR749849.1","180588","FR749849","Psychrobacter faecalis; CNE 17.","1452","0","False","True","180588"
"S002410095","HQ698562.1","180588","HQ698562","Psychrobacter faecalis; DSM 14664.","1466","0","True","True","180588"
"S002410110","HQ698577.1","180588","HQ698577","Psychrobacter faecalis; UCL-NF 322.","1501","1","False","True","180588"
"S002410121","HQ698588.1","180588","HQ698588","Psychrobacter faecalis; UCL-NF 1590.","1472","0","False","True","180588"
"S003617105","JX501677.1","228654","JX501677","Psychrobacter pulmonis; M9B3a.","1387","0","False","True","228654"
"S000002852","AB041885.1","122355","AB041885","Pseudomonas psychrophila (T); E-3.","1528","1","True","True","122355"
"S000014863","AB021395.1","86185","AB021395","Pseudomonas lundensis (T); ATCC 49968.","1511","10","True","True","86185"
"S000441277","AY450555.1","303","AY450555","Pseudomonas putida; M.","1482","2","False","True","303"
"S000537036","DQ026520.1","303","DQ026520","Pseudomonas putida; VH26042005.","1501","0","False","True","303"
"S001015348","EU434346.1","86185","EU434346","Pseudomonas lundensis; a271.","1460","0","False","True","86185"
"S001199933","FM865870.1","1190415","FM865870","Pseudomonas asturiensis; LPPA 221.","1502","0","False","True","1190415"
"S001418419","FJ943496.1","78544","FJ943496","Pseudomonas gessardii; CLRI1.","1466","0","False","True","78544"
"S002441895","FN666561.1","294","FN666561","Pseudomonas fluorescens; CFBP 11355.","1390","0","False","True","294"
"S003262865","AB680974.1","294","AB680974","Pseudomonas fluorescens; NBRC 15835.","1461","1","True","True","294"
"S003264587","AB685579.1","296","AB685579","Pseudomonas fragi; JCM 5365.","1459","2","True","True","296"
"S003264633","AB685625.1","296","AB685625","Pseudomonas fragi; JCM 5412.","1459","0","True","True","296"
"S003264683","AB685675.1","296","AB685675","Pseudomonas fragi; JCM 5469.","1459","3","True","True","296"
"S003299362","JQ968688.1","122355","JQ968688","Pseudomonas psychrophila; HA-4.","1536","0","False","True","122355"
"S003303827","JX262396.1","296","JX262396","Pseudomonas fragi; KSV 16.","1406","0","False","True","296"
"S003305866","HE815467.1","1190415","HE815467","Pseudomonas asturiensis; LPPA 816.","1462","0","False","True","1190415"
"S003305867","HE815468.1","1190415","HE815468","Pseudomonas asturiensis; LPPA 1442.","1437","0","False","True","1190415"
"S003617251","JX514410.1","78544","JX514410","Pseudomonas gessardii; BHU1.","1466","0","False","True","78544"
"S003746527","JX867752.1","86185","JX867752","Pseudomonas lundensis; 4-1.","1444","0","False","True","86185"
"S003751915","KC172008.1","78544","KC172008","Pseudomonas gessardii; JF34.","1436","0","False","True","78544"
"S003751900","KC171993.1","78544","KC171993","Pseudomonas gessardii; JF14.","1432","0","False","True","78544"
"S003788471","JQ782512.1","303","JQ782512","Pseudomonas putida; TCA1.","1415","0","False","True","303"
"S003803410","HF545845.1","303","HF545845","Pseudomonas putida; CFBP 5933.","1395","0","False","True","303"
"S003809747","KC790316.1","78544","KC790316","Pseudomonas gessardii; SN23.","1433","0","False","True","78544"
"S003811668","KC904091.1","122355","KC904091","Pseudomonas psychrophila; P273.","1497","0","False","True","122355"
"S004044899","KC854926.1","122355","KC854926","Pseudomonas psychrophila; WF7.","1459","0","False","True","122355"
"S004051370","KF317890.1","86185","KF317890","Pseudomonas lundensis; ex20.","1451","0","False","True","86185"
"S004071784","CM001561.1","743713","CM001561","Pseudomonas fluorescens R124.","1537","0","False","True","294"
"S004082075","KF924232.1","296","KF924232","Pseudomonas fragi; M0421.","1433","0","False","True","296"
"S004217153","KJ589492.1","122355","KJ589492","Pseudomonas psychrophila; CB4B1.","1443","0","False","True","122355"
"S004220027","KJ726568.1","86185","KJ726568","Pseudomonas lundensis; Amp9.","1402","0","False","True","86185"
"S004220020","KJ726561.1","294","KJ726561","Pseudomonas fluorescens; Amp45.","1398","0","False","True","294"
"S004224427","KM091714.1","303","KM091714","Pseudomonas putida; CSM2.","1425","0","False","True","303"
"S004448633","KM411503.1","294","KM411503","Pseudomonas fluorescens; LIC1.","1411","0","False","True","294"
"S000967052","EU221397.1","40324","EU221397","Stenotrophomonas maltophilia; H2S8.","1533","0","False","True","40324"
"S000967178","EU239472.1","86188","EU239472","Pseudomonas geniculata; XJUHX-10.","1450","0","False","True","86188"
"S000967177","EU239471.1","86188","EU239471","Pseudomonas geniculata; XJUHX-9.","1460","0","False","True","86188"
"S001198438","EU239136.1","40324","EU239136","Stenotrophomonas maltophilia; KNUC311.","1227","0","False","True","40324"
"S001589022","GQ360071.1","40324","GQ360071","Stenotrophomonas maltophilia; pp5c.","1538","0","False","True","40324"
"S001875275","GU358076.1","40324","GU358076","Stenotrophomonas maltophilia; CUPS 3.","1491","0","False","True","40324"
"S002911763","JF460765.1","86188","JF460765","Pseudomonas geniculata; Ka17.","1439","0","False","True","86188"
"S003259023","JQ304797.1","40324","JQ304797","Stenotrophomonas maltophilia; ECPB07.","1418","0","False","True","40324"
"S003284082","JQ659608.1","86188","JQ659608","Pseudomonas geniculata; R2-144.","1418","0","False","True","86188"
"S004125664","JN607239.1","86188","JN607239","Pseudomonas geniculata; N1.","1413","0","False","True","86188"
"S000003935","AJ002269.1","2098","AJ002269","Mycoplasma hominis; 7488.","1613","0","False","True","2098"
"S000007585","","2098","M96660","Mycoplasma hominis","","3","FALSE","","2098"
"S002290977","L43967.1","243273","L43967","Mycoplasma genitalium G37; G-37.","1518","0","False","True","2097"
"S000436101","M23935.1","2130","M23935","Ureaplasma urealyticum.","1464","6","False","True","2130"
"S000437046","U06094.1","2130","U06094","Ureaplasma urealyticum; 7 (serovar 1).","1439","0","False","True","2130"
"S000414333","L08642.1","2130","L08642","Ureaplasma urealyticum; 27.","1585","0","False","True","2130"
"S000437047","U06095.1","2130","U06095","Ureaplasma urealyticum; U26 (serovar 14).","1438","0","False","True","2130"
"S002288304","CP001184.1","565575","CP001184","Ureaplasma urealyticum serovar 10 str. ATCC 33699.","1513","0","True","True","2130"
"S004126516","AP014584.1","38504","AP014584","Ureaplasma parvum serovar 3; SV3F4.","1520","0","False","True","134821"
"S004443539","CP007711.1","1318617","CP007711","Candidatus Mycoplasma girerdii; VCU_M1.","1448","0","False","True","1318617"
"S000438940","AY167809.1","86668","AY167809","Bacillus niacini; SAFN-021.","1349","0","False","True","86668"
"S001549907","FJ973525.1","228899","FJ973525","Bacillus asahii; NBPP92; B92.","1475","3","False","True","228899"
"S002915811","JN084129.1","228899","JN084129","Bacillus asahii; CE8.","1321","0","False","True","228899"
"S003711855","HF952539.1","228899","HF952539","Bacillus asahii; HMGU104.","1435","3","False","True","228899"
"S003749790","JX996170.1","228899","JX996170","Bacillus asahii; BasaNep.","1504","4","False","True","228899"
"S004044992","KC855019.1","86668","KC855019","Bacillus niacini; WX63.","1472","0","False","True","86668"
"S004052166","KF387676.1","228899","KF387676","Bacillus asahii; BDb11.","1359","0","False","True","228899"
"S004092001","KJ722425.1","86668","KJ722425","Bacillus niacini; Et9/1.","1524","1","False","True","86668"
"S004458937","LN774712.1","86668","LN774712","Bacillus niacini; 0312MAR21U3.","1211","0","False","True","86668"
"S004458884","LN774659.1","86668","LN774659","Bacillus niacini; 1111MAR21U8.","1227","0","False","True","86668"
"S000016156","Y13364.1","84135","Y13364","Gemella sanguinis (T); 2045-94.","1510","0","True","True","84135"
"S000414422","L14326.1","1379","L14326","Gemella haemolysans (T).","1537","0","True","True","1379"
"S000107504","AJ534689.1","1379","AJ534689","Gemella haemolysans; S15A-MN66.","1488","1","False","True","1379"
"S000443764","AY757357.1","84135","AY757357","Gemella sanguinis; MC-1.","1389","4","False","True","84135"
"S000996433","EU427463.1","502393","EU427463","Gemella asaccharolytica (T); WAL 1945J.","1403","0","True","True","502393"
"S002034970","GU561408.1","1379","GU561408","Gemella haemolysans; GumJ21A.","1297","0","False","True","1379"
"S002034971","GU561409.1","84135","GU561409","Gemella sanguinis; PTE3.","1442","0","False","True","84135"
"S002225451","HM103931.1","1379","HM103931","Gemella haemolysans; NTUH_1465.","1397","0","False","True","1379"
"S002225454","","1379","HM103934","Gemella haemolysans","","0","FALSE","","1379"
"S003929859","AB775573.1","84135","AB775573","Gemella sanguinis; NTUH_2825.","1311","0","False","True","84135"
"S003929858","AB775572.1","84135","AB775572","Gemella sanguinis; NTUH_2000.","1311","0","False","True","84135"
"S004227481","KJ868802.1","502393","KJ868802","Gemella asaccharolytica; KA00071.","1358","2","False","True","502393"
"S000926536","EU071611.1","1282","EU071611","Staphylococcus epidermidis; EHFS1_S17Hb.","1415","3","False","True","1282"
"S000995899","EU379246.1","1282","EU379246","Staphylococcus epidermidis; 1RN-2A1.","1434","0","False","True","1282"
"S001263931","FJ380961.1","1283","FJ380961","Staphylococcus haemolyticus; BQN1L-01d.","1434","0","False","True","1283"
"S001418805","FN393800.1","1283","FN393800","Staphylococcus haemolyticus; ES-230-1b.","1367","1","False","True","1283"
"S001610245","FJ389197.1","586733","FJ389197","Staphylococcus devriesei; KS-SDV 19.","1543","0","False","True","586733"
"S002918197","JN542715.1","1283","JN542715","Staphylococcus haemolyticus; ST9.","1461","5","False","True","1283"
"S003748853","JX966457.1","586733","JX966457","Staphylococcus devriesei; MBW12.","1515","0","False","True","586733"
"S003751216","KC139410.1","1283","KC139410","Staphylococcus haemolyticus; Hb-6.","1437","0","False","True","1283"
"S003754410","KC329827.1","1282","KC329827","Staphylococcus epidermidis; 14F.","1515","0","False","True","1282"
"S004056325","KF607056.1","1283","KF607056","Staphylococcus haemolyticus; NIOT-sb2.","1414","0","False","True","1283"
"S004232023","KM099481.1","1282","KM099481","Staphylococcus epidermidis; A38-2.","1306","0","False","True","1282"
"S004253996","KF928765.1","1282","KF928765","Staphylococcus epidermidis; GD9.","1514","0","False","True","1282"
"S000019066","Y18053.1","82347","Y18053","Facklamia languida (T); 1144-97.","1473","3","True","True","82347"
"S000413824","D50541.1","46125","D50541","Abiotrophia defectiva (T); GIFU12707 (ATCC49176).","1411","6","True","True","46125"
"S000624522","AY879308.1","46125","AY879308","Abiotrophia defectiva; 98223019.","1519","0","False","True","46125"
"S000624521","AY879307.1","46125","AY879307","Abiotrophia defectiva; 00394037.","1523","0","False","True","46125"
"S000624520","AY879306.1","46125","AY879306","Abiotrophia defectiva; 99383068.","1517","0","False","True","46125"
"S000013318","Y17318.1","87541","Y17318","Aerococcus christensenii; CCUG 28826.","1501","0","True","True","87541"
"S000127667","Y17005.1","87541","Y17005","Aerococcus christensenii (T); CCUG 28831.","1451","12","True","True","87541"
"S000414169","D87677.1","51665","D87677","Aerococcus urinaeequi (T); IFO12173.","1419","1","True","True","51665"
"S000409607","AY422711.1","1376","AY422711","Aerococcus urinae; NL 95031.","1545","2","False","True","1376"
"S000438106","U64459.1","1376","U64459","Aerococcus urinae; 944-94.","1503","0","False","True","1376"
"S000438104","U64457.1","1376","U64457","Aerococcus urinae; G1-84.","1484","1","False","True","1376"
"S001551017","GQ161096.1","1377","GQ161096","Aerococcus viridans; GDQY-1.","1332","0","False","True","1377"
"S002448044","JF496443.1","1377","JF496443","Aerococcus viridans; EAS2-14.","1427","0","False","True","1377"
"S002910080","HQ831380.1","51665","HQ831380","Aerococcus urinaeequi; Na10.","1450","0","False","True","51665"
"S002958965","JN644571.1","51665","JN644571","Aerococcus urinaeequi; NB5_2B.","1553","1","False","True","51665"
"S003262150","AB680259.1","51665","AB680259","Aerococcus urinaeequi; NBRC 12216.","1475","1","True","True","51665"
"S003222830","JN713500.1","1377","JN713500","Aerococcus viridans; 1D024.","1507","0","False","True","1377"
"S003262786","AB680895.1","1376","AB680895","Aerococcus urinae; NBRC 15544.","1415","3","True","True","1376"
"S003804041","KC692208.1","1377","KC692208","Aerococcus viridans; ML607.","1487","0","False","True","1377"
"S003920296","KC634295.1","51665","KC634295","Aerococcus urinaeequi; OST1.","1210","0","False","True","51665"
"S003810586","KC840872.1","1377","KC840872","Aerococcus viridans; W66.","1371","0","False","True","1377"
"S004056877","M77819.1","1376","M77819","Aerococcus urinae (T); NCFB 2893.","1481","8","True","True","1376"
"S000000392","Y15413.1","137732","Y15413","Granulicatella elegans; 4067-96.","1422","1","False","True","137732"
"S000002316","Y15408.1","137732","Y15408","Granulicatella elegans; 2640-91.","1371","1","False","True","137732"
"S000387147","AF016390.1","137732","AF016390","Granulicatella elegans (T); DSM 11693; B1333.","1538","0","True","True","137732"
"S000382578","AB022026.1","137732","AB022026","Granulicatella elegans; HHC5.","1407","1","False","True","137732"
"S002961824","JN801174.1","137732","JN801174","Granulicatella elegans; WHMH11.","1440","0","False","True","137732"
"S000003126","Y18654.1","88164","Y18654","Lactobacillus fornicalis (T); TV1018.","1421","1","True","True","88164"
"S000389885","","109790","AF243143","Lactobacillus jensenii","","0","FALSE","","109790"
"S000389903","","109790","AF243161","Lactobacillus jensenii","","0","FALSE","","109790"
"S000389901","AF243159.1","109790","AF243159","Lactobacillus jensenii; KC36b.","1511","0","False","True","109790"
"S000389907","AF243165.1","1596","AF243165","Lactobacillus gasseri; KC5a.","1522","0","False","True","1596"
"S000427000","AY763430.1","1579","AY763430","Lactobacillus acidophilus; LH5.","1462","0","False","True","1579"
"S000636355","DQ317604.1","47770","DQ317604","Lactobacillus crispatus; 15L08.","1517","0","False","True","47770"
"S000636356","DQ317605.1","1596","DQ317605","Lactobacillus gasseri; 20L09.","1526","0","False","True","1596"
"S000942615","EU130905.1","1587","EU130905","Lactobacillus helveticus; B2401.","1448","0","False","True","1587"
"S000995982","EU381128.1","33959","EU381128","Lactobacillus johnsonii; ls57.","1429","0","False","True","33959"
"S000996438","EU428009.1","33959","EU428009","Lactobacillus johnsonii; A15.","1434","1","False","True","33959"
"S001096711","EU559601.1","109790","EU559601","Lactobacillus jensenii; ZDY161a.","1567","0","False","True","109790"
"S001240631","EU547307.1","47770","EU547307","Lactobacillus crispatus; BCS125.","1468","0","False","True","47770"
"S001329853","FJ749417.1","1587","FJ749417","Lactobacillus helveticus; IMAU50014; YN15-4-2-1.","1489","0","False","True","1587"
"S001329880","FJ749444.1","1587","FJ749444","Lactobacillus helveticus; IMAU50044; YN2-2-1-1.","1378","0","False","True","1587"
"S001792816","AB425926.1","1623","AB425926","Lactobacillus ruminis; TB-D20.","1485","2","False","True","1623"
"S001873272","FN557015.1","109790","FN557015","Lactobacillus jensenii.","1443","0","False","True","109790"
"S001910616","","147802","Y16329","Lactobacillus iners","","0","TRUE","","147802"
"S002232141","HM598684.1","1579","HM598684","Lactobacillus acidophilus; GSMQ2.","1411","0","False","True","1579"
"S002287212","FN692037.1","748671","FN692037","Lactobacillus crispatus ST1.","1564","0","False","True","47770"
"S003303787","JX255677.1","1579","JX255677","Lactobacillus acidophilus; EMBS081.","1569","10","False","True","1579"
"S003314827","JQ805632.1","1623","JQ805632","Lactobacillus ruminis; IMAUFB012; XZ34-6.","1608","0","False","True","1623"
"S003314820","JQ805625.1","1623","JQ805625","Lactobacillus ruminis; IMAUFB005; XZ20-8.","1607","0","False","True","1623"
"S003314830","JQ805635.1","1596","JQ805635","Lactobacillus gasseri; IMAUFB015; XZ45-8.","1611","0","False","True","1596"
"S003314836","JQ805641.1","1623","JQ805641","Lactobacillus ruminis; IMAUFB021; XZ53-1.","1472","3","False","True","1623"
"S003314846","JQ805651.1","1623","JQ805651","Lactobacillus ruminis; IMAUFB032; XJ28-12.","1607","0","False","True","1623"
"S003314864","JQ805669.1","1596","JQ805669","Lactobacillus gasseri; IMAUFB051; GX24-3.","1490","0","False","True","1596"
"S003314999","JQ837457.1","1624","JQ837457","Lactobacillus salivarius; P2.","1523","0","False","True","1624"
"S003710483","AB809568.1","33959","AB809568","Lactobacillus johnsonii; C30Ae4.","1540","2","False","True","33959"
"S003710491","AB809576.1","33959","AB809576","Lactobacillus johnsonii; C30An11.","1538","1","False","True","33959"
"S003710487","AB809572.1","33959","AB809572","Lactobacillus johnsonii; C30An17.","1536","0","False","True","33959"
"S003756380","KC561106.1","47770","KC561106","Lactobacillus crispatus; OR7.","1500","0","False","True","47770"
"S003756403","KC561129.1","1624","KC561129","Lactobacillus salivarius; Es10.","1520","0","False","True","1624"
"S003810507","KC836739.1","1587","KC836739","Lactobacillus helveticus; RUM1-1.","1353","1","False","True","1587"
"S004065952","CP003799.1","880633","CP003799","Lactobacillus helveticus R0052.","1562","0","False","True","1587"
"S004078502","AB911536.1","1624","AB911536","Lactobacillus salivarius; JCM 8699.","1502","3","True","True","1624"
"S004086372","KJ160201.1","1624","KJ160201","Lactobacillus salivarius; P2.","1391","0","False","True","1624"
"S004125650","JN188382.1","1579","JN188382","Lactobacillus acidophilus; HM1.","1528","0","False","True","1579"
"S004125661","JN188393.1","1624","JN188393","Lactobacillus salivarius; CI3.","1524","0","False","True","1624"
"S004231904","KM096595.1","1579","KM096595","Lactobacillus acidophilus; DSMZ 20079.","1408","0","True","True","1579"
"S004263846","AB976545.1","47770","AB976545","Lactobacillus crispatus; BC4.","1508","0","False","True","47770"
"S004263852","AB976551.1","1596","AB976551","Lactobacillus gasseri; BC10.","1505","0","False","True","1596"
"S000011392","AJ427479.1","1302","AJ427479","Streptococcus gordonii; DL1.","1457","0","False","True","1302"
"S000381771","AB006119.1","1328","AB006119","Streptococcus anginosus subsp. null; GTC820.","1363","0","False","True","1328"
"S000386903","AF003931.1","1302","AF003931","Streptococcus gordonii (T); ATCC 10558.","1512","0","True","True","1302"
"S000388118","AF145243.1","1328","AF145243","Streptococcus anginosus subsp. null; 414.","1500","2","False","True","1328"
"S000400845","AY188347.1","45634","AY188347","Streptococcus cristatus (T); ATCC 51100.","1533","0","True","True","45634"
"S000405655","AY281080.1","1303","AY281080","Streptococcus oralis; ATCC 700233.","1428","0","True","True","1303"
"S000405662","AY281087.1","1318","AY281087","Streptococcus parasanguinis; ATCC 15909.","1430","0","True","True","1318"
"S000405665","AY281090.1","45634","AY281090","Streptococcus cristatus; ATCC 49999.","1428","0","True","True","45634"
"S000413788","D38483.1","1302","D38483","Streptococcus gordonii; NCTC7865.","1413","1","True","True","1302"
"S000427357","AB006125.1","1318","AB006125","Streptococcus parasanguinis; GIFU8099.","1294","0","False","True","1318"
"S000548072","AY525794.1","1313","AY525794","Streptococcus pneumoniae; VN_O27.","1448","0","False","True","1313"
"S000617884","AM157442.1","1313","AM157442","Streptococcus pneumoniae; mother V4; 4V4.","1555","1","False","True","1313"
"S000711878","DQ303190.1","1303","DQ303190","Streptococcus oralis; CCUG 24891.","1472","2","True","True","1303"
"S000769636","EF121447.1","1334","EF121447","Streptococcus dysgalactiae subsp. null; 174962-3.","1276","0","False","True","1334"
"S000926637","EU075059.1","119602","EU075059","Streptococcus dysgalactiae subsp. equisimilis; 4-54MP.","1467","0","False","True","1334"
"S000926643","EU075065.1","119602","EU075065","Streptococcus dysgalactiae subsp. equisimilis; 10-seventyfourmplarge.","1467","1","False","True","1334"
"S000926647","EU075069.1","1311","EU075069","Streptococcus agalactiae; 14-ninetytwomp.","1449","1","False","True","1311"
"S001098382","EU622516.1","1311","EU622516","Streptococcus agalactiae; CMS015.","1462","0","False","True","1311"
"S001187501","EU156765.1","28037","EU156765","Streptococcus mitis; CCRI-15082.","1269","0","False","True","28037"
"S001187498","EU156762.1","28037","EU156762","Streptococcus mitis; CCRI-14955.","1269","7","False","True","28037"
"S001187520","EU156784.1","257758","EU156784","Streptococcus pseudopneumoniae; CCRI-8984.","1329","0","False","True","257758"
"S001187524","EU156788.1","257758","EU156788","Streptococcus pseudopneumoniae; CCUG 50870.","1329","2","True","True","257758"
"S001352166","FJ823145.1","257758","FJ823145","Streptococcus pseudopneumoniae; ToTG.","1442","2","False","True","257758"
"S001352219","FJ827123.1","257758","FJ827123","Streptococcus pseudopneumoniae; KTL079.","1376","3","False","True","257758"
"S001744702","GU045384.1","1303","GU045384","Streptococcus oralis; ATCC 9811.","1440","0","True","True","1303"
"S001744699","GU045381.1","1303","GU045381","Streptococcus oralis; KCOM 1408.","1442","0","False","True","1303"
"S001744715","GU045397.1","1313","GU045397","Streptococcus pneumoniae; CCARM 4033.","1427","0","False","True","1313"
"S001910587","GU470899.1","45634","GU470899","Streptococcus cristatus; F0329.","1522","0","False","True","45634"
"S002034941","GU561379.1","28037","GU561379","Streptococcus mitis; TonEJ2.","1438","0","False","True","28037"
"S002034947","GU561385.1","1302","GU561385","Streptococcus gordonii; MTE3.","1442","0","False","True","1302"
"S002034945","GU561383.1","45634","GU561383","Streptococcus cristatus; GumJ9.","1432","1","False","True","45634"
"S002034955","GU561393.1","1318","GU561393","Streptococcus parasanguinis; PTO12.","1430","0","False","True","1318"
"S002166277","GU907519.1","1302","GU907519","Streptococcus gordonii; C163.","1448","0","False","True","1302"
"S002166276","GU907518.1","45634","GU907518","Streptococcus cristatus; C122.","1431","0","False","True","45634"
"S002232092","HM596296.1","905067","HM596296","Streptococcus parasanguinis; F0405.","1523","0","False","True","1318"
"S002290010","AP010935.1","486410","AP010935","Streptococcus dysgalactiae subsp. equisimilis GGS_124.","1553","0","False","True","1334"
"S002351060","GU326243.1","1313","GU326243","Streptococcus pneumoniae; 578.","1426","1","False","True","1313"
"S002447332","JF423941.1","1311","JF423941","Streptococcus agalactiae; HN0101.","1500","0","False","True","1311"
"S002447336","JF423945.1","1311","JF423945","Streptococcus agalactiae; HN0301.","1497","0","False","True","1311"
"S002915096","JN004270.1","1282664","JN004270","Streptococcus tigurinus; AZ_3a.","1476","0","False","True","1077464"
"S002961460","JN787168.1","1328","JN787168","Streptococcus anginosus subsp. null; SK1402.","1404","0","False","True","1328"
"S002988436","HQ219654.1","28037","HQ219654","Streptococcus mitis; SK024.","1401","0","False","True","28037"
"S003222829","JN713499.1","134262","JN713499","Streptococcus mitis bv. 2; 1D009.","1505","0","False","True","28037"
"S003719481","KC569585.1","1328","KC569585","Streptococcus anginosus subsp. null; ChDC B544.","1426","0","False","True","1328"
"S003720708","KC699069.1","1311","KC699069","Streptococcus agalactiae; CNM174_12.","1235","12","False","True","1311"
"S003803508","HG315101.1","1458253","HG315101","Streptococcus dentisani; DSM 27088; 7747.","1535","0","True","True","1458253"
"S003809023","KC589365.1","1303","KC589365","Streptococcus oralis; ChDC B691.","1328","0","False","True","1303"
"S004062196","CP002121.1","574093","CP002121","Streptococcus pneumoniae AP200.","1548","0","False","True","1313"
"S004065550","CP003861.1","862971","CP003861","Streptococcus anginosus subsp. null C238.","1558","0","False","True","1328"
"S004068318","CP002925.1","1054460","CP002925","Streptococcus pseudopneumoniae IS7493.","1546","0","False","True","257758"
"S004213162","KC817218.1","1318","KC817218","Streptococcus parasanguinis; C357.","1421","1","False","True","1318"
"S004213781","KF261349.1","1077464","KF261349","Streptococcus tigurinus; D20.","1391","0","False","True","1077464"
"S004216787","KJ575557.1","1077464","KJ575557","Streptococcus tigurinus; DP23.","1510","0","False","True","1077464"
"S004446753","KM349854.1","119602","KM349854","Streptococcus dysgalactiae subsp. equisimilis; Sdys14.","1428","0","False","True","1334"
"S000002016","","54007","Y07841","Anaerococcus octavius","","0","TRUE","","54007"
"S000432298","","33034","AF542232","Anaerococcus prevotii","","2","TRUE","","33034"
"S000432300","","33036","AF542234","Anaerococcus tetradius","","1","TRUE","","33036"
"S000768875","","411577","DQ911243","Anaerococcus murdochii","","0","FALSE","","411577"
"S000995183","D14139.1","33034","D14139","Anaerococcus prevotii; ATCC 9321; GIFU 7658.","1375","8","True","True","33034"
"S000995186","D14142.1","33036","D14142","Anaerococcus tetradius; GIFU 7672.","1377","8","False","True","33036"
"S001589410","GQ422749.1","33036","GQ422749","Anaerococcus tetradius; F0127.","1501","0","False","True","33036"
"S002165144","","33034","AB558162","Anaerococcus prevotii","","0","FALSE","","33034"
"S002288284","CP001708.1","525919","CP001708","Anaerococcus prevotii DSM 20548.","1528","0","True","True","33034"
"S003261718","AB673373.1","33032","AB673373","Anaerococcus lactolyticus; JCM 8140.","1489","0","True","True","33032"
"S004126269","AB971807.1","33034","AB971807","Anaerococcus prevotii; JCM 6508.","1488","4","True","True","33034"
"S000008147","Y16279.1","72026","Y16279","Helcococcus ovis (T); s840-96-2 (=CCUG 37441).","1423","0","True","True","72026"
"S001872353","AB542089.1","72026","AB542089","Helcococcus ovis; H21-Yamagata-000808.","1398","0","False","True","72026"
"S000768453","AM176524.1","33033","AM176524","Parvimonas micra; gpac049n.","1450","4","False","True","33033"
"S000768460","AM176531.1","33033","AM176531","Parvimonas micra; gpac131.","1447","0","False","True","33033"
"S000768447","AM176518.1","33033","AM176518","Parvimonas micra; gpac015.","1447","10","False","True","33033"
"S003222569","JN713239.1","33033","JN713239","Parvimonas micra; OC026.","1517","0","False","True","33033"
"S004445115","CP009761.1","33033","CP009761","Parvimonas micra; KCOM 1535; ChDC B708.","1536","0","False","True","33033"
"S000319466","","1260","AB109771","Finegoldia magna","","0","FALSE","","1260"
"S000319464","AB109770.1","1260","AB109770","Finegoldia magna; ATCC 29328.","1525","0","True","True","1260"
"S002949622","AB640691.1","1260","AB640691","Finegoldia magna; JCM 1766.","1483","0","True","True","1260"
"S003264872","AB691574.1","1260","AB691574","Finegoldia magna; JCM 6491.","1483","0","True","True","1260"
"S004070927","CM000955.1","525282","CM000955","Finegoldia magna ATCC 53516.","1522","0","True","True","1260"
"S000003547","Y07839.1","54005","Y07839","Peptoniphilus harei (T); DSM 10020; SBH432.","1476","0","True","True","54005"
"S000432294","","54005","AF542228","Peptoniphilus asaccharolyticus","","2","TRUE","","54005"
"S000995185","D14141.1","33031","D14141","Peptoniphilus lacrimalis; JCM 8139; GIFU 7667.","1373","4","True","True","33031"
"S001016323","","507750","EU526290","Peptoniphilus duerdenii","","0","FALSE","","507750"
"S001016325","EU526292.1","337315","EU526292","Candidatus Peptoniphilus massiliensis; WAL 1804I.","1375","0","False","True","337315"
"S002166681","GU938835.1","755171","GU938835","Peptoniphilus tyrrelliae; RMA 19911.","1463","0","False","True","755171"
"S002166682","GU938836.1","755172","GU938836","Peptoniphilus coxii; RMA 16757.","1465","0","False","True","755172"
"S002408135","FR798912.1","337315","FR798912","Candidatus Peptoniphilus massiliensis; CCUG 60630.","1473","0","True","True","337315"
"S002949621","AB640690.1","1258","AB640690","Peptoniphilus asaccharolyticus; JCM 1765.","1490","0","True","True","1258"
"S002962255","JN837491.1","1118057","JN837491","Peptoniphilus grossensis ph5.","1482","0","False","True","1465756"
"S004050478","KF280292.1","33031","KF280292","Peptoniphilus lacrimalis; DNF00528.","1288","1","False","True","33031"
"S004126274","AB971812.1","33031","AB971812","Peptoniphilus lacrimalis; JCM 8139.","1488","0","True","True","33031"
"S001744319","GQ461824.1","43143","GQ461824","Tissierella creatinini; DSM 9508.","1372","0","True","True","43143"
"S002350818","FR749955.1","43143","FR749955","Tissierella creatinini; type strain: DSM 9508; 1.","1520","0","True","True","43143"
"S002350819","FR749956.1","43143","FR749956","Tissierella creatinini; type strain: DSM 9508; 2.","1518","0","True","True","43143"
"S000326486","AY278618.1","230135","AY278618","Lachnospiraceae genomosp. C1; C4ALM087.","1487","0","False","True","230135"
"S002225551","HM120209.1","796942","HM120209","Stomatobaculum longum; ACC2.","1377","1","False","True","796942"
"S000002770","","40520","X85101","[Ruminococcus] obeum","","3","FALSE","","40520"
"S000399526","","40520","AY169424","[Ruminococcus] obeum","","0","FALSE","","40520"
"S000399521","","40520","AY169419","[Ruminococcus] obeum","","0","FALSE","","40520"
"S000399513","","40520","AY169411","[Ruminococcus] obeum","","0","FALSE","","40520"
"S000436017","","40520","L76601","[Ruminococcus] obeum","","6","FALSE","","40520"
"S001331402","FJ796700.1","617123","FJ796700","Lachnoanaerobaculum umeaense (T); CD3:22.","1594","0","True","True","617123"
"S000022285","X55797.1","2741","X55797","Peptococcus niger (T).","1410","7","True","True","2741"
"S002949687","AB644260.1","2741","AB644260","Peptococcus niger; JCM 6506.","1528","0","True","True","2741"
"S000414263","L04168.1","1261","L04168","Peptostreptococcus anaerobius; ATCC 27337.","1462","9","True","True","1261"
"S002949619","AB640688.1","1261","AB640688","Peptostreptococcus anaerobius; JCM 1470.","1479","0","True","True","1261"
"S002223915","","884684","GQ900633","bacterium BVAB3-Strain 3","","3","FALSE","","884684"
"S002235821","","46507","AB547639","Bacteroides coagulans","","0","FALSE","","46507"
"S003261713","AB671763.1","270498","AB671763","Catabacter hongkongensis; JCM 17853.","1497","0","True","True","270498"
"S004225612","KJ469554.1","1464038","KJ469554","Ezakiella peruensis; M6.X2.","1367","0","False","True","1464038"
"S000478277","","308994","AY850120","Dialister propionicifaciens","","0","FALSE","","308994"
"S000478267","","309120","AY850110","Dialister micraerophilus","","0","FALSE","","309120"
"S000478272","","309120","AY850115","Dialister micraerophilus","","0","FALSE","","309120"
"S000478279","AY850122.1","308994","AY850122","Dialister propionicifaciens; ADV 3202.03.","1428","0","False","True","308994"
"S002440961","AB626633.1","309120","AB626633","Dialister micraerophilus; JCM 17567.","1528","0","True","True","309120"
"S000015427","X84007.1","39777","X84007","Veillonella atypica; DSM 20739.","1513","5","True","True","39777"
"S000008225","X84006.1","39778","X84006","Veillonella dispar; DSM 20735.","1513","4","True","True","39778"
"S000348929","AF439639.1","39778","AF439639","Veillonella dispar (T); ATCC 17748.","1375","0","True","True","39778"
"S000368429","","187328","AY355141","Veillonella montpellierensis","","0","FALSE","","187328"
"S000348930","AF439640.1","29466","AF439640","Veillonella parvula; CIP 60.1.","1409","2","True","True","29466"
"S000368427","AY355138.1","103892","AY355138","Veillonella ratti (T); DSM 20736.","1396","0","True","True","103892"
"S000368430","","187328","AY355142","Veillonella montpellierensis","","0","FALSE","","187328"
"S000404352","","187328","AY244769","Veillonella montpellierensis","","1","FALSE","","187328"
"S000388823","AF186071.1","103892","AF186071","Veillonella ratti; ATCC17746.","1509","6","True","True","103892"
"S000395079","","187328","AF473836","Veillonella montpellierensis","","0","TRUE","","187328"
"S000528125","AY995768.1","39777","AY995768","Veillonella atypica; ATCC 17744.","1498","2","True","True","39777"
"S000528126","AY995769.1","29466","AY995769","Veillonella parvula; ATCC 17745.","1500","1","True","True","29466"
"S000528127","AY995770.1","39778","AY995770","Veillonella dispar; ATCC 17748.","1498","2","True","True","39778"
"S000769407","EF108448.1","423477","EF108448","Veillonella rogosae; CF24.","1344","0","False","True","423477"
"S000769402","EF108443.1","423477","EF108443","Veillonella rogosae (T); CF100.","1344","0","True","True","423477"
"S000769403","EF108444.1","423477","EF108444","Veillonella rogosae; CF05.","1344","0","False","True","423477"
"S001602635","GQ422726.1","39778","GQ422726","Veillonella dispar; X031.","1540","0","False","True","39778"
"S001884223","GU406116.1","29466","GU406116","Veillonella parvula; _X042.","1480","0","False","True","29466"
"S002034974","GU561412.1","39777","GU561412","Veillonella atypica; MTO13.","1445","0","False","True","39777"
"S002035368","GU574206.1","29466","GU574206","Veillonella parvula; GRT2.","1443","0","False","True","29466"
"S002287739","CP001820.1","479436","CP001820","Veillonella parvula DSM 2008.","1563","0","True","True","29466"
"S002949613","AB639142.1","103892","AB639142","Veillonella ratti; JCM 6512.","1524","0","True","True","103892"
"S004085501","KJ082047.1","39778","KJ082047","Veillonella dispar; DNF00926.","1443","4","False","True","39778"
"S001329581","FJ715928.1","620903","FJ715928","Negativicoccus succinicivorans; ADV 12/01/04-B-1195.","1401","0","False","True","620903"
"S002235216","HQ264056.1","620903","HQ264056","Negativicoccus succinicivorans; BI001.","1520","5","False","True","620903"
"S000404362","","54005","AY244779","Peptoniphilus sp. 2002-2300004","1432","0","False","True","54005"
"S000404361","","54005","AY244778","Peptoniphilus sp. 2002-38328","1444","0","False","True","54005"
"AY959062","","87541","AY959062","Aerococcus christensenii","1525","0","False","True","87541"
"JF205271","","849","JF205271","Fusobacterium gonidiaformans","1329","0","False","True","849"
"AY995255","","906_2","AY995255","Megasphaera sp. type 2","1360","0","False","True","906_2"
"HM334671","","84111_1","HM334671","Eggerthella sp. type 1","1327","0","False","True","84111_1"
"DQ666099","","906_2","DQ666099","Megasphaera sp. type 2","1529","0","False","True","906_2"
"AM697328","","bvab2_s","AM697328","BVAB2","1487","0","False","True","bvab2_s"
"DQ130020","","308994","DQ130020","Dialister propionicifaciens","1469","0","False","True","308994"
"AY959051","","147802","AY959051","Lactobacillus iners","1547","0","False","True","147802"
"AY724739","","bvab1_s","AY724739","BVAB1","1007","0","False","True","bvab1_s"
"GQ038480","","bvab1_s","GQ038480","BVAB1","1352","0","False","True","bvab1_s"
"JF205390","","849","JF205390","Fusobacterium gonidiaformans","1329","0","False","True","849"
"GQ105948","","87541","GQ105948","Aerococcus christensenii","1370","0","False","True","87541"
"GQ179693","","502393","GQ179693","Gemella sp. WAL 1945J","1494","0","False","True","502393"
"DQ666092","","tm7vag_s","DQ666092","Candidate Division TM7 vaginal","1431","0","False","True","tm7vag_s"
"DQ666096","","39948_2","DQ666096","Dialister sp. type 2","1530","0","False","True","39948_2"
"HM341161","","bvab2_s","HM341161","BVAB2","1357","0","False","True","bvab2_s"
"GQ044889","","bvab1_s","GQ044889","BVAB1","1352","0","False","True","bvab1_s"
"AY995244","","502393","AY995244","Gemella sp. WAL 1945J","1351","0","False","True","502393"
"GQ009059","","838_5","GQ009059","Prevotella genogroup 5","1357","0","False","True","838_5"
"AY995240","","82135","AY995240","Atopobium vaginae","1306","0","False","True","82135"
"GQ106870","","87541","GQ106870","Aerococcus christensenii","1370","0","False","True","87541"
"GQ156995","","39948_2","GQ156995","Dialister sp. type 2","1459","2","False","True","39948_2"
"GQ038455","","419005","GQ038455","Prevotella amnii","1360","0","False","True","419005"
"HM324462","","54005","HM324462","Peptoniphilus harei","1346","0","False","True","54005"
"JF199569","","849","JF199569","Fusobacterium gonidiaformans","1329","0","False","True","849"
"GQ038497","","84111_1","GQ038497","Eggerthella sp. type 1","1327","0","False","True","84111_1"
"AM696863","","147802","AM696863","Lactobacillus iners","1524","2","False","True","147802"
"AY738685","","28127","AY738685","Prevotella buccalis","1025","0","False","True","28127"
"FM872697","","39948_2","FM872697","Dialister sp. type 2","1521","0","False","True","39948_2"
"JF110267","","838_5","JF110267","Prevotella genogroup 5","1357","0","False","True","838_5"
"S002287194","","2702","CP001849","Gardnerella vaginalis","1527","0","False","True","2702"
"AY959109","","39948_2","AY959109","Dialister sp. type 2","1554","0","False","True","39948_2"
"AY995270","","bvab2_s","AY995270","BVAB2","1330","0","False","True","bvab2_s"
"HM021454","","386414","HM021454","Prevotella timonensis","1430","0","False","True","386414"
"HM021517","","386414","HM021517","Prevotella timonensis","1428","0","False","True","386414"
"HM021511","","386414","HM021511","Prevotella timonensis","1431","0","False","True","386414"
"AY959212","","386414","AY959212","Prevotella timonensis","1483","0","False","True","386414"
"HM315425","","838_5","HM315425","Prevotella genogroup 5","1357","0","False","True","838_5"
"AY959087","","147802","AY959087","Lactobacillus iners","1540","0","False","True","147802"
"GQ037690","","28123","GQ037690","Porphyromonas asaccharolytica","1358","0","False","True","28123"
"S002287520","","884684","CP001850","Clostridiales genomosp. BVAB3","1528","0","False","True","884684"
"HM332476","","84111_1","HM332476","Eggerthella sp. type 1","1327","0","False","True","84111_1"
"AY958826","","33036","AY958826","Anaerococcus tetradius","1453","0","False","True","33036"
"HM343974","","82135","HM343974","Atopobium vaginae","1335","0","False","True","82135"
"FM872730","","39948_2","FM872730","Dialister sp. type 2","1521","0","False","True","39948_2"
"HM334501","","82135","HM334501","Atopobium vaginae","1335","0","False","True","82135"
"HM335211","","502393","HM335211","Gemella sp. WAL 1945J","1377","0","False","True","502393"
"GQ037669","","419005","GQ037669","Prevotella amnii","1360","0","False","True","419005"
"EU189011","","849","EU189011","Fusobacterium gonidiaformans","900","0","False","True","849"
"HM021348","","308994","HM021348","Dialister propionicifaciens","1463","0","False","True","308994"
"FM996494","","838_5","FM996494","Prevotella genogroup 5","1472","0","False","True","838_5"
"AY995266","","bvab1_s","AY995266","BVAB1","1327","0","False","True","bvab1_s"
"HM334681","","419005","HM334681","Prevotella amnii","1360","0","False","True","419005"
"JF087442","","40543","JF087442","Sneathia sanguinegens","1337","0","False","True","40543"
"HM021468","","28127","HM021468","Prevotella buccalis","1431","0","False","True","28127"
"HM021469","","28127","HM021469","Prevotella buccalis","1435","0","False","True","28127"
"HM021462","","308994","HM021462","Dialister propionicifaciens","1465","0","False","True","308994"
"HM335369","","84111_1","HM335369","Eggerthella sp. type 1","1327","0","False","True","84111_1"
"S002151530","","576927","GQ222264","Brevibacterium massiliense","1455","1","False","True","576927"
"HM248360","","28123","HM248360","Porphyromonas asaccharolytica","1358","0","False","True","28123"
"GQ030336","","28130","GQ030336","Prevotella disiens","1362","0","False","True","28130"
"JF220746","","28123","JF220746","Porphyromonas asaccharolytica","1357","0","False","True","28123"
"JF205208","","849","JF205208","Fusobacterium gonidiaformans","1329","0","False","True","849"
"S000414466","","28130","L16483","Prevotella disiens","1479","3","False","True","28130"
"L37789","","40543","L37789","Sneathia sanguinegens","1462","8","False","True","40543"
"HM277251","","838_5","HM277251","Prevotella genogroup 5","1357","0","False","True","838_5"
"EF682871","","147802","EF682871","Lactobacillus iners","1477","7","False","True","147802"
"GQ037144","","bvab2_s","GQ037144","BVAB2","1360","0","False","True","bvab2_s"
"GQ038476","","33036","GQ038476","Anaerococcus tetradius","1347","0","False","True","33036"
"AY958930","","bvab1_s","AY958930","BVAB1","1499","0","False","True","bvab1_s"
"S000134158","AJ439453.1","190146","AJ439453","Actinobaculum urinale (T); CCUG 46093T.","1488","0","True","True",""
"S001329491","FJ711182.1","190146","FJ711182","Actinotignum urinale; NML 01A004.","1439","0","False","True",""
"S001329495","FJ711186.1","190146","FJ711186","Actinotignum urinale; NML 04A014.","1467","0","False","True",""
"S001329496","FJ711187.1","190146","FJ711187","Actinotignum urinale; NML 060863.","1453","0","False","True",""
"S003918691","HG798952.1","1445614","HG798952","Actinomycetaceae bacterium IMMIB L-2199.","1508","0","False","True",""
"S000110434","AJ427625.1","2052","AJ427625","Mobiluncus mulieris; CCUG 20071.","1404","0","True","True",""
"S000148326","AJ576087.1","2052","AJ576087","Mobiluncus mulieris; CCUG 30101.","1429","0","True","True",""
"S000148042","AJ576078.1","2052","AJ576078","Mobiluncus mulieris; CCUG 22333.","1485","1","True","True",""
"S000148551","","2052","AJ576080","Mobiluncus mulieris","","1","FALSE","",""
"S000148781","AJ576079.1","2052","AJ576079","Mobiluncus mulieris; CCUG 22334.","1407","0","True","True",""
"S000008149","Y16264.1","72000","Y16264","Kocuria rhizophila (T); TA68 (DSM 11926, type strain).","1471","0","True","True",""
"S000537380","DQ060382.1","1275","DQ060382","Kocuria rosea; P27-24.","1487","0","False","True",""
"S000645727","DQ176452.1","1275","DQ176452","Kocuria rosea; CV1.","1309","0","False","True",""
"S002222947","FR682682.1","37923","FR682682","Kocuria kristinae; R-36519.","1483","0","False","True",""
"S004075813","HE716941.1","71999","HE716941","Kocuria palustris; JPR-01.","1447","0","False","True",""
"S000420606","AY546095.1","2047","AY546095","Rothia dentocariosa; ATCC BAA-907; CCUG 48652; CDC# C5660.","1449","0","True","True",""
"S000722242","DQ822568.1","396015","DQ822568","Rothia terrae (T); L-143.","1436","0","True","True",""
"S001910580","GU470892.1","888019","GU470892","Rothia sp. oral taxon 188; F0184.","1500","0","False","True",""
"S003721713","KC806052.1","1324766","KC806052","Rothia endophytica; YIM 67072.","1520","0","False","True",""
"S004055193","KF543253.1","85336","KF543253","Rothia nasimurium; MI11-3653.","1362","1","False","True",""
"S000381784","AB006658.1","1685","AB006658","Bifidobacterium breve (T); ATCC 15700.","1520","0","True","True",""
"S002908346","HM534840.1","1691","HM534840","Bifidobacterium indicum; Akhoto12.","1397","0","False","True",""
"S004065183","CP002794.1","1035817","CP002794","Bifidobacterium longum subsp. longum KACC 91563.","1526","0","False","True",""
"S004225550","KJ412985.1","630129","KJ412985","Bifidobacterium kashiwanohense; BRS11-1.","1234","0","False","True",""
"S004443876","CP009045.1","302911","CP009045","Bifidobacterium animalis subsp. lactis; BF052.","1548","0","False","True",""
"S000616640","AB241105.1","356828","AB241105","Metascardovia criceti (T); OMB105.","1455","0","True","True",""
"S003712344","JQ363617.1","1160091","JQ363617","Alloscardovia sp. M8.","1436","1","False","True",""
"S000011058","AB015945.1","39487","AB015945","Atopobium fossor; JCM 9981.","1475","0","True","True",""
"S000390776","","1382","AF292372","Atopobium parvulum","","0","FALSE","",""
"S000390775","","1383","AF292371","Atopobium rimae","","0","TRUE","",""
"S000380957","S44204.1","1381","S44204","Atopobium minutum.","1454","2","False","True",""
"S003921265","KF537630.1","1393034","KF537630","Atopobium deltae; HHRM1715.","1368","0","False","True",""
"S000382128","AB011817.1","84112","AB011817","Eggerthella lenta; JCM9979.","1472","1","True","True",""
"S000540527","AY321958.1","242230","AY321958","Eggerthella sinensis (T); HKU14.","1429","0","True","True",""
"S004065286","CP001726.1","479437","CP001726","Eggerthella lenta DSM 2243.","1509","0","True","True",""
"S004454792","KP233381.1","84112","KP233381","Eggerthella lenta; D3-6.","1437","0","False","True",""
"S004454793","KP233382.1","84112","KP233382","Eggerthella lenta; D3-65.","1440","8","False","True",""
"S002349751","AB591067.1","1015","AB591067","Bergeyella zoohelcum; 21-154.","1298","0","False","True",""
"S002349748","AB591064.1","1015","AB591064","Bergeyella zoohelcum; 19-462-2.","1298","0","False","True",""
"S004449110","KM461977.1","1015","KM461977","Bergeyella zoohelcum; OH357.","1487","0","False","True",""
"S003222682","JN713352.1","1015","JN713352","Bergeyella zoohelcum; QC056.","1484","0","False","True",""
"S003262920","AB681029.1","1015","AB681029","Bergeyella zoohelcum; NBRC 16014.","1453","0","True","True",""
"S000436360","M58766.1","982","M58766","Cytophaga fermentans (T); ATCC 19072.","1474","11","True","True",""
"S002235743","AB517712.1","982","AB517712","Saccharicrinis fermentans; NBRC 15936.","1448","1","True","True",""
"S003881611","CP006974.1","1434770","CP006974","Chlamydia muridarum str. Nigg3 CMUT3-5.","1554","0","False","True",""
"S000330875","AY555075.1","83558","AY555075","Chlamydophila pneumoniae; LKK-1.","1369","0","False","True",""
"S004051923","KF366257.1","1457141","KF366257","Chlamydia avium; PV7344/2.","1425","0","False","True",""
"S004063764","CP002804.1","1112250","CP002804","Chlamydophila psittaci C19/98.","1552","0","False","True",""
"S004066962","CP002608.1","331635","CP002608","Chlamydophila pecorum E58.","1553","0","False","True",""
"S000978828","AB330754.1","34105","AB330754","Streptobacillus moniliformis; IKC1.","1444","0","False","True",""
"S000978833","AB330759.1","34105","AB330759","Streptobacillus moniliformis; KWG2.","1439","0","False","True",""
"S001743349","CP001779.1","519441","CP001779","Streptobacillus moniliformis DSM 12112.","1506","0","True","True",""
"S003942142","HG421076.1","1384509","HG421076","Streptobacillus sp. 131000547.","1415","0","False","True",""
"S004455309","KP657494.1","34105","KP657494","Streptobacillus moniliformis; ATCC 27747.","1476","0","True","True",""
"S000112393","AJ227758.1","69395","AJ227758","Caulobacter henricii (T); ATCC 15253(T).","1439","0","True","True",""
"S000113111","AJ227759.1","69396","AJ227759","Caulobacter fusiformis (T); ATCC 15257(T).","1439","0","True","True",""
"S000727795","AB271055.1","400775","AB271055","Caulobacter ginsengisoli (T); Gsoil 317.","1421","1","True","True",""
"S004051835","KF360052.1","1380046","KF360052","Caulobacter sp. DS48-5-2.","1353","0","False","True",""
"S004067908","CP001340.1","565050","CP001340","Caulobacter vibrioides NA1000.","1484","0","False","True",""
"S000428119","AF053900.1","85403","AF053900","Mannheimia ruminalis (T); HPA92; CCUG 38470.","1504","3","True","True",""
"S003881515","CP006944.1","1434214","CP006944","Mannheimia varigena USDA-ARS-USMARC-1312.","1528","0","False","True",""
"S004066138","CP004752.1","1249531","CP004752","Mannheimia haemolytica USDA-ARS-USMARC-183.","1540","0","False","True",""
"S004071265","CP006953.1","1434215","CP006953","Mannheimia varigena USDA-ARS-USMARC-1388.","1540","0","False","True",""
"S004071364","CP006942.1","1432056","CP006942","Mannheimia varigena USDA-ARS-USMARC-1261.","1540","0","False","True",""
"S000010261","AB021405.1","86189","AB021405","Pseudomonas hibiscicola (T); ATCC 19867.","1519","7","True","True",""
"S001875571","GU391467.1","216778","GU391467","Stenotrophomonas rhizophila; Gd2T.","1508","0","False","True",""
"S002235122","HQ259710.1","266128","HQ259710","Stenotrophomonas koreensis; C27.","1498","0","False","True",""
"S002443201","HQ219977.1","517011","HQ219977","Stenotrophomonas chelatiphaga; ATY58.","1432","0","False","True",""
"S003257703","GU945535.1","128780","GU945535","Stenotrophomonas acidaminiphila; CCUG 54933.","1542","0","True","True",""
"S000006425","Y10772.1","178214","Y10772","Facklamia hominis (T); ATCC 700628 type strain.","1505","5","True","True",""
"S000018832","AJ277381.1","120956","AJ277381","Facklamia miroungae (T).","1405","0","True","True",""
"S000005060","Y15716.1","137730","Y15716","Facklamia ignava (T).","1409","0","True","True",""
"S000021549","Y17820.1","87458","Y17820","Facklamia tabacinasalis (T); CCUG30090.","1502","0","True","True",""
"S000020001","Y17312.1","87650","Y17312","Facklamia sourekii (T); type strain: SS 1019 = CCUG 28783 A = de Moor M13582 = ATCC 700629 = CDC1 = CIP 105940 = LMG 18982 = CNCTC 2/84.","1502","0","True","True",""
"S000018873","AB022027.1","191553","AB022027","Abiotrophia para-adiacens; TKT1.","1407","0","False","True",""
"S000013765","Y16547.1","137733","Y16547","Granulicatella balaenopterae (T); CCUG 37380.","1383","0","True","True",""
"S000130465","AJ312375.1","46124","AJ312375","Granulicatella adiacens; 10/833.","1456","4","False","True",""
"S000624512","AY879298.1","321195","AY879298","Granulicatella para-adiacens; 04401102.","1514","0","False","True",""
"S000624519","AY879305.1","46124","AY879305","Granulicatella adiacens; 04424062.","1518","0","False","True",""
"S000624518","AY879304.1","46124","AY879304","Granulicatella adiacens; 04356101.","1529","0","False","True",""
"S000557791","DQ082898.1","40091","DQ082898","Helcococcus kunzii; 1.","1315","0","False","True",""
"S000557792","DQ082899.1","40091","DQ082899","Helcococcus kunzii; 2.","1310","0","False","True",""
"S000543958","AJ579914.1","241555","AJ579914","Helcococcus sueciensis (T); type strain: CCUG 47334.","1512","1","True","True",""
"S003926023","KF780874.1","1441821","KF780874","Helcococcus seattlensis; F5780.","1529","3","False","True",""
"S004448389","KM403388.1","40091","KM403388","Helcococcus kunzii; 140220302601.","1345","0","False","True",""
"S000260077","X80832.1","43131","X80832","Tissierella praeacuta (T); type strain: NCTC 11158.","1400","0","True","True",""
"S001744303","GQ461808.1","43131","GQ461808","Tissierella praeacuta; LBR1.","1415","0","False","True",""
"S001744297","GQ461802.1","43131","GQ461802","Tissierella praeacuta; AIP 224.02.","1415","0","False","True",""
"S001744318","GQ461823.1","79681","GQ461823","Tissierella creatinophila; DSM 6911.","1400","0","True","True",""
"S003613876","JX267093.1","43131","JX267093","Tissierella praeacuta; E064.","1432","0","False","True",""
"S002418553","AB600998.1","1121114","AB600998","Blautia producta; JCM 1471.","1493","0","True","True",""
"S003609828","AB691576.1","649762","AB691576","Blautia luti; DSM 14534.","1481","7","True","True",""
"S000001177","X94967.1","33038","X94967","Ruminococcus gnavus (T); ATCC 29149.","1481","3","True","True",""
"S004078407","AB910751.1","53443","AB910751","Blautia hydrogenotrophica; JCM 14656.","1495","0","True","True",""
"S001610886","AB525414.1","467210","AB525414","Eubacterium saburreum (T); JCM 11021.","1493","2","True","True",""
"S001891649","GU413542.1","467210","GU413542","Lachnoanaerobaculum saburreum; WWP_SS5_P02.","1220","0","False","True",""
"S002411066","HQ877677.1","979627","HQ877677","Lachnoanaerobaculum orale; N1.","1435","0","False","True",""
"S004085500","KJ082046.1","467210","KJ082046","Lachnoanaerobaculum saburreum; DNF00896.","1371","4","False","True",""
"S002033275","","33039","FP929055","[Ruminococcus] torques","","0","FALSE","",""
"S000356157","AY167957.1","215200","AY167957","Peptostreptococcus russellii; RT-19A.","1511","0","False","True",""
"S000356149","AY167949.1","215200","AY167949","Peptostreptococcus russellii; RT-8A.","1514","0","False","True",""
"S000356162","AY167962.1","215200","AY167962","Peptostreptococcus russellii; RT-23A.","1510","0","False","True",""
"S000634343","DQ160208.1","341694","DQ160208","Peptostreptococcus stomatis (T); W2278.","1465","1","True","True",""
"S003722236","HE687281.1","1159213","HE687281","Peptostreptococcus canis; CCUG 57081.","1436","0","True","True",""
"S000363168","L79909.1","159836","L79909","Megasphaera hominis.","1522","10","False","True",""
"S000614759","DQ223730.1","349095","DQ223730","Megasphaera paucivorans (T); VTT E-032341.","1553","0","True","True",""
"S001910592","GU470904.1","187326","GU470904","Megasphaera micronuciformis; F0359.","1546","0","False","True",""
"S003714340","JX629263.1","907","JX629263","Megasphaera elsdenii; 653a.","1457","0","False","True",""
"GQ037614","","699192","GQ037614","Megasphaera sp. type 1","1389","0","False","True",""
