"tax_id","parent_id","rank","tax_name","root","below_root","superkingdom","below_superkingdom","below_below_superkingdom","phylum","subphylum","class","below_class","order","below_order","below_below_order","family","below_family","genus","below_genus","species_group","species_subgroup","species","below_species","below_below_species","subspecies","below_subspecies"
"1","1","root","root","1","","","","","","","","","","","","","","","","","","","","","",""
"131567","1","below_root","cellular organisms","1","131567","","","","","","","","","","","","","","","","","","","","",""
"2","131567","superkingdom","Bacteria","1","131567","2","","","","","","","","","","","","","","","","","","","",""
"1783270","2","below_superkingdom","FCB group","1","131567","2","1783270","","","","","","","","","","","","","","","","","","",""
"1783257","2","below_superkingdom","PVC group","1","131567","2","1783257","","","","","","","","","","","","","","","","","","",""
"1783272","2","below_superkingdom","Terrabacteria group","1","131567","2","1783272","","","","","","","","","","","","","","","","","","",""
"2323","2","below_superkingdom","unclassified Bacteria","1","131567","2","2323","","","","","","","","","","","","","","","","","","",""
"1783234","2323","below_below_superkingdom","Bacteria candidate phyla","1","131567","2","2323","1783234","","","","","","","","","","","","","","","","","",""
"68336","1783270","below_below_superkingdom","Bacteroidetes/Chlorobi group","1","131567","2","1783270","68336","","","","","","","","","","","","","","","","","",""
"201174","1783272","phylum","Actinobacteria","1","131567","2","1783272","","201174","","","","","","","","","","","","","","","","",""
"976","68336","phylum","Bacteroidetes","1","131567","2","1783270","68336","976","","","","","","","","","","","","","","","","",""
"95818","1783234","phylum","Candidatus Saccharibacteria","1","131567","2","2323","1783234","95818","","","","","","","","","","","","","","","","",""
"204428","1783257","phylum","Chlamydiae","1","131567","2","1783257","","204428","","","","","","","","","","","","","","","","",""
"1239","1783272","phylum","Firmicutes","1","131567","2","1783272","","1239","","","","","","","","","","","","","","","","",""
"32066","2","phylum","Fusobacteria","1","131567","2","","","32066","","","","","","","","","","","","","","","","",""
"1224","2","phylum","Proteobacteria","1","131567","2","","","1224","","","","","","","","","","","","","","","","",""
"544448","1783272","phylum","Tenericutes","1","131567","2","1783272","","544448","","","","","","","","","","","","","","","","",""
"68525","1224","subphylum","delta/epsilon subdivisions","1","131567","2","","","1224","68525","","","","","","","","","","","","","","","",""
"1760","201174","class","Actinobacteria","1","131567","2","1783272","","201174","","1760","","","","","","","","","","","","","","",""
"28211","1224","class","Alphaproteobacteria","1","131567","2","","","1224","","28211","","","","","","","","","","","","","","",""
"91061","1239","class","Bacilli","1","131567","2","1783272","","1239","","91061","","","","","","","","","","","","","","",""
"200643","976","class","Bacteroidia","1","131567","2","1783270","68336","976","","200643","","","","","","","","","","","","","","",""
"28216","1224","class","Betaproteobacteria","1","131567","2","","","1224","","28216","","","","","","","","","","","","","","",""
"tm7vag_c","95818","class","Candidate Division TM7 vaginal (class)","1","131567","2","2323","1783234","95818","","tm7vag_c","","","","","","","","","","","","","","",""
"204429","204428","class","Chlamydiia","1","131567","2","1783257","","204428","","204429","","","","","","","","","","","","","","",""
"186801","1239","class","Clostridia","1","131567","2","1783272","","1239","","186801","","","","","","","","","","","","","","",""
"84998","201174","class","Coriobacteriia","1","131567","2","1783272","","201174","","84998","","","","","","","","","","","","","","",""
"29547","68525","class","Epsilonproteobacteria","1","131567","2","","","1224","68525","29547","","","","","","","","","","","","","","",""
"117743","976","class","Flavobacteriia","1","131567","2","1783270","68336","976","","117743","","","","","","","","","","","","","","",""
"203490","32066","class","Fusobacteriia","1","131567","2","","","32066","","203490","","","","","","","","","","","","","","",""
"1236","1224","class","Gammaproteobacteria","1","131567","2","","","1224","","1236","","","","","","","","","","","","","","",""
"31969","544448","class","Mollicutes","1","131567","2","1783272","","544448","","31969","","","","","","","","","","","","","","",""
"909932","1239","class","Negativicutes","1","131567","2","1783272","","1239","","909932","","","","","","","","","","","","","","",""
"117747","976","class","Sphingobacteriia","1","131567","2","1783270","68336","976","","117747","","","","","","","","","","","","","","",""
"1737404","1239","class","Tissierellia","1","131567","2","1783272","","1239","","1737404","","","","","","","","","","","","","","",""
"1737407","1737404","below_class","unclassified Tissierellia","1","131567","2","1783272","","1239","","1737404","1737407","","","","","","","","","","","","","",""
"2037","1760","order","Actinomycetales","1","131567","2","1783272","","201174","","1760","","2037","","","","","","","","","","","","",""
"1385","91061","order","Bacillales","1","131567","2","1783272","","1239","","91061","","1385","","","","","","","","","","","","",""
"171549","200643","order","Bacteroidales","1","131567","2","1783270","68336","976","","200643","","171549","","","","","","","","","","","","",""
"85004","1760","order","Bifidobacteriales","1","131567","2","1783272","","201174","","1760","","85004","","","","","","","","","","","","",""
"80840","28216","order","Burkholderiales","1","131567","2","","","1224","","28216","","80840","","","","","","","","","","","","",""
"213849","29547","order","Campylobacterales","1","131567","2","","","1224","68525","29547","","213849","","","","","","","","","","","","",""
"tm7vag_o","tm7vag_c","order","Candidate Division TM7 vaginal (order)","1","131567","2","2323","1783234","95818","","tm7vag_c","","tm7vag_o","","","","","","","","","","","","",""
"204458","28211","order","Caulobacterales","1","131567","2","","","1224","","28211","","204458","","","","","","","","","","","","",""
"51291","204429","order","Chlamydiales","1","131567","2","1783257","","204428","","204429","","51291","","","","","","","","","","","","",""
"186802","186801","order","Clostridiales","1","131567","2","1783272","","1239","","186801","","186802","","","","","","","","","","","","",""
"84999","84998","order","Coriobacteriales","1","131567","2","1783272","","201174","","84998","","84999","","","","","","","","","","","","",""
"85007","1760","order","Corynebacteriales","1","131567","2","1783272","","201174","","1760","","85007","","","","","","","","","","","","",""
"1643822","84998","order","Eggerthellales","1","131567","2","1783272","","201174","","84998","","1643822","","","","","","","","","","","","",""
"200644","117743","order","Flavobacteriales","1","131567","2","1783270","68336","976","","117743","","200644","","","","","","","","","","","","",""
"203491","203490","order","Fusobacteriales","1","131567","2","","","32066","","203490","","203491","","","","","","","","","","","","",""
"186826","91061","order","Lactobacillales","1","131567","2","1783272","","1239","","91061","","186826","","","","","","","","","","","","",""
"85006","1760","order","Micrococcales","1","131567","2","1783272","","201174","","1760","","85006","","","","","","","","","","","","",""
"2085","31969","order","Mycoplasmatales","1","131567","2","1783272","","544448","","31969","","2085","","","","","","","","","","","","",""
"206351","28216","order","Neisseriales","1","131567","2","","","1224","","28216","","206351","","","","","","","","","","","","",""
"135625","1236","order","Pasteurellales","1","131567","2","","","1224","","1236","","135625","","","","","","","","","","","","",""
"72274","1236","order","Pseudomonadales","1","131567","2","","","1224","","1236","","72274","","","","","","","","","","","","",""
"204441","28211","order","Rhodospirillales","1","131567","2","","","1224","","28211","","204441","","","","","","","","","","","","",""
"200666","117747","order","Sphingobacteriales","1","131567","2","1783270","68336","976","","117747","","200666","","","","","","","","","","","","",""
"1737405","1737404","order","Tissierellales","1","131567","2","1783272","","1239","","1737404","","1737405","","","","","","","","","","","","",""
"1843489","909932","order","Veillonellales","1","131567","2","1783272","","1239","","909932","","1843489","","","","","","","","","","","","",""
"135614","1236","order","Xanthomonadales","1","131567","2","","","1224","","1236","","135614","","","","","","","","","","","","",""
"539002","1385","below_order","Bacillales incertae sedis","1","131567","2","1783272","","1239","","91061","","1385","539002","","","","","","","","","","","",""
"539738","539002","below_below_order","Bacillales Family XI. Incertae Sedis","1","131567","2","1783272","","1239","","91061","","1385","539002","539738","","","","","","","","","","",""
"433","204441","family","Acetobacteraceae","1","131567","2","","","1224","","28211","","204441","","","433","","","","","","","","","",""
"2049","2037","family","Actinomycetaceae","1","131567","2","1783272","","201174","","1760","","2037","","","2049","","","","","","","","","",""
"186827","186826","family","Aerococcaceae","1","131567","2","1783272","","1239","","91061","","186826","","","186827","","","","","","","","","",""
"1643824","84999","family","Atopobiaceae","1","131567","2","1783272","","201174","","84998","","84999","","","1643824","","","","","","","","","",""
"186817","1385","family","Bacillaceae","1","131567","2","1783272","","1239","","91061","","1385","","","186817","","","","","","","","","",""
"31953","85004","family","Bifidobacteriaceae","1","131567","2","1783272","","201174","","1760","","85004","","","31953","","","","","","","","","",""
"85019","85006","family","Brevibacteriaceae","1","131567","2","1783272","","201174","","1760","","85006","","","85019","","","","","","","","","",""
"72294","213849","family","Campylobacteraceae","1","131567","2","","","1224","68525","29547","","213849","","","72294","","","","","","","","","",""
"tm7vag_f","tm7vag_o","family","Candidate Division TM7 vaginal (family)","1","131567","2","2323","1783234","95818","","tm7vag_c","","tm7vag_o","","","tm7vag_f","","","","","","","","","",""
"186828","186826","family","Carnobacteriaceae","1","131567","2","1783272","","1239","","91061","","186826","","","186828","","","","","","","","","",""
"424536","186802","family","Catabacteriaceae","1","131567","2","1783272","","1239","","186801","","186802","","","424536","","","","","","","","","",""
"76892","204458","family","Caulobacteraceae","1","131567","2","","","1224","","28211","","204458","","","76892","","","","","","","","","",""
"809","51291","family","Chlamydiaceae","1","131567","2","1783257","","204428","","204429","","51291","","","809","","","","","","","","","",""
"80864","80840","family","Comamonadaceae","1","131567","2","","","1224","","28216","","80840","","","80864","","","","","","","","","",""
"1653","85007","family","Corynebacteriaceae","1","131567","2","1783272","","201174","","1760","","85007","","","1653","","","","","","","","","",""
"85020","85006","family","Dermabacteraceae","1","131567","2","1783272","","201174","","1760","","85006","","","85020","","","","","","","","","",""
"1643826","1643822","family","Eggerthellaceae","1","131567","2","1783272","","201174","","84998","","1643822","","","1643826","","","","","","","","","",""
"49546","200644","family","Flavobacteriaceae","1","131567","2","1783270","68336","976","","117743","","200644","","","49546","","","","","","","","","",""
"203492","203491","family","Fusobacteriaceae","1","131567","2","","","32066","","203490","","203491","","","203492","","","","","","","","","",""
"72293","213849","family","Helicobacteraceae","1","131567","2","","","1224","68525","29547","","213849","","","72293","","","","","","","","","",""
"186803","186802","family","Lachnospiraceae","1","131567","2","1783272","","1239","","186801","","186802","","","186803","","","","","","","","","",""
"33958","186826","family","Lactobacillaceae","1","131567","2","1783272","","1239","","91061","","186826","","","33958","","","","","","","","","",""
"1129771","203491","family","Leptotrichiaceae","1","131567","2","","","32066","","203490","","203491","","","1129771","","","","","","","","","",""
"558415","171549","family","Marinilabiliaceae","1","131567","2","1783270","68336","976","","200643","","171549","","","558415","","","","","","","","","",""
"1268","85006","family","Micrococcaceae","1","131567","2","1783272","","201174","","1760","","85006","","","1268","","","","","","","","","",""
"468","72274","family","Moraxellaceae","1","131567","2","","","1224","","1236","","72274","","","468","","","","","","","","","",""
"1762","85007","family","Mycobacteriaceae","1","131567","2","1783272","","201174","","1760","","85007","","","1762","","","","","","","","","",""
"2092","2085","family","Mycoplasmataceae","1","131567","2","1783272","","544448","","31969","","2085","","","2092","","","","","","","","","",""
"481","206351","family","Neisseriaceae","1","131567","2","","","1224","","28216","","206351","","","481","","","","","","","","","",""
"85025","85007","family","Nocardiaceae","1","131567","2","1783272","","201174","","1760","","85007","","","85025","","","","","","","","","",""
"712","135625","family","Pasteurellaceae","1","131567","2","","","1224","","1236","","135625","","","712","","","","","","","","","",""
"186807","186802","family","Peptococcaceae","1","131567","2","1783272","","1239","","186801","","186802","","","186807","","","","","","","","","",""
"1570339","1737405","family","Peptoniphilaceae","1","131567","2","1783272","","1239","","1737404","","1737405","","","1570339","","","","","","","","","",""
"186804","186802","family","Peptostreptococcaceae","1","131567","2","1783272","","1239","","186801","","186802","","","186804","","","","","","","","","",""
"171551","171549","family","Porphyromonadaceae","1","131567","2","1783270","68336","976","","200643","","171549","","","171551","","","","","","","","","",""
"171552","171549","family","Prevotellaceae","1","131567","2","1783270","68336","976","","200643","","171549","","","171552","","","","","","","","","",""
"135621","72274","family","Pseudomonadaceae","1","131567","2","","","1224","","1236","","72274","","","135621","","","","","","","","","",""
"541000","186802","family","Ruminococcaceae","1","131567","2","1783272","","1239","","186801","","186802","","","541000","","","","","","","","","",""
"84566","200666","family","Sphingobacteriaceae","1","131567","2","1783270","68336","976","","117747","","200666","","","84566","","","","","","","","","",""
"90964","1385","family","Staphylococcaceae","1","131567","2","1783272","","1239","","91061","","1385","","","90964","","","","","","","","","",""
"1300","186826","family","Streptococcaceae","1","131567","2","1783272","","1239","","91061","","186826","","","1300","","","","","","","","","",""
"1737406","1737405","family","Tissierellaceae","1","131567","2","1783272","","1239","","1737404","","1737405","","","1737406","","","","","","","","","",""
"31977","1843489","family","Veillonellaceae","1","131567","2","1783272","","1239","","909932","","1843489","","","31977","","","","","","","","","",""
"32033","135614","family","Xanthomonadaceae","1","131567","2","","","1224","","1236","","135614","","","32033","","","","","","","","","",""
"1113537","809","below_family","Chlamydia/Chlamydophila group","1","131567","2","1783257","","204428","","204429","","51291","","","809","1113537","","","","","","","","",""
"186928","186803","below_family","unclassified Lachnospiraceae","1","131567","2","1783272","","1239","","186801","","186802","","","186803","186928","","","","","","","","",""
"191676","32033","below_family","unclassified Xanthomonadaceae","1","131567","2","","","1224","","1236","","135614","","","32033","191676","","","","","","","","",""
"46123","186827","genus","Abiotrophia","1","131567","2","1783272","","1239","","91061","","186826","","","186827","","46123","","","","","","","",""
"469","468","genus","Acinetobacter","1","131567","2","","","1224","","1236","","72274","","","468","","469","","","","","","","",""
"1654","2049","genus","Actinomyces","1","131567","2","1783272","","201174","","1760","","2037","","","2049","","1654","","","","","","","",""
"1653174","2049","genus","Actinotignum","1","131567","2","1783272","","201174","","1760","","2037","","","2049","","1653174","","","","","","","",""
"1375","186827","genus","Aerococcus","1","131567","2","1783272","","1239","","91061","","186826","","","186827","","1375","","","","","","","",""
"419014","31953","genus","Alloscardovia","1","131567","2","1783272","","201174","","1760","","85004","","","31953","","419014","","","","","","","",""
"165779","1570339","genus","Anaerococcus","1","131567","2","1783272","","1239","","1737404","","1737405","","","1570339","","165779","","","","","","","",""
"91914","433","genus","Asaia","1","131567","2","","","1224","","28211","","204441","","","433","","91914","","","","","","","",""
"1380","1643824","genus","Atopobium","1","131567","2","1783272","","201174","","84998","","84999","","","1643824","","1380","","","","","","","",""
"bvab1_g","186803","genus","BVAB1 (genus)","1","131567","2","1783272","","1239","","186801","","186802","","","186803","","bvab1_g","","","","","","","",""
"bvab2_g","541000","genus","BVAB2 (genus)","1","131567","2","1783272","","1239","","186801","","186802","","","541000","","bvab2_g","","","","","","","",""
"1386","186817","genus","Bacillus","1","131567","2","1783272","","1239","","91061","","1385","","","186817","","1386","","","","","","","",""
"59735","49546","genus","Bergeyella","1","131567","2","1783270","68336","976","","117743","","200644","","","49546","","59735","","","","","","","",""
"1678","31953","genus","Bifidobacterium","1","131567","2","1783272","","201174","","1760","","85004","","","31953","","1678","","","","","","","",""
"572511","186803","genus","Blautia","1","131567","2","1783272","","1239","","186801","","186802","","","186803","","572511","","","","","","","",""
"1696","85019","genus","Brevibacterium","1","131567","2","1783272","","201174","","1760","","85006","","","85019","","1696","","","","","","","",""
"194","72294","genus","Campylobacter","1","131567","2","","","1224","68525","29547","","213849","","","72294","","194","","","","","","","",""
"tm7vag_g","tm7vag_f","genus","Candidate Division TM7 vaginal (genus)","1","131567","2","2323","1783234","95818","","tm7vag_c","","tm7vag_o","","","tm7vag_f","","tm7vag_g","","","","","","","",""
"270497","424536","genus","Catabacter","1","131567","2","1783272","","1239","","186801","","186802","","","424536","","270497","","","","","","","",""
"75","76892","genus","Caulobacter","1","131567","2","","","1224","","28211","","204458","","","76892","","75","","","","","","","",""
"810","1113537","genus","Chlamydia","1","131567","2","1783257","","204428","","204429","","51291","","","809","1113537","810","","","","","","","",""
"1716","1653","genus","Corynebacterium","1","131567","2","1783272","","201174","","1760","","85007","","","1653","","1716","","","","","","","",""
"80865","80864","genus","Delftia","1","131567","2","","","1224","","28216","","80840","","","80864","","80865","","","","","","","",""
"36739","85020","genus","Dermabacter","1","131567","2","1783272","","201174","","1760","","85006","","","85020","","36739","","","","","","","",""
"39948","31977","genus","Dialister","1","131567","2","1783272","","1239","","909932","","1843489","","","31977","","39948","","","","","","","",""
"84111","1643826","genus","Eggerthella","1","131567","2","1783272","","201174","","84998","","1643822","","","1643826","","84111","","","","","","","",""
"1582879","1737407","genus","Ezakiella","1","131567","2","1783272","","1239","","1737404","1737407","","","","","","1582879","","","","","","","",""
"66831","186827","genus","Facklamia","1","131567","2","1783272","","1239","","91061","","186826","","","186827","","66831","","","","","","","",""
"150022","1570339","genus","Finegoldia","1","131567","2","1783272","","1239","","1737404","","1737405","","","1570339","","150022","","","","","","","",""
"848","203492","genus","Fusobacterium","1","131567","2","","","32066","","203490","","203491","","","203492","","848","","","","","","","",""
"2701","31953","genus","Gardnerella","1","131567","2","1783272","","201174","","1760","","85004","","","31953","","2701","","","","","","","",""
"1378","539738","genus","Gemella","1","131567","2","1783272","","1239","","91061","","1385","539002","539738","","","1378","","","","","","","",""
"117563","186828","genus","Granulicatella","1","131567","2","1783272","","1239","","91061","","186826","","","186828","","117563","","","","","","","",""
"724","712","genus","Haemophilus","1","131567","2","","","1224","","1236","","135625","","","712","","724","","","","","","","",""
"1161125","85020","genus","Helcobacillus","1","131567","2","1783272","","201174","","1760","","85006","","","85020","","1161125","","","","","","","",""
"31983","1570339","genus","Helcococcus","1","131567","2","1783272","","1239","","1737404","","1737405","","","1570339","","31983","","","","","","","",""
"209","72293","genus","Helicobacter","1","131567","2","","","1224","68525","29547","","213849","","","72293","","209","","","","","","","",""
"57493","1268","genus","Kocuria","1","131567","2","1783272","","201174","","1760","","85006","","","1268","","57493","","","","","","","",""
"1164882","186803","genus","Lachnoanaerobaculum","1","131567","2","1783272","","1239","","186801","","186802","","","186803","","1164882","","","","","","","",""
"1578","33958","genus","Lactobacillus","1","131567","2","1783272","","1239","","91061","","186826","","","33958","","1578","","","","","","","",""
"32067","1129771","genus","Leptotrichia","1","131567","2","","","32066","","203490","","203491","","","1129771","","32067","","","","","","","",""
"1637257","541000","genus","Mageeibacillus","1","131567","2","1783272","","1239","","186801","","186802","","","541000","","1637257","","","","","","","",""
"75984","712","genus","Mannheimia","1","131567","2","","","1224","","1236","","135625","","","712","","75984","","","","","","","",""
"906","31977","genus","Megasphaera","1","131567","2","1783272","","1239","","909932","","1843489","","","31977","","906","","","","","","","",""
"2050","2049","genus","Mobiluncus","1","131567","2","1783272","","201174","","1760","","2037","","","2049","","2050","","","","","","","",""
"1763","1762","genus","Mycobacterium","1","131567","2","1783272","","201174","","1760","","85007","","","1762","","1763","","","","","","","",""
"2093","2092","genus","Mycoplasma","1","131567","2","1783272","","544448","","31969","","2085","","","2092","","2093","","","","","","","",""
"909928","31977","genus","Negativicoccus","1","131567","2","1783272","","1239","","909932","","1843489","","","31977","","909928","","","","","","","",""
"482","481","genus","Neisseria","1","131567","2","","","1224","","28216","","206351","","","481","","482","","","","","","","",""
"543311","1570339","genus","Parvimonas","1","131567","2","1783272","","1239","","1737404","","1737405","","","1570339","","543311","","","","","","","",""
"2740","186807","genus","Peptococcus","1","131567","2","1783272","","1239","","186801","","186802","","","186807","","2740","","","","","","","",""
"162289","1570339","genus","Peptoniphilus","1","131567","2","1783272","","1239","","1737404","","1737405","","","1570339","","162289","","","","","","","",""
"1257","186804","genus","Peptostreptococcus","1","131567","2","1783272","","1239","","186801","","186802","","","186804","","1257","","","","","","","",""
"836","171551","genus","Porphyromonas","1","131567","2","1783270","68336","976","","200643","","171549","","","171551","","836","","","","","","","",""
"838","171552","genus","Prevotella","1","131567","2","1783270","68336","976","","200643","","171549","","","171552","","838","","","","","","","",""
"286","135621","genus","Pseudomonas","1","131567","2","","","1224","","1236","","72274","","","135621","","286","","","","","","","",""
"497","468","genus","Psychrobacter","1","131567","2","","","1224","","1236","","72274","","","468","","497","","","","","","","",""
"1827","85025","genus","Rhodococcus","1","131567","2","1783272","","201174","","1760","","85007","","","85025","","1827","","","","","","","",""
"32207","1268","genus","Rothia","1","131567","2","1783272","","201174","","1760","","85006","","","1268","","32207","","","","","","","",""
"1618113","558415","genus","Saccharicrinis","1","131567","2","1783270","68336","976","","200643","","171549","","","558415","","1618113","","","","","","","",""
"168808","1129771","genus","Sneathia","1","131567","2","","","32066","","203490","","203491","","","1129771","","168808","","","","","","","",""
"28453","84566","genus","Sphingobacterium","1","131567","2","1783270","68336","976","","117747","","200666","","","84566","","28453","","","","","","","",""
"1279","90964","genus","Staphylococcus","1","131567","2","1783272","","1239","","91061","","1385","","","90964","","1279","","","","","","","",""
"40323","32033","genus","Stenotrophomonas","1","131567","2","","","1224","","1236","","135614","","","32033","","40323","","","","","","","",""
"1213720","186803","genus","Stomatobaculum","1","131567","2","1783272","","1239","","186801","","186802","","","186803","","1213720","","","","","","","",""
"34104","1129771","genus","Streptobacillus","1","131567","2","","","32066","","203490","","203491","","","1129771","","34104","","","","","","","",""
"1301","1300","genus","Streptococcus","1","131567","2","1783272","","1239","","91061","","186826","","","1300","","1301","","","","","","","",""
"195950","171551","genus","Tannerella","1","131567","2","1783270","68336","976","","200643","","171549","","","171551","","195950","","","","","","","",""
"217201","712","genus","Terrahaemophilus","1","131567","2","","","1224","","1236","","135625","","","712","","217201","","","","","","","",""
"41273","1737406","genus","Tissierella","1","131567","2","1783272","","1239","","1737404","","1737405","","","1737406","","41273","","","","","","","",""
"2129","2092","genus","Ureaplasma","1","131567","2","1783272","","544448","","31969","","2085","","","2092","","2129","","","","","","","",""
"184869","2049","genus","Varibaculum","1","131567","2","1783272","","201174","","1760","","2037","","","2049","","184869","","","","","","","",""
"29465","31977","genus","Veillonella","1","131567","2","1783272","","1239","","909932","","1843489","","","31977","","29465","","","","","","","",""
"995085","40323","below_genus","Stenotrophomonas maltophilia group","1","131567","2","","","1224","","1236","","135614","","","32033","","40323","995085","","","","","","",""
"670516","1763","species_group","Mycobacterium chelonae group","1","131567","2","1783272","","201174","","1760","","85007","","","1762","","1763","","670516","","","","","",""
"136842","286","species_group","Pseudomonas chlororaphis group","1","131567","2","","","1224","","1236","","72274","","","135621","","286","","136842","","","","","",""
"136843","286","species_group","Pseudomonas fluorescens group","1","131567","2","","","1224","","1236","","72274","","","135621","","286","","136843","","","","","",""
"136845","286","species_group","Pseudomonas putida group","1","131567","2","","","1224","","1236","","72274","","","135621","","286","","136845","","","","","",""
"136849","286","species_group","Pseudomonas syringae group","1","131567","2","","","1224","","1236","","72274","","","135621","","286","","136849","","","","","",""
"671232","1301","species_group","Streptococcus anginosus group","1","131567","2","1783272","","1239","","91061","","186826","","","1300","","1301","","671232","","","","","",""
"119603","1301","species_group","Streptococcus dysgalactiae group","1","131567","2","1783272","","1239","","91061","","186826","","","1300","","1301","","119603","","","","","",""
"670506","670516","species_subgroup","Mycobacterium abscessus subgroup","1","131567","2","1783272","","201174","","1760","","85007","","","1762","","1763","","670516","670506","","","","",""
"46125","46123","species","Abiotrophia defectiva","1","131567","2","1783272","","1239","","91061","","186826","","","186827","","46123","","","","46125","","","",""
"191553","46123","species","Abiotrophia para-adiacens","1","131567","2","1783272","","1239","","91061","","186826","","","186827","","46123","","","","191553","","","",""
"202951","469","species","Acinetobacter bouvetii","1","131567","2","","","1224","","1236","","72274","","","468","","469","","","","202951","","","",""
"29430","469","species","Acinetobacter haemolyticus","1","131567","2","","","1224","","1236","","72274","","","468","","469","","","","29430","","","",""
"1353941","469","species","Acinetobacter harbinensis","1","131567","2","","","1224","","1236","","72274","","","468","","469","","","","1353941","","","",""
"40214","469","species","Acinetobacter johnsonii","1","131567","2","","","1224","","1236","","72274","","","468","","469","","","","40214","","","",""
"28090","469","species","Acinetobacter lwoffii","1","131567","2","","","1224","","1236","","72274","","","468","","469","","","","28090","","","",""
"66228","1654","species","Actinomyces europaeus","1","131567","2","1783272","","201174","","1760","","2037","","","2049","","1654","","","","66228","","","",""
"55565","1654","species","Actinomyces graevenitzii","1","131567","2","1783272","","201174","","1760","","2037","","","2049","","1654","","","","55565","","","",""
"114702","1654","species","Actinomyces lingnae","1","131567","2","1783272","","201174","","1760","","2037","","","2049","","1654","","","","114702","","","",""
"33007","1654","species","Actinomyces neuii","1","131567","2","1783272","","201174","","1760","","2037","","","2049","","1654","","","","33007","","","",""
"1660","1654","species","Actinomyces odontolyticus","1","131567","2","1783272","","201174","","1760","","2037","","","2049","","1654","","","","1660","","","",""
"131111","1654","species","Actinomyces turicensis","1","131567","2","1783272","","201174","","1760","","2037","","","2049","","1654","","","","131111","","","",""
"1445614","1653174","species","Actinotignum sanguinis","1","131567","2","1783272","","201174","","1760","","2037","","","2049","","1653174","","","","1445614","","","",""
"59505","1653174","species","Actinotignum schaalii","1","131567","2","1783272","","201174","","1760","","2037","","","2049","","1653174","","","","59505","","","",""
"190146","1653174","species","Actinotignum urinale","1","131567","2","1783272","","201174","","1760","","2037","","","2049","","1653174","","","","190146","","","",""
"87541","1375","species","Aerococcus christensenii","1","131567","2","1783272","","1239","","91061","","186826","","","186827","","1375","","","","87541","","","",""
"1376","1375","species","Aerococcus urinae","1","131567","2","1783272","","1239","","91061","","186826","","","186827","","1375","","","","1376","","","",""
"51665","1375","species","Aerococcus urinaeequi","1","131567","2","1783272","","1239","","91061","","186826","","","186827","","1375","","","","51665","","","",""
"1377","1375","species","Aerococcus viridans","1","131567","2","1783272","","1239","","91061","","186826","","","186827","","1375","","","","1377","","","",""
"356828","419014","species","Alloscardovia criceti","1","131567","2","1783272","","201174","","1760","","85004","","","31953","","419014","","","","356828","","","",""
"1160091","419014","species","Alloscardovia macacae","1","131567","2","1783272","","201174","","1760","","85004","","","31953","","419014","","","","1160091","","","",""
"419015","419014","species","Alloscardovia omnicolens","1","131567","2","1783272","","201174","","1760","","85004","","","31953","","419014","","","","419015","","","",""
"33032","165779","species","Anaerococcus lactolyticus","1","131567","2","1783272","","1239","","1737404","","1737405","","","1570339","","165779","","","","33032","","","",""
"411577","165779","species","Anaerococcus murdochii","1","131567","2","1783272","","1239","","1737404","","1737405","","","1570339","","165779","","","","411577","","","",""
"54007","165779","species","Anaerococcus octavius","1","131567","2","1783272","","1239","","1737404","","1737405","","","1570339","","165779","","","","54007","","","",""
"33034","165779","species","Anaerococcus prevotii","1","131567","2","1783272","","1239","","1737404","","1737405","","","1570339","","165779","","","","33034","","","",""
"33036","165779","species","Anaerococcus tetradius","1","131567","2","1783272","","1239","","1737404","","1737405","","","1570339","","165779","","","","33036","","","",""
"415421","91914","species","Asaia lannensis","1","131567","2","","","1224","","28211","","204441","","","433","","91914","","","","415421","","","",""
"610243","91914","species","Asaia platycodi","1","131567","2","","","1224","","28211","","204441","","","433","","91914","","","","610243","","","",""
"1393034","1380","species","Atopobium deltae","1","131567","2","1783272","","201174","","84998","","84999","","","1643824","","1380","","","","1393034","","","",""
"39487","1380","species","Atopobium fossor","1","131567","2","1783272","","201174","","84998","","84999","","","1643824","","1380","","","","39487","","","",""
"1381","1380","species","Atopobium minutum","1","131567","2","1783272","","201174","","84998","","84999","","","1643824","","1380","","","","1381","","","",""
"1382","1380","species","Atopobium parvulum","1","131567","2","1783272","","201174","","84998","","84999","","","1643824","","1380","","","","1382","","","",""
"1383","1380","species","Atopobium rimae","1","131567","2","1783272","","201174","","84998","","84999","","","1643824","","1380","","","","1383","","","",""
"82135","1380","species","Atopobium vaginae","1","131567","2","1783272","","201174","","84998","","84999","","","1643824","","1380","","","","82135","","","",""
"bvab1_s","bvab1_g","species","BVAB1 (species)","1","131567","2","1783272","","1239","","186801","","186802","","","186803","","bvab1_g","","","","bvab1_s","","","",""
"bvab2_s","bvab2_g","species","BVAB2 (species)","1","131567","2","1783272","","1239","","186801","","186802","","","541000","","bvab2_g","","","","bvab2_s","","","",""
"228899","1386","species","Bacillus asahii","1","131567","2","1783272","","1239","","91061","","1385","","","186817","","1386","","","","228899","","","",""
"86668","1386","species","Bacillus niacini","1","131567","2","1783272","","1239","","91061","","1385","","","186817","","1386","","","","86668","","","",""
"1585976","59735","species","Bergeyella cardium","1","131567","2","1783270","68336","976","","117743","","200644","","","49546","","59735","","","","1585976","","","",""
"1015","59735","species","Bergeyella zoohelcum","1","131567","2","1783270","68336","976","","117743","","200644","","","49546","","59735","","","","1015","","","",""
"1683","1678","species","Bifidobacterium angulatum","1","131567","2","1783272","","201174","","1760","","85004","","","31953","","1678","","","","1683","","","",""
"28025","1678","species","Bifidobacterium animalis","1","131567","2","1783272","","201174","","1760","","85004","","","31953","","1678","","","","28025","","","",""
"1685","1678","species","Bifidobacterium breve","1","131567","2","1783272","","201174","","1760","","85004","","","31953","","1678","","","","1685","","","",""
"1691","1678","species","Bifidobacterium indicum","1","131567","2","1783272","","201174","","1760","","85004","","","31953","","1678","","","","1691","","","",""
"630129","1678","species","Bifidobacterium kashiwanohense","1","131567","2","1783272","","201174","","1760","","85004","","","31953","","1678","","","","630129","","","",""
"216816","1678","species","Bifidobacterium longum","1","131567","2","1783272","","201174","","1760","","85004","","","31953","","1678","","","","216816","","","",""
"53443","572511","species","Blautia hydrogenotrophica","1","131567","2","1783272","","1239","","186801","","186802","","","186803","","572511","","","","53443","","","",""
"89014","572511","species","Blautia luti","1","131567","2","1783272","","1239","","186801","","186802","","","186803","","572511","","","","89014","","","",""
"40520","572511","species","Blautia obeum","1","131567","2","1783272","","1239","","186801","","186802","","","186803","","572511","","","","40520","","","",""
"33035","572511","species","Blautia producta","1","131567","2","1783272","","1239","","186801","","186802","","","186803","","572511","","","","33035","","","",""
"576927","1696","species","Brevibacterium massiliense","1","131567","2","1783272","","201174","","1760","","85006","","","85019","","1696","","","","576927","","","",""
"170994","1696","species","Brevibacterium paucivorans","1","131567","2","1783272","","201174","","1760","","85006","","","85019","","1696","","","","170994","","","",""
"479117","1696","species","Brevibacterium ravenspurgense","1","131567","2","1783272","","201174","","1760","","85006","","","85019","","1696","","","","479117","","","",""
"76517","194","species","Campylobacter hominis","1","131567","2","","","1224","68525","29547","","213849","","","72294","","194","","","","76517","","","",""
"827","194","species","Campylobacter ureolyticus","1","131567","2","","","1224","68525","29547","","213849","","","72294","","194","","","","827","","","",""
"tm7vag_s","tm7vag_g","species","Candidate Division TM7 vaginal (species)","1","131567","2","2323","1783234","95818","","tm7vag_c","","tm7vag_o","","","tm7vag_f","","tm7vag_g","","","","tm7vag_s","","","",""
"1318617","2093","species","Candidatus Mycoplasma girerdii","1","131567","2","1783272","","544448","","31969","","2085","","","2092","","2093","","","","1318617","","","",""
"337315","162289","species","Candidatus Peptoniphilus massiliensis","1","131567","2","1783272","","1239","","1737404","","1737405","","","1570339","","162289","","","","337315","","","",""
"270498","270497","species","Catabacter hongkongensis","1","131567","2","1783272","","1239","","186801","","186802","","","424536","","270497","","","","270498","","","",""
"69396","75","species","Caulobacter fusiformis","1","131567","2","","","1224","","28211","","204458","","","76892","","75","","","","69396","","","",""
"400775","75","species","Caulobacter ginsengisoli","1","131567","2","","","1224","","28211","","204458","","","76892","","75","","","","400775","","","",""
"69395","75","species","Caulobacter henricii","1","131567","2","","","1224","","28211","","204458","","","76892","","75","","","","69395","","","",""
"69666","75","species","Caulobacter mirabilis","1","131567","2","","","1224","","28211","","204458","","","76892","","75","","","","69666","","","",""
"1380046","75","species","Caulobacter profundus","1","131567","2","","","1224","","28211","","204458","","","76892","","75","","","","1380046","","","",""
"155892","75","species","Caulobacter vibrioides","1","131567","2","","","1224","","28211","","204458","","","76892","","75","","","","155892","","","",""
"1457141","810","species","Chlamydia avium","1","131567","2","1783257","","204428","","204429","","51291","","","809","1113537","810","","","","1457141","","","",""
"83560","810","species","Chlamydia muridarum","1","131567","2","1783257","","204428","","204429","","51291","","","809","1113537","810","","","","83560","","","",""
"85991","810","species","Chlamydia pecorum","1","131567","2","1783257","","204428","","204429","","51291","","","809","1113537","810","","","","85991","","","",""
"83558","810","species","Chlamydia pneumoniae","1","131567","2","1783257","","204428","","204429","","51291","","","809","1113537","810","","","","83558","","","",""
"83554","810","species","Chlamydia psittaci","1","131567","2","1783257","","204428","","204429","","51291","","","809","1113537","810","","","","83554","","","",""
"813","810","species","Chlamydia trachomatis","1","131567","2","1783257","","204428","","204429","","51291","","","809","1113537","810","","","","813","","","",""
"38286","1716","species","Corynebacterium afermentans","1","131567","2","1783272","","201174","","1760","","85007","","","1653","","1716","","","","38286","","","",""
"191610","1716","species","Corynebacterium atypicum","1","131567","2","1783272","","201174","","1760","","85007","","","1653","","1716","","","","191610","","","",""
"53374","1716","species","Corynebacterium coyleae","1","131567","2","1783272","","201174","","1760","","85007","","","1653","","1716","","","","53374","","","",""
"61592","1716","species","Corynebacterium durum","1","131567","2","1783272","","201174","","1760","","85007","","","1653","","1716","","","","61592","","","",""
"108486","1716","species","Corynebacterium falsenii","1","131567","2","1783272","","201174","","1760","","85007","","","1653","","1716","","","","108486","","","",""
"28028","1716","species","Corynebacterium flavescens","1","131567","2","1783272","","201174","","1760","","85007","","","1653","","1716","","","","28028","","","",""
"556548","1716","species","Corynebacterium freiburgense","1","131567","2","1783272","","201174","","1760","","85007","","","1653","","1716","","","","556548","","","",""
"38288","1716","species","Corynebacterium genitalium","1","131567","2","1783272","","201174","","1760","","85007","","","1653","","1716","","","","38288","","","",""
"156978","1716","species","Corynebacterium imitans","1","131567","2","1783272","","201174","","1760","","85007","","","1653","","1716","","","","156978","","","",""
"38289","1716","species","Corynebacterium jeikeium","1","131567","2","1783272","","201174","","1760","","85007","","","1653","","1716","","","","38289","","","",""
"38301","1716","species","Corynebacterium minutissimum","1","131567","2","1783272","","201174","","1760","","85007","","","1653","","1716","","","","38301","","","",""
"57171","1716","species","Corynebacterium mucifaciens","1","131567","2","1783272","","201174","","1760","","85007","","","1653","","1716","","","","57171","","","",""
"38302","1716","species","Corynebacterium mycetoides","1","131567","2","1783272","","201174","","1760","","85007","","","1653","","1716","","","","38302","","","",""
"1288393","1716","species","Corynebacterium pilbarense","1","131567","2","1783272","","201174","","1760","","85007","","","1653","","1716","","","","1288393","","","",""
"38303","1716","species","Corynebacterium pseudogenitalium","1","131567","2","1783272","","201174","","1760","","85007","","","1653","","1716","","","","38303","","","",""
"598660","1716","species","Corynebacterium pyruviciproducens","1","131567","2","1783272","","201174","","1760","","85007","","","1653","","1716","","","","598660","","","",""
"258224","1716","species","Corynebacterium resistens","1","131567","2","1783272","","201174","","1760","","85007","","","1653","","1716","","","","258224","","","",""
"156976","1716","species","Corynebacterium riegelii","1","131567","2","1783272","","201174","","1760","","85007","","","1653","","1716","","","","156976","","","",""
"161899","1716","species","Corynebacterium singulare","1","131567","2","1783272","","201174","","1760","","85007","","","1653","","1716","","","","161899","","","",""
"185761","1716","species","Corynebacterium spheniscorum","1","131567","2","1783272","","201174","","1760","","85007","","","1653","","1716","","","","185761","","","",""
"38304","1716","species","Corynebacterium tuberculostearicum","1","131567","2","1783272","","201174","","1760","","85007","","","1653","","1716","","","","38304","","","",""
"302449","1716","species","Corynebacterium tuscaniense","1","131567","2","1783272","","201174","","1760","","85007","","","1653","","1716","","","","302449","","","",""
"558537","80865","species","Delftia lacustris","1","131567","2","","","1224","","28216","","80840","","","80864","","80865","","","","558537","","","",""
"180282","80865","species","Delftia tsuruhatensis","1","131567","2","","","1224","","28216","","80840","","","80864","","80865","","","","180282","","","",""
"36740","36739","species","Dermabacter hominis","1","131567","2","1783272","","201174","","1760","","85006","","","85020","","36739","","","","36740","","","",""
"309120","39948","species","Dialister micraerophilus","1","131567","2","1783272","","1239","","909932","","1843489","","","31977","","39948","","","","309120","","","",""
"308994","39948","species","Dialister propionicifaciens","1","131567","2","1783272","","1239","","909932","","1843489","","","31977","","39948","","","","308994","","","",""
"39948_2","39948","species","Dialister sp. type 2","1","131567","2","1783272","","1239","","909932","","1843489","","","31977","","39948","","","","39948_2","","","",""
"84112","84111","species","Eggerthella lenta","1","131567","2","1783272","","201174","","84998","","1643822","","","1643826","","84111","","","","84112","","","",""
"242230","84111","species","Eggerthella sinensis","1","131567","2","1783272","","201174","","84998","","1643822","","","1643826","","84111","","","","242230","","","",""
"84111_1","84111","species","Eggerthella sp. type 1","1","131567","2","1783272","","201174","","84998","","1643822","","","1643826","","84111","","","","84111_1","","","",""
"1464038","1582879","species","Ezakiella peruensis","1","131567","2","1783272","","1239","","1737404","1737407","","","","","","1582879","","","","1464038","","","",""
"178214","66831","species","Facklamia hominis","1","131567","2","1783272","","1239","","91061","","186826","","","186827","","66831","","","","178214","","","",""
"137730","66831","species","Facklamia ignava","1","131567","2","1783272","","1239","","91061","","186826","","","186827","","66831","","","","137730","","","",""
"82347","66831","species","Facklamia languida","1","131567","2","1783272","","1239","","91061","","186826","","","186827","","66831","","","","82347","","","",""
"120956","66831","species","Facklamia miroungae","1","131567","2","1783272","","1239","","91061","","186826","","","186827","","66831","","","","120956","","","",""
"87650","66831","species","Facklamia sourekii","1","131567","2","1783272","","1239","","91061","","186826","","","186827","","66831","","","","87650","","","",""
"87458","66831","species","Facklamia tabacinasalis","1","131567","2","1783272","","1239","","91061","","186826","","","186827","","66831","","","","87458","","","",""
"1260","150022","species","Finegoldia magna","1","131567","2","1783272","","1239","","1737404","","1737405","","","1570339","","150022","","","","1260","","","",""
"849","848","species","Fusobacterium gonidiaformans","1","131567","2","","","32066","","203490","","203491","","","203492","","848","","","","849","","","",""
"851","848","species","Fusobacterium nucleatum","1","131567","2","","","32066","","203490","","203491","","","203492","","848","","","","851","","","",""
"2702","2701","species","Gardnerella vaginalis","1","131567","2","1783272","","201174","","1760","","85004","","","31953","","2701","","","","2702","","","",""
"502393","1378","species","Gemella asaccharolytica","1","131567","2","1783272","","1239","","91061","","1385","539002","539738","","","1378","","","","502393","","","",""
"1379","1378","species","Gemella haemolysans","1","131567","2","1783272","","1239","","91061","","1385","539002","539738","","","1378","","","","1379","","","",""
"84135","1378","species","Gemella sanguinis","1","131567","2","1783272","","1239","","91061","","1385","539002","539738","","","1378","","","","84135","","","",""
"46124","117563","species","Granulicatella adiacens","1","131567","2","1783272","","1239","","91061","","186826","","","186828","","117563","","","","46124","","","",""
"137733","117563","species","Granulicatella balaenopterae","1","131567","2","1783272","","1239","","91061","","186826","","","186828","","117563","","","","137733","","","",""
"137732","117563","species","Granulicatella elegans","1","131567","2","1783272","","1239","","91061","","186826","","","186828","","117563","","","","137732","","","",""
"321195","117563","species","Granulicatella para-adiacens","1","131567","2","1783272","","1239","","91061","","186826","","","186828","","117563","","","","321195","","","",""
"726","724","species","Haemophilus haemolyticus","1","131567","2","","","1224","","1236","","135625","","","712","","724","","","","726","","","",""
"727","724","species","Haemophilus influenzae","1","131567","2","","","1224","","1236","","135625","","","712","","724","","","","727","","","",""
"729","724","species","Haemophilus parainfluenzae","1","131567","2","","","1224","","1236","","135625","","","712","","724","","","","729","","","",""
"249188","724","species","Haemophilus pittmaniae","1","131567","2","","","1224","","1236","","135625","","","712","","724","","","","249188","","","",""
"521392","1161125","species","Helcobacillus massiliensis","1","131567","2","1783272","","201174","","1760","","85006","","","85020","","1161125","","","","521392","","","",""
"40091","31983","species","Helcococcus kunzii","1","131567","2","1783272","","1239","","1737404","","1737405","","","1570339","","31983","","","","40091","","","",""
"72026","31983","species","Helcococcus ovis","1","131567","2","1783272","","1239","","1737404","","1737405","","","1570339","","31983","","","","72026","","","",""
"1441821","31983","species","Helcococcus seattlensis","1","131567","2","1783272","","1239","","1737404","","1737405","","","1570339","","31983","","","","1441821","","","",""
"241555","31983","species","Helcococcus sueciensis","1","131567","2","1783272","","1239","","1737404","","1737405","","","1570339","","31983","","","","241555","","","",""
"375926","209","species","Helicobacter anseris","1","131567","2","","","1224","68525","29547","","213849","","","72293","","209","","","","375926","","","",""
"138563","209","species","Helicobacter cetorum","1","131567","2","","","1224","68525","29547","","213849","","","72293","","209","","","","138563","","","",""
"37923","57493","species","Kocuria kristinae","1","131567","2","1783272","","201174","","1760","","85006","","","1268","","57493","","","","37923","","","",""
"223184","57493","species","Kocuria marina","1","131567","2","1783272","","201174","","1760","","85006","","","1268","","57493","","","","223184","","","",""
"71999","57493","species","Kocuria palustris","1","131567","2","1783272","","201174","","1760","","85006","","","1268","","57493","","","","71999","","","",""
"72000","57493","species","Kocuria rhizophila","1","131567","2","1783272","","201174","","1760","","85006","","","1268","","57493","","","","72000","","","",""
"1275","57493","species","Kocuria rosea","1","131567","2","1783272","","201174","","1760","","85006","","","1268","","57493","","","","1275","","","",""
"979627","1164882","species","Lachnoanaerobaculum orale","1","131567","2","1783272","","1239","","186801","","186802","","","186803","","1164882","","","","979627","","","",""
"467210","1164882","species","Lachnoanaerobaculum saburreum","1","131567","2","1783272","","1239","","186801","","186802","","","186803","","1164882","","","","467210","","","",""
"617123","1164882","species","Lachnoanaerobaculum umeaense","1","131567","2","1783272","","1239","","186801","","186802","","","186803","","1164882","","","","617123","","","",""
"230135","186928","species","Lachnospiraceae genomosp. C1","1","131567","2","1783272","","1239","","186801","","186802","","","186803","186928","","","","","230135","","","",""
"1579","1578","species","Lactobacillus acidophilus","1","131567","2","1783272","","1239","","91061","","186826","","","33958","","1578","","","","1579","","","",""
"47770","1578","species","Lactobacillus crispatus","1","131567","2","1783272","","1239","","91061","","186826","","","33958","","1578","","","","47770","","","",""
"88164","1578","species","Lactobacillus fornicalis","1","131567","2","1783272","","1239","","91061","","186826","","","33958","","1578","","","","88164","","","",""
"1596","1578","species","Lactobacillus gasseri","1","131567","2","1783272","","1239","","91061","","186826","","","33958","","1578","","","","1596","","","",""
"1587","1578","species","Lactobacillus helveticus","1","131567","2","1783272","","1239","","91061","","186826","","","33958","","1578","","","","1587","","","",""
"147802","1578","species","Lactobacillus iners","1","131567","2","1783272","","1239","","91061","","186826","","","33958","","1578","","","","147802","","","",""
"109790","1578","species","Lactobacillus jensenii","1","131567","2","1783272","","1239","","91061","","186826","","","33958","","1578","","","","109790","","","",""
"33959","1578","species","Lactobacillus johnsonii","1","131567","2","1783272","","1239","","91061","","186826","","","33958","","1578","","","","33959","","","",""
"1623","1578","species","Lactobacillus ruminis","1","131567","2","1783272","","1239","","91061","","186826","","","33958","","1578","","","","1623","","","",""
"1624","1578","species","Lactobacillus salivarius","1","131567","2","1783272","","1239","","91061","","186826","","","33958","","1578","","","","1624","","","",""
"554406","32067","species","Leptotrichia hongkongensis","1","131567","2","","","32066","","203490","","203491","","","1129771","","32067","","","","554406","","","",""
"109328","32067","species","Leptotrichia trevisanii","1","131567","2","","","32066","","203490","","203491","","","1129771","","32067","","","","109328","","","",""
"884684","1637257","species","Mageeibacillus indolicus","1","131567","2","1783272","","1239","","186801","","186802","","","541000","","1637257","","","","884684","","","",""
"85402","75984","species","Mannheimia granulomatis","1","131567","2","","","1224","","1236","","135625","","","712","","75984","","","","85402","","","",""
"75985","75984","species","Mannheimia haemolytica","1","131567","2","","","1224","","1236","","135625","","","712","","75984","","","","75985","","","",""
"85403","75984","species","Mannheimia ruminalis","1","131567","2","","","1224","","1236","","135625","","","712","","75984","","","","85403","","","",""
"85404","75984","species","Mannheimia varigena","1","131567","2","","","1224","","1236","","135625","","","712","","75984","","","","85404","","","",""
"907","906","species","Megasphaera elsdenii","1","131567","2","1783272","","1239","","909932","","1843489","","","31977","","906","","","","907","","","",""
"699192","906","species","Megasphaera genomosp. type_1","1","131567","2","1783272","","1239","","909932","","1843489","","","31977","","906","","","","699192","","","",""
"159836","906","species","Megasphaera hominis","1","131567","2","1783272","","1239","","909932","","1843489","","","31977","","906","","","","159836","","","",""
"187326","906","species","Megasphaera micronuciformis","1","131567","2","1783272","","1239","","909932","","1843489","","","31977","","906","","","","187326","","","",""
"349095","906","species","Megasphaera paucivorans","1","131567","2","1783272","","1239","","909932","","1843489","","","31977","","906","","","","349095","","","",""
"906_2","906","species","Megasphaera sp. type 2","1","131567","2","1783272","","1239","","909932","","1843489","","","31977","","906","","","","906_2","","","",""
"2051","2050","species","Mobiluncus curtisii","1","131567","2","1783272","","201174","","1760","","2037","","","2049","","2050","","","","2051","","","",""
"2052","2050","species","Mobiluncus mulieris","1","131567","2","1783272","","201174","","1760","","2037","","","2049","","2050","","","","2052","","","",""
"36809","670506","species","Mycobacterium abscessus","1","131567","2","1783272","","201174","","1760","","85007","","","1762","","1763","","670516","670506","36809","","","",""
"1774","670516","species","Mycobacterium chelonae","1","131567","2","1783272","","201174","","1760","","85007","","","1762","","1763","","670516","","1774","","","",""
"2097","2093","species","Mycoplasma genitalium","1","131567","2","1783272","","544448","","31969","","2085","","","2092","","2093","","","","2097","","","",""
"2098","2093","species","Mycoplasma hominis","1","131567","2","1783272","","544448","","31969","","2085","","","2092","","2093","","","","2098","","","",""
"620903","909928","species","Negativicoccus succinicivorans","1","131567","2","1783272","","1239","","909932","","1843489","","","31977","","909928","","","","620903","","","",""
"483","482","species","Neisseria cinerea","1","131567","2","","","1224","","28216","","206351","","","481","","482","","","","483","","","",""
"34026","482","species","Neisseria flava","1","131567","2","","","1224","","28216","","206351","","","481","","482","","","","34026","","","",""
"496","482","species","Neisseria macacae","1","131567","2","","","1224","","28216","","206351","","","481","","482","","","","496","","","",""
"487","482","species","Neisseria meningitidis","1","131567","2","","","1224","","28216","","206351","","","481","","482","","","","487","","","",""
"488","482","species","Neisseria mucosa","1","131567","2","","","1224","","28216","","206351","","","481","","482","","","","488","","","",""
"33033","543311","species","Parvimonas micra","1","131567","2","1783272","","1239","","1737404","","1737405","","","1570339","","543311","","","","33033","","","",""
"2741","2740","species","Peptococcus niger","1","131567","2","1783272","","1239","","186801","","186802","","","186807","","2740","","","","2741","","","",""
"1258","162289","species","Peptoniphilus asaccharolyticus","1","131567","2","1783272","","1239","","1737404","","1737405","","","1570339","","162289","","","","1258","","","",""
"755172","162289","species","Peptoniphilus coxii","1","131567","2","1783272","","1239","","1737404","","1737405","","","1570339","","162289","","","","755172","","","",""
"507750","162289","species","Peptoniphilus duerdenii","1","131567","2","1783272","","1239","","1737404","","1737405","","","1570339","","162289","","","","507750","","","",""
"1465756","162289","species","Peptoniphilus grossensis","1","131567","2","1783272","","1239","","1737404","","1737405","","","1570339","","162289","","","","1465756","","","",""
"54005","162289","species","Peptoniphilus harei","1","131567","2","1783272","","1239","","1737404","","1737405","","","1570339","","162289","","","","54005","","","",""
"33031","162289","species","Peptoniphilus lacrimalis","1","131567","2","1783272","","1239","","1737404","","1737405","","","1570339","","162289","","","","33031","","","",""
"755171","162289","species","Peptoniphilus tyrrelliae","1","131567","2","1783272","","1239","","1737404","","1737405","","","1570339","","162289","","","","755171","","","",""
"1261","1257","species","Peptostreptococcus anaerobius","1","131567","2","1783272","","1239","","186801","","186802","","","186804","","1257","","","","1261","","","",""
"1159213","1257","species","Peptostreptococcus canis","1","131567","2","1783272","","1239","","186801","","186802","","","186804","","1257","","","","1159213","","","",""
"215200","1257","species","Peptostreptococcus russellii","1","131567","2","1783272","","1239","","186801","","186802","","","186804","","1257","","","","215200","","","",""
"341694","1257","species","Peptostreptococcus stomatis","1","131567","2","1783272","","1239","","186801","","186802","","","186804","","1257","","","","341694","","","",""
"28123","836","species","Porphyromonas asaccharolytica","1","131567","2","1783270","68336","976","","200643","","171549","","","171551","","836","","","","28123","","","",""
"501496","836","species","Porphyromonas bennonis","1","131567","2","1783270","68336","976","","200643","","171549","","","171551","","836","","","","501496","","","",""
"41976","836","species","Porphyromonas catoniae","1","131567","2","1783270","68336","976","","200643","","171549","","","171551","","836","","","","41976","","","",""
"28124","836","species","Porphyromonas endodontalis","1","131567","2","1783270","68336","976","","200643","","171549","","","171551","","836","","","","28124","","","",""
"322095","836","species","Porphyromonas somerae","1","131567","2","1783270","68336","976","","200643","","171549","","","171551","","836","","","","322095","","","",""
"281920","836","species","Porphyromonas uenonis","1","131567","2","1783270","68336","976","","200643","","171549","","","171551","","836","","","","281920","","","",""
"419005","838","species","Prevotella amnii","1","131567","2","1783270","68336","976","","200643","","171549","","","171552","","838","","","","419005","","","",""
"242750","838","species","Prevotella bergensis","1","131567","2","1783270","68336","976","","200643","","171549","","","171552","","838","","","","242750","","","",""
"28125","838","species","Prevotella bivia","1","131567","2","1783270","68336","976","","200643","","171549","","","171552","","838","","","","28125","","","",""
"28127","838","species","Prevotella buccalis","1","131567","2","1783270","68336","976","","200643","","171549","","","171552","","838","","","","28127","","","",""
"28130","838","species","Prevotella disiens","1","131567","2","1783270","68336","976","","200643","","171549","","","171552","","838","","","","28130","","","",""
"838_5","838","species","Prevotella genogroup 5","1","131567","2","1783270","68336","976","","200643","","171549","","","171552","","838","","","","838_5","","","",""
"28132","838","species","Prevotella melaninogenica","1","131567","2","1783270","68336","976","","200643","","171549","","","171552","","838","","","","28132","","","",""
"589437","838","species","Prevotella scopos","1","131567","2","1783270","68336","976","","200643","","171549","","","171552","","838","","","","589437","","","",""
"386414","838","species","Prevotella timonensis","1","131567","2","1783270","68336","976","","200643","","171549","","","171552","","838","","","","386414","","","",""
"1190415","136849","species","Pseudomonas asturiensis","1","131567","2","","","1224","","1236","","72274","","","135621","","286","","136849","","1190415","","","",""
"294","136843","species","Pseudomonas fluorescens","1","131567","2","","","1224","","1236","","72274","","","135621","","286","","136843","","294","","","",""
"296","136842","species","Pseudomonas fragi","1","131567","2","","","1224","","1236","","72274","","","135621","","286","","136842","","296","","","",""
"78544","136843","species","Pseudomonas gessardii","1","131567","2","","","1224","","1236","","72274","","","135621","","286","","136843","","78544","","","",""
"86185","136842","species","Pseudomonas lundensis","1","131567","2","","","1224","","1236","","72274","","","135621","","286","","136842","","86185","","","",""
"122355","286","species","Pseudomonas psychrophila","1","131567","2","","","1224","","1236","","72274","","","135621","","286","","","","122355","","","",""
"303","136845","species","Pseudomonas putida","1","131567","2","","","1224","","1236","","72274","","","135621","","286","","136845","","303","","","",""
"180588","497","species","Psychrobacter faecalis","1","131567","2","","","1224","","1236","","72274","","","468","","497","","","","180588","","","",""
"228654","497","species","Psychrobacter pulmonis","1","131567","2","","","1224","","1236","","72274","","","468","","497","","","","228654","","","",""
"1833","1827","species","Rhodococcus erythropolis","1","131567","2","1783272","","201174","","1760","","85007","","","85025","","1827","","","","1833","","","",""
"334542","1827","species","Rhodococcus qingshengii","1","131567","2","1783272","","201174","","1760","","85007","","","85025","","1827","","","","334542","","","",""
"172042","32207","species","Rothia aeria","1","131567","2","1783272","","201174","","1760","","85006","","","1268","","32207","","","","172042","","","",""
"2047","32207","species","Rothia dentocariosa","1","131567","2","1783272","","201174","","1760","","85006","","","1268","","32207","","","","2047","","","",""
"1324766","32207","species","Rothia endophytica","1","131567","2","1783272","","201174","","1760","","85006","","","1268","","32207","","","","1324766","","","",""
"43675","32207","species","Rothia mucilaginosa","1","131567","2","1783272","","201174","","1760","","85006","","","1268","","32207","","","","43675","","","",""
"85336","32207","species","Rothia nasimurium","1","131567","2","1783272","","201174","","1760","","85006","","","1268","","32207","","","","85336","","","",""
"396015","32207","species","Rothia terrae","1","131567","2","1783272","","201174","","1760","","85006","","","1268","","32207","","","","396015","","","",""
"1168039","1618113","species","Saccharicrinis carchari","1","131567","2","1783270","68336","976","","200643","","171549","","","558415","","1618113","","","","1168039","","","",""
"982","1618113","species","Saccharicrinis fermentans","1","131567","2","1783270","68336","976","","200643","","171549","","","558415","","1618113","","","","982","","","",""
"187101","168808","species","Sneathia amnii","1","131567","2","","","32066","","203490","","203491","","","1129771","","168808","","","","187101","","","",""
"40543","168808","species","Sneathia sanguinegens","1","131567","2","","","32066","","203490","","203491","","","1129771","","168808","","","","40543","","","",""
"493780","28453","species","Sphingobacterium anhuiense","1","131567","2","1783270","68336","976","","117747","","200666","","","84566","","28453","","","","493780","","","",""
"34087","28453","species","Sphingobacterium faecium","1","131567","2","1783270","68336","976","","117747","","200666","","","84566","","28453","","","","34087","","","",""
"470446","28453","species","Sphingobacterium kitahiroshimense","1","131567","2","1783270","68336","976","","117747","","200666","","","84566","","28453","","","","470446","","","",""
"586733","1279","species","Staphylococcus devriesei","1","131567","2","1783272","","1239","","91061","","1385","","","90964","","1279","","","","586733","","","",""
"1282","1279","species","Staphylococcus epidermidis","1","131567","2","1783272","","1239","","91061","","1385","","","90964","","1279","","","","1282","","","",""
"1283","1279","species","Staphylococcus haemolyticus","1","131567","2","1783272","","1239","","91061","","1385","","","90964","","1279","","","","1283","","","",""
"128780","40323","species","Stenotrophomonas acidaminiphila","1","131567","2","","","1224","","1236","","135614","","","32033","","40323","","","","128780","","","",""
"517011","40323","species","Stenotrophomonas chelatiphaga","1","131567","2","","","1224","","1236","","135614","","","32033","","40323","","","","517011","","","",""
"266128","40323","species","Stenotrophomonas koreensis","1","131567","2","","","1224","","1236","","135614","","","32033","","40323","","","","266128","","","",""
"40324","995085","species","Stenotrophomonas maltophilia","1","131567","2","","","1224","","1236","","135614","","","32033","","40323","995085","","","40324","","","",""
"216778","40323","species","Stenotrophomonas rhizophila","1","131567","2","","","1224","","1236","","135614","","","32033","","40323","","","","216778","","","",""
"796942","1213720","species","Stomatobaculum longum","1","131567","2","1783272","","1239","","186801","","186802","","","186803","","1213720","","","","796942","","","",""
"1384509","34104","species","Streptobacillus felis","1","131567","2","","","32066","","203490","","203491","","","1129771","","34104","","","","1384509","","","",""
"1162717","34104","species","Streptobacillus hongkongensis","1","131567","2","","","32066","","203490","","203491","","","1129771","","34104","","","","1162717","","","",""
"34105","34104","species","Streptobacillus moniliformis","1","131567","2","","","32066","","203490","","203491","","","1129771","","34104","","","","34105","","","",""
"1311","1301","species","Streptococcus agalactiae","1","131567","2","1783272","","1239","","91061","","186826","","","1300","","1301","","","","1311","","","",""
"1328","671232","species","Streptococcus anginosus","1","131567","2","1783272","","1239","","91061","","186826","","","1300","","1301","","671232","","1328","","","",""
"45634","1301","species","Streptococcus cristatus","1","131567","2","1783272","","1239","","91061","","186826","","","1300","","1301","","","","45634","","","",""
"1458253","1301","species","Streptococcus dentisani","1","131567","2","1783272","","1239","","91061","","186826","","","1300","","1301","","","","1458253","","","",""
"1334","119603","species","Streptococcus dysgalactiae","1","131567","2","1783272","","1239","","91061","","186826","","","1300","","1301","","119603","","1334","","","",""
"1302","1301","species","Streptococcus gordonii","1","131567","2","1783272","","1239","","91061","","186826","","","1300","","1301","","","","1302","","","",""
"28037","1301","species","Streptococcus mitis","1","131567","2","1783272","","1239","","91061","","186826","","","1300","","1301","","","","28037","","","",""
"1303","1301","species","Streptococcus oralis","1","131567","2","1783272","","1239","","91061","","186826","","","1300","","1301","","","","1303","","","",""
"1318","1301","species","Streptococcus parasanguinis","1","131567","2","1783272","","1239","","91061","","186826","","","1300","","1301","","","","1318","","","",""
"1313","1301","species","Streptococcus pneumoniae","1","131567","2","1783272","","1239","","91061","","186826","","","1300","","1301","","","","1313","","","",""
"257758","1301","species","Streptococcus pseudopneumoniae","1","131567","2","1783272","","1239","","91061","","186826","","","1300","","1301","","","","257758","","","",""
"1077464","1301","species","Streptococcus tigurinus","1","131567","2","1783272","","1239","","91061","","186826","","","1300","","1301","","","","1077464","","","",""
"28112","195950","species","Tannerella forsythia","1","131567","2","1783270","68336","976","","200643","","171549","","","171551","","195950","","","","28112","","","",""
"217202","217201","species","Terrahaemophilus aromaticivorans","1","131567","2","","","1224","","1236","","135625","","","712","","217201","","","","217202","","","",""
"43143","41273","species","Tissierella creatinini","1","131567","2","1783272","","1239","","1737404","","1737405","","","1737406","","41273","","","","43143","","","",""
"79681","41273","species","Tissierella creatinophila","1","131567","2","1783272","","1239","","1737404","","1737405","","","1737406","","41273","","","","79681","","","",""
"43131","41273","species","Tissierella praeacuta","1","131567","2","1783272","","1239","","1737404","","1737405","","","1737406","","41273","","","","43131","","","",""
"134821","2129","species","Ureaplasma parvum","1","131567","2","1783272","","544448","","31969","","2085","","","2092","","2129","","","","134821","","","",""
"2130","2129","species","Ureaplasma urealyticum","1","131567","2","1783272","","544448","","31969","","2085","","","2092","","2129","","","","2130","","","",""
"184870","184869","species","Varibaculum cambriense","1","131567","2","1783272","","201174","","1760","","2037","","","2049","","184869","","","","184870","","","",""
"39777","29465","species","Veillonella atypica","1","131567","2","1783272","","1239","","909932","","1843489","","","31977","","29465","","","","39777","","","",""
"39778","29465","species","Veillonella dispar","1","131567","2","1783272","","1239","","909932","","1843489","","","31977","","29465","","","","39778","","","",""
"187328","29465","species","Veillonella montpellierensis","1","131567","2","1783272","","1239","","909932","","1843489","","","31977","","29465","","","","187328","","","",""
"29466","29465","species","Veillonella parvula","1","131567","2","1783272","","1239","","909932","","1843489","","","31977","","29465","","","","29466","","","",""
"103892","29465","species","Veillonella ratti","1","131567","2","1783272","","1239","","909932","","1843489","","","31977","","29465","","","","103892","","","",""
"423477","29465","species","Veillonella rogosae","1","131567","2","1783272","","1239","","909932","","1843489","","","31977","","29465","","","","423477","","","",""
"46507","1737407","species","[Bacteroides] coagulans","1","131567","2","1783272","","1239","","1737404","1737407","","","","","","","","","","46507","","","",""
"86188","191676","species","[Pseudomonas] geniculata","1","131567","2","","","1224","","1236","","135614","","","32033","191676","","","","","86188","","","",""
"86189","995085","species","[Pseudomonas] hibiscicola","1","131567","2","","","1224","","1236","","135614","","","32033","","40323","995085","","","86189","","","",""
"33038","572511","species","[Ruminococcus] gnavus","1","131567","2","1783272","","1239","","186801","","186802","","","186803","","572511","","","","33038","","","",""
"33039","572511","species","[Ruminococcus] torques","1","131567","2","1783272","","1239","","186801","","186802","","","186803","","572511","","","","33039","","","",""
"525919","33034","below_species","Anaerococcus prevotii DSM 20548","1","131567","2","1783272","","1239","","1737404","","1737405","","","1570339","","165779","","","","33034","525919","","",""
"649762","89014","below_species","Blautia luti DSM 14534","1","131567","2","1783272","","1239","","186801","","186802","","","186803","","572511","","","","89014","649762","","",""
"1121114","33035","below_species","Blautia producta ATCC 27340 = DSM 2950","1","131567","2","1783272","","1239","","186801","","186802","","","186803","","572511","","","","33035","1121114","","",""
"360107","76517","below_species","Campylobacter hominis ATCC BAA-381","1","131567","2","","","1224","68525","29547","","213849","","","72294","","194","","","","76517","360107","","",""
"190650","155892","below_species","Caulobacter crescentus CB15","1","131567","2","","","1224","","28211","","204458","","","76892","","75","","","","155892","190650","","",""
"1434769","83560","below_species","Chlamydia muridarum str. Nigg3","1","131567","2","1783257","","204428","","204429","","51291","","","809","1113537","810","","","","83560","1434769","","",""
"1112250","83554","below_species","Chlamydia psittaci C19/98","1","131567","2","1783257","","204428","","204429","","51291","","","809","1113537","810","","","","83554","1112250","","",""
"580049","813","below_species","Chlamydia trachomatis B/Jali20/OT","1","131567","2","1783257","","204428","","204429","","51291","","","809","1113537","810","","","","813","580049","","",""
"331635","85991","below_species","Chlamydophila pecorum E58","1","131567","2","1783257","","204428","","204429","","51291","","","809","1113537","810","","","","85991","331635","","",""
"1451189","108486","below_species","Corynebacterium falsenii DSM 44353","1","131567","2","1783272","","201174","","1760","","85007","","","1653","","1716","","","","108486","1451189","","",""
"585529","38288","below_species","Corynebacterium genitalium ATCC 33030","1","131567","2","1783272","","201174","","1760","","85007","","","1653","","1716","","","","38288","585529","","",""
"306537","38289","below_species","Corynebacterium jeikeium K411","1","131567","2","1783272","","201174","","1760","","85007","","","1653","","1716","","","","38289","306537","","",""
"630407","1288393","below_species","Corynebacterium pilbarense DSM 45350","1","131567","2","1783272","","201174","","1760","","85007","","","1653","","1716","","","","1288393","630407","","",""
"662755","258224","below_species","Corynebacterium resistens DSM 45100","1","131567","2","1783272","","201174","","1760","","85007","","","1653","","1716","","","","258224","662755","","",""
"479437","84112","below_species","Eggerthella lenta DSM 2243","1","131567","2","1783272","","201174","","84998","","1643822","","","1643826","","84111","","","","84112","479437","","",""
"525282","1260","below_species","Finegoldia magna ATCC 53516","1","131567","2","1783272","","1239","","1737404","","1737405","","","1570339","","150022","","","","1260","525282","","",""
"189726","851","below_species","Fusobacterium nucleatum E9_12","1","131567","2","","","32066","","203490","","203491","","","203492","","848","","","","851","189726","","",""
"585528","2702","below_species","Gardnerella vaginalis ATCC 14018 = JCM 11026","1","131567","2","1783272","","201174","","1760","","85004","","","31953","","2701","","","","2702","585528","","",""
"126475","727","below_species","Haemophilus influenzae MCCM 02082","1","131567","2","","","1224","","1236","","135625","","","712","","724","","","","727","126475","","",""
"862965","729","below_species","Haemophilus parainfluenzae T3T1","1","131567","2","","","1224","","1236","","135625","","","712","","724","","","","729","862965","","",""
"1204722","521392","below_species","Helcobacillus massiliensis 6401990","1","131567","2","1783272","","201174","","1760","","85006","","","85020","","1161125","","","","521392","1204722","","",""
"182217","138563","below_species","Helicobacter cetorum MIT 00-7128","1","131567","2","","","1224","68525","29547","","213849","","","72293","","209","","","","138563","182217","","",""
"748671","47770","below_species","Lactobacillus crispatus ST1","1","131567","2","1783272","","1239","","91061","","186826","","","33958","","1578","","","","47770","748671","","",""
"880633","1587","below_species","Lactobacillus helveticus R0052","1","131567","2","1783272","","1239","","91061","","186826","","","33958","","1578","","","","1587","880633","","",""
"1249531","75985","below_species","Mannheimia haemolytica USDA-ARS-USMARC-183","1","131567","2","","","1224","","1236","","135625","","","712","","75984","","","","75985","1249531","","",""
"1432056","85404","below_species","Mannheimia varigena USDA-ARS-USMARC-1261","1","131567","2","","","1224","","1236","","135625","","","712","","75984","","","","85404","1432056","","",""
"1434214","85404","below_species","Mannheimia varigena USDA-ARS-USMARC-1312","1","131567","2","","","1224","","1236","","135625","","","712","","75984","","","","85404","1434214","","",""
"1434215","85404","below_species","Mannheimia varigena USDA-ARS-USMARC-1388","1","131567","2","","","1224","","1236","","135625","","","712","","75984","","","","85404","1434215","","",""
"548479","2051","below_species","Mobiluncus curtisii ATCC 43063","1","131567","2","1783272","","201174","","1760","","2037","","","2049","","2050","","","","2051","548479","","",""
"243273","2097","below_species","Mycoplasma genitalium G37","1","131567","2","1783272","","544448","","31969","","2085","","","2092","","2093","","","","2097","243273","","",""
"935593","487","below_species","Neisseria meningitidis M04-240196","1","131567","2","","","1224","","28216","","206351","","","481","","482","","","","487","935593","","",""
"1118057","1465756","below_species","Peptoniphilus grossensis ph5","1","131567","2","1783272","","1239","","1737404","","1737405","","","1570339","","162289","","","","1465756","1118057","","",""
"879243","28123","below_species","Porphyromonas asaccharolytica DSM 20707","1","131567","2","1783270","68336","976","","200643","","171549","","","171551","","836","","","","28123","879243","","",""
"887901","41976","below_species","Porphyromonas catoniae ATCC 51270","1","131567","2","1783270","68336","976","","200643","","171549","","","171551","","836","","","","41976","887901","","",""
"553174","28132","below_species","Prevotella melaninogenica ATCC 25845","1","131567","2","1783270","68336","976","","200643","","171549","","","171552","","838","","","","28132","553174","","",""
"743713","294","below_species","Pseudomonas fluorescens R124","1","131567","2","","","1224","","1236","","72274","","","135621","","286","","136843","","294","743713","","",""
"888019","172042","below_species","Rothia aeria F0184","1","131567","2","1783272","","201174","","1760","","85006","","","1268","","32207","","","","172042","888019","","",""
"680646","43675","below_species","Rothia mucilaginosa DY-18","1","131567","2","1783272","","201174","","1760","","85006","","","1268","","32207","","","","43675","680646","","",""
"519441","34105","below_species","Streptobacillus moniliformis DSM 12112","1","131567","2","","","32066","","203490","","203491","","","1129771","","34104","","","","34105","519441","","",""
"862971","1328","below_species","Streptococcus anginosus C238","1","131567","2","1783272","","1239","","91061","","186826","","","1300","","1301","","671232","","1328","862971","","",""
"134262","28037","below_species","Streptococcus mitis bv. 2","1","131567","2","1783272","","1239","","91061","","186826","","","1300","","1301","","","","28037","134262","","",""
"905067","1318","below_species","Streptococcus parasanguinis F0405","1","131567","2","1783272","","1239","","91061","","186826","","","1300","","1301","","","","1318","905067","","",""
"574093","1313","below_species","Streptococcus pneumoniae AP200","1","131567","2","1783272","","1239","","91061","","186826","","","1300","","1301","","","","1313","574093","","",""
"1054460","257758","below_species","Streptococcus pseudopneumoniae IS7493","1","131567","2","1783272","","1239","","91061","","186826","","","1300","","1301","","","","257758","1054460","","",""
"1282664","1077464","below_species","Streptococcus tigurinus AZ_3a","1","131567","2","1783272","","1239","","91061","","186826","","","1300","","1301","","","","1077464","1282664","","",""
"203275","28112","below_species","Tannerella forsythia 92A2","1","131567","2","1783270","68336","976","","200643","","171549","","","171551","","195950","","","","28112","203275","","",""
"38504","134821","below_species","Ureaplasma parvum serovar 3","1","131567","2","1783272","","544448","","31969","","2085","","","2092","","2129","","","","134821","38504","","",""
"95664","2130","below_species","Ureaplasma urealyticum serovar 10","1","131567","2","1783272","","544448","","31969","","2085","","","2092","","2129","","","","2130","95664","","",""
"479436","29466","below_species","Veillonella parvula DSM 2008","1","131567","2","1783272","","1239","","909932","","1843489","","","31977","","29465","","","","29466","479436","","",""
"565050","190650","below_below_species","Caulobacter crescentus NA1000","1","131567","2","","","1224","","28211","","204458","","","76892","","75","","","","155892","190650","565050","",""
"1434770","1434769","below_below_species","Chlamydia muridarum str. Nigg3 CMUT3-5","1","131567","2","1783257","","204428","","204429","","51291","","","809","1113537","810","","","","83560","1434769","1434770","",""
"565575","95664","below_below_species","Ureaplasma urealyticum serovar 10 str. ATCC 33699","1","131567","2","1783272","","544448","","31969","","2085","","","2092","","2129","","","","2130","95664","565575","",""
"302911","28025","subspecies","Bifidobacterium animalis subsp. lactis","1","131567","2","1783272","","201174","","1760","","85004","","","31953","","1678","","","","28025","","","302911",""
"1679","216816","subspecies","Bifidobacterium longum subsp. longum","1","131567","2","1783272","","201174","","1760","","85004","","","31953","","1678","","","","216816","","","1679",""
"144184","38286","subspecies","Corynebacterium afermentans subsp. lipophilum","1","131567","2","1783272","","201174","","1760","","85007","","","1653","","1716","","","","38286","","","144184",""
"76859","851","subspecies","Fusobacterium nucleatum subsp. animalis","1","131567","2","","","32066","","203490","","203491","","","203492","","848","","","","851","","","76859",""
"76856","851","subspecies","Fusobacterium nucleatum subsp. nucleatum","1","131567","2","","","32066","","203490","","203491","","","203492","","848","","","","851","","","76856",""
"144178","2051","subspecies","Mobiluncus curtisii subsp. holmesii","1","131567","2","1783272","","201174","","1760","","2037","","","2049","","2050","","","","2051","","","144178",""
"319705","36809","subspecies","Mycobacterium abscessus subsp. bolletii","1","131567","2","1783272","","201174","","1760","","85007","","","1762","","1763","","670516","670506","36809","","","319705",""
"119602","1334","subspecies","Streptococcus dysgalactiae subsp. equisimilis","1","131567","2","1783272","","1239","","91061","","186826","","","1300","","1301","","119603","","1334","","","119602",""
"1035817","1679","below_subspecies","Bifidobacterium longum subsp. longum KACC 91563","1","131567","2","1783272","","201174","","1760","","85004","","","31953","","1678","","","","216816","","","1679","1035817"
"469607","76859","below_subspecies","Fusobacterium nucleatum subsp. animalis 4_8","1","131567","2","","","32066","","203490","","203491","","","203492","","848","","","","851","","","76859","469607"
"190304","76856","below_subspecies","Fusobacterium nucleatum subsp. nucleatum ATCC 25586","1","131567","2","","","32066","","203490","","203491","","","203492","","848","","","","851","","","76856","190304"
"1299325","319705","below_subspecies","Mycobacterium abscessus subsp. bolletii 103","1","131567","2","1783272","","201174","","1760","","85007","","","1762","","1763","","670516","670506","36809","","","319705","1299325"
"486410","119602","below_subspecies","Streptococcus dysgalactiae subsp. equisimilis GGS_124","1","131567","2","1783272","","1239","","91061","","186826","","","1300","","1301","","119603","","1334","","","119602","486410"
