"seqname","version","accession","name","description","tax_id","modified_date","download_date","version_num","source","keywords","organism","length","ambig_count","strain","mol_type","isolate","isolation_source","seq_start","seq_stop","is_type","species"
"FJ357586_1_1443","FJ357586.1","FJ357586","FJ357586","Staphylococcus epidermidis strain BBN1B3-02 16S ribosomal RNA gene, partial sequence","1282","13-JAN-2009","04-Jan-2018","1","Staphylococcus epidermidis","","Staphylococcus epidermidis","1443","2","BBN1B3-02","genomic DNA","","first instar nymph","1","1443","False","1282"
"AY730721_1_1394","AY730721.1","AY730721","AY730721","Lactobacillus gasseri 16S ribosomal RNA gene, partial sequence","1596","27-SEP-2004","04-Jan-2018","1","Lactobacillus gasseri","","Lactobacillus gasseri","1394","0","130704-6172","genomic DNA","","","1","1394","False","1596"
"NZ_LLBG01000083_319_1875","NZ_LLBG01000083.1","NZ_LLBG01000083","NZ_LLBG01000083","Staphylococcus aureus strain BD13502 map unlocalized plasmid unnamed4 UCSF13502_c329, whole genome shotgun sequence","1280","21-OCT-2017","04-Jan-2018","1","Staphylococcus aureus","WGS;RefSeq","Staphylococcus aureus","1557","8","BD13502","genomic DNA","","","319","1875","False","1280"
"NZ_CP010436_1510624_1512130","NZ_CP010436.1","NZ_CP010436","NZ_CP010436","Helicobacter pylori strain 26695-1MET, complete genome","210","25-MAR-2017","04-Jan-2018","1","Helicobacter pylori","RefSeq","Helicobacter pylori","1507","0","26695-1MET","genomic DNA","","Human stomach biopsy","1510624","1512130","False","210"
"NZ_CP015081_2638192_2639698","NZ_CP015081.1","NZ_CP015081","NZ_CP015081","Deinococcus radiodurans R1 chromosome 1, complete sequence","243230","12-APR-2017","04-Jan-2018","1","Deinococcus radiodurans R1","RefSeq","Deinococcus radiodurans R1","1507","0","R1","genomic DNA","","Irradiated ground pork and beef","2638192","2639698","True","1299"
"NZ_CWMC01000071_3805_5365","NZ_CWMC01000071.1","NZ_CWMC01000071","NZ_CWMC01000071","Listeria monocytogenes isolate LM28, whole genome shotgun sequence","1639","01-MAR-2017","04-Jan-2018","1","Listeria monocytogenes","WGS;RefSeq","Listeria monocytogenes","1561","2","","genomic DNA","LM28","","3805","5365","False","1639"
"JQ045831_1_1487","JQ045831.1","JQ045831","JQ045831","Rhodobacter sphaeroides strain SDT1S12 16S ribosomal RNA gene, partial sequence","1063","07-FEB-2012","04-Jan-2018","1","Rhodobacter sphaeroides","","Rhodobacter sphaeroides","1487","0","SDT1S12","genomic DNA","","Bay of Bengal sediment sample","1","1487","False","1063"
"KY880972_1_1370","KY880972.1","KY880972","KY880972","Bacillus anthracis strain Xyl5 16S ribosomal RNA gene, partial sequence","1392","11-APR-2017","04-Jan-2018","1","Bacillus anthracis","","Bacillus anthracis","1370","0","Xyl5","genomic DNA","","soil","1","1370","False","1392"
"KF372576_1_1257","KF372576.1","KF372576","KF372576","Clostridium beijerinckii strain ASU5 16S ribosomal RNA gene, partial sequence","1520","13-AUG-2013","04-Jan-2018","1","Clostridium beijerinckii","","Clostridium beijerinckii","1257","6","ASU5","genomic DNA","","cultivated soil","1","1257","False","1520"
"HQ658086_1_1456","HQ658086.1","HQ658086","HQ658086","Streptococcus agalactiae strain GY102 16S ribosomal RNA gene, partial sequence","1311","09-JUL-2012","04-Jan-2018","1","Streptococcus agalactiae","","Streptococcus agalactiae","1456","0","GY102","genomic DNA","","","1","1456","False","1311"
"NZ_KI974751_49207_50763","NZ_KI974751.1","NZ_KI974751","NZ_KI974751","Staphylococcus aureus LAMC6065 adpnS-supercont1.14, whole genome shotgun sequence","1409453","02-MAR-2017","04-Jan-2018","1","Staphylococcus aureus LAMC6065","WGS;RefSeq","Staphylococcus aureus LAMC6065","1557","0","LAMC6065","genomic DNA","","Blood","49207","50763","False","1280"
"KX863518_1_1598","KX863518.1","KX863518","KX863518","Pseudomonas aeruginosa strain PDB1 16S ribosomal RNA gene, partial sequence","287","24-SEP-2016","04-Jan-2018","1","Pseudomonas aeruginosa","","Pseudomonas aeruginosa","1598","0","PDB1","genomic DNA","","petrol pump waste soil","1","1598","False","287"
"JX678690_1_1365","JX678690.1","JX678690","JX678690","Streptococcus mutans strain P23 16S ribosomal RNA gene, partial sequence","1309","27-OCT-2012","04-Jan-2018","1","Streptococcus mutans","","Streptococcus mutans","1365","0","P23","genomic DNA","","dental caries","1","1365","False","1309"
"JF772059_1_1516","JF772059.1","JF772059","JF772059","Bacillus anthracis strain LRC43 16S ribosomal RNA gene, partial sequence","1392","05-APR-2012","04-Jan-2018","1","Bacillus anthracis","","Bacillus anthracis","1516","0","LRC43","genomic DNA","","lab-reared adult gut","1","1516","False","1392"
"DQ677743_1_1521","DQ677743.1","DQ677743","DQ677743","Streptococcus mutans strain ChDC YM93 16S ribosomal RNA gene, partial sequence","1309","23-JUL-2006","04-Jan-2018","1","Streptococcus mutans","","Streptococcus mutans","1521","0","ChDC YM93; 58221","genomic DNA","","","1","1521","False","1309"
"NZ_CP010086_416307_417823","NZ_CP010086.2","NZ_CP010086","NZ_CP010086","Clostridium beijerinckii strain NCIMB 14988, complete genome","1520","05-APR-2017","04-Jan-2018","2","Clostridium beijerinckii","RefSeq","Clostridium beijerinckii","1517","0","NCIMB 14988","genomic DNA","","","416307","417823","False","1520"
"KR997570_1_1435","KR997570.1","KR997570","KR997570","Bacillus cereus strain DCRUST BT FM-1 16S ribosomal RNA gene, partial sequence","1396","29-SEP-2015","04-Jan-2018","1","Bacillus cereus","","Bacillus cereus","1435","0","DCRUST BT FM-1","genomic DNA","","soil samples","1","1435","False","1396"
"NZ_AQFH01000033_31320_32873","NZ_AQFH01000033.1","NZ_AQFH01000033","NZ_AQFH01000033","Escherichia coli 201600.1 gec2016001.contig.32, whole genome shotgun sequence","1116129","24-FEB-2017","04-Jan-2018","1","Escherichia coli 201600.1","WGS;RefSeq","Escherichia coli 201600.1","1554","0","201600.1","genomic DNA","","stool","31320","32873","False","562"
"GU990615_1_1480","GU990615.1","GU990615","GU990615","Rhodobacter sphaeroides strain Z08 16S ribosomal RNA gene, partial sequence","1063","21-APR-2010","04-Jan-2018","1","Rhodobacter sphaeroides","","Rhodobacter sphaeroides","1480","0","Z08","genomic DNA","","soil","1","1480","False","1063"
"NZ_LINV01000016_1_1685","NZ_LINV01000016.1","NZ_LINV01000016","NZ_LINV01000016","Salmonella enterica subsp. enterica serovar Enteritidis strain CVM N50426 N50426_contig_17, whole genome shotgun sequence","149539","28-FEB-2017","04-Jan-2018","1","Salmonella enterica subsp. enterica serovar Enteritidis (Salmonella enteritidis)","WGS;RefSeq","Salmonella enterica subsp. enterica serovar Enteritidis","1685","0","CVM N50426","genomic DNA","","Chicken Legs","1","1685","False","28901"
"NZ_CP016090_143362_144876","NZ_CP016090.1","NZ_CP016090","NZ_CP016090","Clostridium beijerinckii strain BAS/B3/I/124, complete genome","1520","06-APR-2017","04-Jan-2018","1","Clostridium beijerinckii","RefSeq","Clostridium beijerinckii","1515","0","BAS/B3/I/124","genomic DNA","","","143362","144876","False","1520"
"AB097215_1_1526","AB097215.1","AB097215","AB097215","Propionibacterium acnes gene for 16S ribosomal RNA, complete sequence","1747","03-DEC-2002","04-Jan-2018","1","Cutibacterium acnes (Propionibacterium acnes)","","Cutibacterium acnes","1526","1","IFM10239","genomic DNA","","","1","1526","False","1747"
"NZ_ALCK01000010_2086_3639","NZ_ALCK01000010.1","NZ_ALCK01000010","NZ_ALCK01000010","Streptococcus pneumoniae GA04216 GA04216.contig.9, whole genome shotgun sequence","1069624","09-MAR-2017","04-Jan-2018","1","Streptococcus pneumoniae GA04216","WGS;RefSeq","Streptococcus pneumoniae GA04216","1554","0","GA04216","genomic DNA","","blood","2086","3639","False","1313"
"NC_008530_1792188_1793772","NC_008530.1","NC_008530","NC_008530","Lactobacillus gasseri ATCC 33323, complete genome","324831","29-MAR-2017","04-Jan-2018","1","Lactobacillus gasseri ATCC 33323 = JCM 1131","RefSeq","Lactobacillus gasseri ATCC 33323 = JCM 1131","1585","0","ATCC 33323","genomic DNA","","","1792188","1793772","True","1596"
"KM052277_1_1291","KM052277.1","KM052277","KM052277","Streptococcus mutans strain 74 16S ribosomal RNA gene, partial sequence","1309","06-AUG-2014","04-Jan-2018","1","Streptococcus mutans","","Streptococcus mutans","1291","8","74","genomic DNA","","dental plaque","1","1291","False","1309"
"NZ_ANRU01000029_3222_4768","NZ_ANRU01000029.1","NZ_ANRU01000029","NZ_ANRU01000029","Neisseria meningitidis 4119 NM4119.contig.28, whole genome shotgun sequence","1095679","24-NOV-2017","04-Jan-2018","1","Neisseria meningitidis 4119","WGS;RefSeq","Neisseria meningitidis 4119","1547","0","4119","genomic DNA","","disease case","3222","4768","False","487"
"EU728705_1_1458","EU728705.1","EU728705","EU728705","Bacteroides vulgatus 16S ribosomal RNA gene, partial sequence","821","22-DEC-2015","04-Jan-2018","1","Bacteroides vulgatus","","Bacteroides vulgatus","1458","2","DJF_B081","genomic DNA","","intestine","1","1458","False","821"
"NZ_AIHH01000057_297009_298564","NZ_AIHH01000057.1","NZ_AIHH01000057","NZ_AIHH01000057","Escherichia coli DEC13C gecDEC13C.contig.56_1, whole genome shotgun sequence","868198","22-FEB-2017","04-Jan-2018","1","Escherichia coli DEC13C","WGS;RefSeq","Escherichia coli DEC13C","1556","0","DEC13C","genomic DNA","","infant","297009","298564","False","562"
"NZ_CWLC01000047_3987_5547","NZ_CWLC01000047.1","NZ_CWLC01000047","NZ_CWLC01000047","Listeria monocytogenes isolate LM49, whole genome shotgun sequence","1639","01-MAR-2017","04-Jan-2018","1","Listeria monocytogenes","WGS;RefSeq","Listeria monocytogenes","1561","5","","genomic DNA","LM49","","3987","5547","False","1639"
"LC271679_1_1512","LC271679.1","LC271679","LC271679","Staphylococcus epidermidis gene for 16S ribosomal RNA, partial sequence, isolate: CG1704SAN1","1282","02-JUN-2017","04-Jan-2018","1","Staphylococcus epidermidis","","Staphylococcus epidermidis","1512","0","","genomic DNA","CG1704SAN1","drinking water","1","1512","False","1282"
"NC_009614_4430449_4431986","NC_009614.1","NC_009614","NC_009614","Bacteroides vulgatus ATCC 8482, complete genome","435590","18-MAY-2017","04-Jan-2018","1","Bacteroides vulgatus ATCC 8482","RefSeq","Bacteroides vulgatus ATCC 8482","1538","0","ATCC 8482","genomic DNA","","","4430449","4431986","True","821"
"KM817288_1_1520","KM817288.1","KM817288","KM817288","Bacillus anthracis strain IHB B 15126 16S ribosomal RNA gene, partial sequence","1392","01-DEC-2014","04-Jan-2018","1","Bacillus anthracis","","Bacillus anthracis","1520","0","IHB B 15126","genomic DNA","","Drussu saffron farm, District Pulwama, J&K","1","1520","False","1392"
"JN644614_1_1508","JN644614.1","JN644614","JN644614","Enterococcus faecalis strain SL10_1C 16S ribosomal RNA gene, partial sequence","1351","18-DEC-2013","04-Jan-2018","1","Enterococcus faecalis","","Enterococcus faecalis","1508","0","SL10_1C","genomic DNA","","midgut","1","1508","False","1351"
"KC478511_1_1510","KC478511.1","KC478511","KC478511","Enterococcus faecalis strain S4-15 16S ribosomal RNA gene, partial sequence","1351","11-MAY-2013","04-Jan-2018","1","Enterococcus faecalis","","Enterococcus faecalis","1510","0","S4-15","genomic DNA","","traditionally fermented soybean food","1","1510","False","1351"
"KY495215_1_1511","KY495215.1","KY495215","KY495215","Bacillus cereus strain CGAPGPBS-076A 16S ribosomal RNA gene, partial sequence","1396","26-DEC-2017","04-Jan-2018","1","Bacillus cereus","","Bacillus cereus","1511","0","CGAPGPBS-076A","genomic DNA","","rhizospheric soil","1","1511","False","1396"
"JQ694259_1_1467","JQ694259.1","JQ694259","JQ694259","Salmonella enterica subsp. enterica serovar Braenderup strain 325 16S ribosomal RNA gene, partial sequence","149391","28-JUN-2013","04-Jan-2018","1","Salmonella enterica subsp. enterica serovar Braenderup","","Salmonella enterica subsp. enterica serovar Braenderup","1467","6","325","genomic DNA","","food","1","1467","False","28901"
"NZ_AOTW01000001_169510_171018","NZ_AOTW01000001.1","NZ_AOTW01000001","NZ_AOTW01000001","Helicobacter pylori Hp A-11 HPA_11.contig.0, whole genome shotgun sequence","992035","23-MAR-2017","04-Jan-2018","1","Helicobacter pylori Hp A-11","WGS;RefSeq","Helicobacter pylori Hp A-11","1509","0","Hp A-11","genomic DNA","","patient with duodenal ulcer","169510","171018","False","210"
"AB600539_1_1474","AB600539.1","AB600539","AB600539","Clostridium diolis gene for 16S rRNA, partial sequence, strain: N62","223919","13-MAY-2011","04-Jan-2018","1","Clostridium diolis","","Clostridium diolis","1474","0","N62","genomic DNA","","Italian ryegrass silage","1","1474","False","223919"
"KP944149_1_1433","KP944149.1","KP944149","KP944149","Bacteroides vulgatus strain W05002A 16S ribosomal RNA gene, partial sequence","821","01-SEP-2015","04-Jan-2018","1","Bacteroides vulgatus","","Bacteroides vulgatus","1433","0","W05002A","genomic DNA","","pus","1","1433","False","821"
"NC_009617_4546429_4547945","NC_009617.1","NC_009617","NC_009617","Clostridium beijerinckii NCIMB 8052, complete genome","290402","18-MAY-2017","04-Jan-2018","1","Clostridium beijerinckii NCIMB 8052","RefSeq","Clostridium beijerinckii NCIMB 8052","1517","0","NCIMB 8052","genomic DNA","","","4546429","4547945","False","1520"
"AF337915_1_1471","AF337915.1","AF337915","AF337915","Neisseria meningitidis strain M2905 16S ribosomal RNA gene, partial sequence","487","17-DEC-2002","04-Jan-2018","1","Neisseria meningitidis","","Neisseria meningitidis","1471","1","M2905","genomic DNA","","","1","1471","False","487"
"GQ131411_1_1514","GQ131411.1","GQ131411","GQ131411","Actinomyces odontolyticus strain F0309 16S ribosomal RNA gene, partial sequence","1660","20-SEP-2010","04-Jan-2018","1","Actinomyces odontolyticus","","Actinomyces odontolyticus","1514","0","F0309","genomic DNA","","","1","1514","False","1660"
"JQ039367_1_1442","JQ039367.1","JQ039367","JQ039367","Streptococcus agalactiae strain GRS2029 16S ribosomal RNA gene, partial sequence","1311","20-FEB-2013","04-Jan-2018","1","Streptococcus agalactiae","","Streptococcus agalactiae","1442","0","GRS2029","genomic DNA","","brain","1","1442","False","1311"
"NZ_MBHJ01000013_132365_133685","NZ_MBHJ01000013.1","NZ_MBHJ01000013","NZ_MBHJ01000013","Helicobacter pylori strain 3133 scaffold_2, whole genome shotgun sequence","210","16-OCT-2017","04-Jan-2018","1","Helicobacter pylori","WGS;RefSeq","Helicobacter pylori","1321","0","3133","genomic DNA","","Biopsy","132365","133685","False","210"
"AAJO01000021_626_2135","AAJO01000021.1","AAJO01000021","AAJO01000021","Streptococcus agalactiae 18RS21 s_agalactiae_18rs21_3018, whole genome shotgun sequence","342613","30-SEP-2005","04-Jan-2018","1","Streptococcus agalactiae 18RS21","WGS","Streptococcus agalactiae 18RS21","1510","3","18RS21","genomic DNA","","","626","2135","False","1311"
"KP772338_1_1455","KP772338.1","KP772338","KP772338","Bacillus cereus strain PALB5 16S ribosomal RNA gene, partial sequence","1396","06-APR-2015","04-Jan-2018","1","Bacillus cereus","","Bacillus cereus","1455","0","PALB5","genomic DNA","","alkaline fermented African locust bean","1","1455","False","1396"
"NZ_CP011966_399828_401344","NZ_CP011966.2","NZ_CP011966","NZ_CP011966","Clostridium beijerinckii NRRL B-598, complete genome","1428454","23-FEB-2017","04-Jan-2018","2","Clostridium beijerinckii NRRL B-598","RefSeq","Clostridium beijerinckii NRRL B-598","1517","0","NRRL B-598","genomic DNA","","","399828","401344","False","1520"
"AF310550_1_1471","AF310550.1","AF310550","AF310550","Neisseria meningitidis strain N218/89 16S ribosomal RNA gene, partial sequence","487","17-SEP-2003","04-Jan-2018","1","Neisseria meningitidis","","Neisseria meningitidis","1471","0","N218/89","genomic DNA","","","1","1471","False","487"
"NR_026401_1_1466","NR_026401.1","NR_026401","NR_026401","Deinococcus radiodurans strain DSM 20539 16S ribosomal RNA gene, partial sequence","1299","03-FEB-2015","04-Jan-2018","1","Deinococcus radiodurans","RefSeq","Deinococcus radiodurans","1466","0","DSM 20539","rRNA","","","1","1466","True","1299"
"AB610548_1_1473","AB610548.1","AB610548","AB610548","Clostridium diolis gene for 16S rRNA, partial sequence","223919","26-JUL-2011","04-Jan-2018","1","Clostridium diolis","","Clostridium diolis","1473","0","R2","genomic DNA","","Italian ryegrass","1","1473","False","223919"
"KT799798_1_1438","KT799798.1","KT799798","KT799798","Clostridium diolis strain S33-KKU 16S ribosomal RNA gene, partial sequence","223919","02-MAR-2016","04-Jan-2018","1","Clostridium diolis","","Clostridium diolis","1438","0","S33-KKU","genomic DNA","","soil","1","1438","False","223919"
"KM099461_1_1271","KM099461.1","KM099461","KM099461","Propionibacterium acnes strain A22-1 16S ribosomal RNA gene, partial sequence","1747","08-OCT-2014","04-Jan-2018","1","Cutibacterium acnes (Propionibacterium acnes)","","Cutibacterium acnes","1271","0","A22-1","genomic DNA","","Acne vulgaris","1","1271","False","1747"
"KM099490_1_1521","KM099490.1","KM099490","KM099490","Propionibacterium acnes strain A45-1 16S ribosomal RNA gene, partial sequence","1747","08-OCT-2014","04-Jan-2018","1","Cutibacterium acnes (Propionibacterium acnes)","","Cutibacterium acnes","1521","0","A45-1","genomic DNA","","Acne vulgaris","1","1521","False","1747"
"DQ317605_1_1526","DQ317605.1","DQ317605","DQ317605","Lactobacillus gasseri strain 20L09 16S ribosomal RNA gene, partial sequence","1596","08-SEP-2006","04-Jan-2018","1","Lactobacillus gasseri","","Lactobacillus gasseri","1526","0","20L09","genomic DNA","","","1","1526","False","1596"
"NZ_FJQX01000009_3370_4926","NZ_FJQX01000009.1","NZ_FJQX01000009","NZ_FJQX01000009","Streptococcus agalactiae isolate SA81, whole genome shotgun sequence","1311","20-MAR-2017","04-Jan-2018","1","Streptococcus agalactiae","WGS;RefSeq","Streptococcus agalactiae","1557","0","","genomic DNA","SA81","Milk","3370","4926","False","1311"
"NZ_CMUG01000081_21_1574","NZ_CMUG01000081.1","NZ_CMUG01000081","NZ_CMUG01000081","Streptococcus pneumoniae strain 0142, whole genome shotgun sequence","1313","04-MAR-2017","04-Jan-2018","1","Streptococcus pneumoniae","WGS;RefSeq","Streptococcus pneumoniae","1554","0","0142","genomic DNA","","Nasopharynx","21","1574","False","1313"
"U84149_1_1378","U84149.1","U84149","LMU84149","Listeria monocytogenes 16S ribosomal RNA gene, partial sequence","1639","03-JUN-1997","04-Jan-2018","1","Listeria monocytogenes","","Listeria monocytogenes","1378","7","DD 3823","genomic DNA","","","1","1378","False","1639"
"AY699287_1_1543","AY699287.1","AY699287","AY699287","Staphylococcus epidermidis isolate M99 16S ribosomal RNA gene, partial sequence","1282","29-AUG-2004","04-Jan-2018","1","Staphylococcus epidermidis","","Staphylococcus epidermidis","1543","0","","genomic DNA","M99","camel digestive system","1","1543","False","1282"
"KX962160_1_1491","KX962160.1","KX962160","KX962160","Bacillus anthracis strain RG02 16S ribosomal RNA gene, partial sequence","1392","27-SEP-2017","04-Jan-2018","1","Bacillus anthracis","","Bacillus anthracis","1491","0","RG02","genomic DNA","","sewage","1","1491","False","1392"
"NZ_DS264586_1771944_1773497","NZ_DS264586.1","NZ_DS264586","NZ_DS264586","Actinomyces odontolyticus ATCC 17982 Scfld021, whole genome shotgun sequence","411466","07-APR-2017","04-Jan-2018","1","Actinomyces odontolyticus ATCC 17982","WGS;RefSeq","Actinomyces odontolyticus ATCC 17982","1554","0","ATCC 17982","genomic DNA","","biological product [ENVO:02000043]","1771944","1773497","False","1660"
"AM696295_1_1365","AM696295.1","AM696295","AM696295","Rhodobacter sphaeroides partial 16S rRNA gene, strain JA149","1063","14-MAY-2007","04-Jan-2018","1","Rhodobacter sphaeroides","16S ribosomal RNA;16S rRNA gene","Rhodobacter sphaeroides","1365","2","JA149","genomic DNA","","hot water near sulfur spring","1","1365","False","1063"
"KY674893_1_1218","KY674893.1","KY674893","KY674893","Propionibacterium acnes subsp. acnes strain HKG 305 16S ribosomal RNA gene, partial sequence","1734925","15-AUG-2017","04-Jan-2018","1","Cutibacterium acnes subsp. acnes","","Cutibacterium acnes subsp. acnes","1218","0","HKG 305","genomic DNA","","skin lesion of acne patient","1","1218","False","1747"
"NZ_CP016565_295709_297270","NZ_CP016565.1","NZ_CP016565","NZ_CP016565","Salmonella enterica subsp. enterica serovar Heidelberg strain AMR588-04-00318, complete sequence","611","01-MAR-2017","04-Jan-2018","1","Salmonella enterica subsp. enterica serovar Heidelberg","RefSeq","Salmonella enterica subsp. enterica serovar Heidelberg","1562","0","AMR588-04-00318","genomic DNA","","Chicken feces","295709","297270","False","28901"
"NR_114395_1_1501","NR_114395.1","NR_114395","NR_114395","Actinomyces odontolyticus strain JCM 14871 16S ribosomal RNA gene, partial sequence","1660","03-FEB-2015","04-Jan-2018","1","Actinomyces odontolyticus","RefSeq","Actinomyces odontolyticus","1501","0","JCM 14871","rRNA","","","1","1501","True","1660"
"JN668251_1_1459","JN668251.1","JN668251","JN668251","Acinetobacter baumannii Naval-81 clone 1061064264804 16S ribosomal RNA gene, partial sequence","903898","26-DEC-2011","04-Jan-2018","1","Acinetobacter baumannii Naval-81","","Acinetobacter baumannii Naval-81","1459","1","Naval-81","genomic DNA","","blood isolate from subject in National Naval Medical Center, Bethesda, MD, USA","1","1459","False","470"
"DQ677765_1_1515","DQ677765.1","DQ677765","DQ677765","Streptococcus mutans strain ChDC YM57 16S ribosomal RNA gene, partial sequence","1309","23-JUL-2006","04-Jan-2018","1","Streptococcus mutans","","Streptococcus mutans","1515","0","ChDC YM57; 33211","genomic DNA","","","1","1515","False","1309"
"KX150804_1_1439","KX150804.1","KX150804","KX150804","Bacillus thuringiensis strain HaTc3 16S ribosomal RNA gene, partial sequence","1428","08-JUN-2016","04-Jan-2018","1","Bacillus thuringiensis","","Bacillus thuringiensis","1439","8","HaTc3","genomic DNA","","root","1","1439","False","1428"
"DQ831125_1_1379","DQ831125.1","DQ831125","DQ831125","Clostridium diolis strain W1 16S ribosomal RNA gene, partial sequence","223919","23-OCT-2007","04-Jan-2018","1","Clostridium diolis","","Clostridium diolis","1379","0","W1","genomic DNA","","","1","1379","False","223919"
"LKZC01000088_234_1790","LKZC01000088.1","LKZC01000088","LKZC01000088","Staphylococcus aureus strain UCI 11 plasmid unnamed5 UCI11_c372, whole genome shotgun sequence","1280","12-OCT-2017","04-Jan-2018","1","Staphylococcus aureus","WGS","Staphylococcus aureus","1557","4","UCI 11","genomic DNA","","","234","1790","False","1280"
"AJ458419_1_1481","AJ458419.1","AJ458419","AJ458419","Clostridium diolis partial 16S rRNA gene, strain E5","223919","12-MAR-2003","04-Jan-2018","1","Clostridium diolis","16S ribosomal RNA;16S rRNA gene","Clostridium diolis","1481","1","E5","genomic DNA","","","1","1481","False","223919"
"HM099656_1_1442","HM099656.1","HM099656","HM099656","Helicobacter pylori strain 407D5 16S ribosomal RNA gene, partial sequence","210","30-MAY-2010","04-Jan-2018","1","Helicobacter pylori","","Helicobacter pylori","1442","0","407D5","genomic DNA","","stomach lining","1","1442","False","210"
"AB976551_1_1505","AB976551.1","AB976551","AB976551","Lactobacillus gasseri gene for 16S ribosomal RNA, partial sequence, strain: BC10","1596","20-FEB-2016","04-Jan-2018","1","Lactobacillus gasseri","","Lactobacillus gasseri","1505","0","BC10","genomic DNA","","vaginal swab","1","1505","False","1596"
"KP975183_1_1497","KP975183.1","KP975183","KP975183","Streptococcus mutans strain H20 16S ribosomal RNA gene, partial sequence","1309","02-AUG-2015","04-Jan-2018","1","Streptococcus mutans","","Streptococcus mutans","1497","0","H20","genomic DNA","","dental caries","1","1497","False","1309"
"KC443110_1_1523","KC443110.1","KC443110","KC443110","Staphylococcus epidermidis strain BAB-2554 16S ribosomal RNA gene, partial sequence","1282","24-MAR-2013","04-Jan-2018","1","Staphylococcus epidermidis","","Staphylococcus epidermidis","1523","0","BAB-2554","genomic DNA","","soil","1","1523","False","1282"
"NZ_ADEY01000015_355889_357439","NZ_ADEY01000015.1","NZ_ADEY01000015","NZ_ADEY01000015","Staphylococcus epidermidis SK135 ctg1119966626626, whole genome shotgun sequence","596317","15-NOV-2017","04-Jan-2018","1","Staphylococcus epidermidis SK135","WGS;RefSeq","Staphylococcus epidermidis SK135","1551","0","SK135","genomic DNA","","biological product [ENVO:02000043]","355889","357439","False","1282"
"KM977896_1_1503","KM977896.1","KM977896","KM977896","Salmonella enterica subsp. enterica serovar Typhi strain 541 16S ribosomal RNA gene, partial sequence","90370","18-JAN-2015","04-Jan-2018","1","Salmonella enterica subsp. enterica serovar Typhi (Salmonella typhi)","","Salmonella enterica subsp. enterica serovar Typhi","1503","0","541","genomic DNA","","blood","1","1503","False","28901"
"NZ_CWKP01000103_244_1804","NZ_CWKP01000103.1","NZ_CWKP01000103","NZ_CWKP01000103","Listeria monocytogenes isolate LM8, whole genome shotgun sequence","1639","01-MAR-2017","04-Jan-2018","1","Listeria monocytogenes","WGS;RefSeq","Listeria monocytogenes","1561","3","","genomic DNA","LM8","","244","1804","False","1639"
"NZ_FYFI01000036_4554_6104","NZ_FYFI01000036.1","NZ_FYFI01000036","NZ_FYFI01000036","Streptococcus pneumoniae strain UoS0160, whole genome shotgun sequence","1313","05-JUL-2017","04-Jan-2018","1","Streptococcus pneumoniae","WGS;RefSeq","Streptococcus pneumoniae","1551","0","UoS0160","genomic DNA","","Nasophaynx","4554","6104","False","1313"
"JX966423_1_1538","JX966423.1","JX966423","JX966423","Acinetobacter baumannii strain MBR5 16S ribosomal RNA gene, partial sequence","470","19-NOV-2012","04-Jan-2018","1","Acinetobacter baumannii","","Acinetobacter baumannii","1538","2","MBR5","genomic DNA","","gut","1","1538","False","470"
"HQ457014_1_1498","HQ457014.1","HQ457014","HQ457014","Pseudomonas aeruginosa strain HSD1 16S ribosomal RNA gene, partial sequence","287","08-JAN-2011","04-Jan-2018","1","Pseudomonas aeruginosa","","Pseudomonas aeruginosa","1498","0","HSD1","genomic DNA","","","1","1498","False","287"
"KC731573_1_1430","KC731573.1","KC731573","KC731573","Rhodobacter sphaeroides strain BHUH1 16S ribosomal RNA gene, partial sequence","1063","01-APR-2014","04-Jan-2018","1","Rhodobacter sphaeroides","","Rhodobacter sphaeroides","1430","0","BHUH1","genomic DNA","","sewage sludge","1","1430","False","1063"
"NZ_LHTH01000018_1_1329","NZ_LHTH01000018.1","NZ_LHTH01000018","NZ_LHTH01000018","Salmonella enterica subsp. salamae serovar 56:z10:e,n,x str. 1369-73 ssp-II_O56_mirahybrid1_c19, whole genome shotgun sequence","1243604","01-MAR-2017","04-Jan-2018","1","Salmonella enterica subsp. salamae serovar 56:z10:e,n,x str. 1369-73","WGS;RefSeq","Salmonella enterica subsp. salamae serovar 56:z10:e,n,x str. 1369-73","1329","0","1369-73","genomic DNA","","","1","1329","False","28901"
"AY486352_1_1427","AY486352.1","AY486352","AY486352","Pseudomonas aeruginosa strain AU1292 16S ribosomal RNA gene, partial sequence","287","07-MAY-2004","04-Jan-2018","1","Pseudomonas aeruginosa","","Pseudomonas aeruginosa","1427","7","AU1292","genomic DNA","","","1","1427","False","287"
"DQ201326_1_1498","DQ201326.1","DQ201326","DQ201326","Neisseria meningitidis strain CMCC(B)29025 16S ribosomal RNA gene, partial sequence","487","05-OCT-2005","04-Jan-2018","1","Neisseria meningitidis","","Neisseria meningitidis","1498","0","CMCC(B)29025","genomic DNA","","","1","1498","False","487"
"KM087102_1_1339","KM087102.1","KM087102","KM087102","Acinetobacter baumannii strain AIMST.Pbst2 16S ribosomal RNA gene, partial sequence","470","02-NOV-2014","04-Jan-2018","1","Acinetobacter baumannii","","Acinetobacter baumannii","1339","0","AIMST.Pbst2","genomic DNA","","stem tissue","1","1339","False","470"
"JN578646_1_1538","JN578646.1","JN578646","JN578646","Escherichia coli strain Y31 16S ribosomal RNA gene, partial sequence","562","25-SEP-2011","04-Jan-2018","1","Escherichia coli","","Escherichia coli","1538","0","Y31","genomic DNA","","feces","1","1538","False","562"
"EU867367_1_1371","EU867367.1","EU867367","EU867367","Bacillus thuringiensis strain CCGE2049 16S ribosomal RNA gene, partial sequence","1428","24-SEP-2010","04-Jan-2018","1","Bacillus thuringiensis","","Bacillus thuringiensis","1371","0","CCGE2049","genomic DNA","","","1","1371","False","1428"
"NZ_CGYF01000072_3093_4647","NZ_CGYF01000072.1","NZ_CGYF01000072","NZ_CGYF01000072","Streptococcus pneumoniae strain SMRU1921, whole genome shotgun sequence","1313","05-MAR-2017","04-Jan-2018","1","Streptococcus pneumoniae","WGS;RefSeq","Streptococcus pneumoniae","1555","0","SMRU1921","genomic DNA","","nasopharynx","3093","4647","False","1313"
"NZ_FWSJ01000043_168_1719","NZ_FWSJ01000043.1","NZ_FWSJ01000043","NZ_FWSJ01000043","Streptococcus pneumoniae isolate Hermans-68, whole genome shotgun sequence","1313","17-APR-2017","04-Jan-2018","1","Streptococcus pneumoniae","WGS;RefSeq","Streptococcus pneumoniae","1552","0","","genomic DNA","Hermans-68","","168","1719","False","1313"
"NZ_JFER01000024_50924_52361","NZ_JFER01000024.1","NZ_JFER01000024","NZ_JFER01000024","Acinetobacter baumannii 3390 ab3390.contig.23_1, whole genome shotgun sequence","1310710","16-MAR-2017","04-Jan-2018","1","Acinetobacter baumannii 3390","WGS;RefSeq","Acinetobacter baumannii 3390","1438","0","3390","genomic DNA","","perirectal","50924","52361","False","470"
"NZ_CP012013_2276063_2277619","NZ_CP012013.1","NZ_CP012013","NZ_CP012013","Staphylococcus aureus subsp. aureus strain Be62, complete genome","46170","05-MAR-2017","04-Jan-2018","1","Staphylococcus aureus subsp. aureus","RefSeq","Staphylococcus aureus subsp. aureus","1557","0","Be62","genomic DNA","","From patient with blood stream infection","2276063","2277619","False","1280"
"AF289089_1_1455","AF289089.1","AF289089","AF289089","Deinococcus radiodurans DC 16S ribosomal RNA gene, partial sequence","1299","03-AUG-2000","04-Jan-2018","1","Deinococcus radiodurans","","Deinococcus radiodurans","1455","0","DC","genomic DNA","","","1","1455","False","1299"
"QBQA01000003_515_2024","QBQA01000003.1","QBQA01000003","QBQA01000003","Helicobacter pylori strain 518 NODE_35_length_2280_cov_118.121_ID_69, whole genome shotgun sequence","210","22-APR-2018","25-Apr-2018","1","Helicobacter pylori","WGS","Helicobacter pylori","1510","0","518","genomic DNA","","stomach","515","2024","False","210"
"AIFK01000043_244238_245763","AIFK01000043.1","AIFK01000043","AIFK01000043","Escherichia coli DEC4A gecDEC4A.contig.42_1, whole genome shotgun sequence","868149","23-FEB-2012","04-Jan-2018","1","Escherichia coli DEC4A","WGS","Escherichia coli DEC4A","1526","0","DEC4A","genomic DNA","","calf","244238","245763","False","562"
"MG520180_1_1503","MG520180.1","MG520180","MG520180","Enterococcus faecalis strain DHFe35 16S ribosomal RNA gene, partial sequence","1351","26-NOV-2017","04-Jan-2018","1","Enterococcus faecalis","","Enterococcus faecalis","1503","0","DHFe35","genomic DNA","","human feces","1","1503","False","1351"
"MF943159_1_1520","MF943159.1","MF943159","MF943159","Pseudomonas aeruginosa strain PE10 16S ribosomal RNA gene, partial sequence","287","16-OCT-2017","04-Jan-2018","1","Pseudomonas aeruginosa","","Pseudomonas aeruginosa","1520","0","PE10","genomic DNA","","E-waste","1","1520","False","287"
"NZ_CP009600_3283005_3284560","NZ_CP009600.1","NZ_CP009600","NZ_CP009600","Bacillus thuringiensis strain HD571, complete genome","1428","03-APR-2017","04-Jan-2018","1","Bacillus thuringiensis","RefSeq","Bacillus thuringiensis","1556","0","HD571","genomic DNA","","","3283005","3284560","False","1428"
"NZ_CP018205_2241606_2243164","NZ_CP018205.1","NZ_CP018205","NZ_CP018205","Staphylococcus aureus subsp. aureus strain HG001, complete genome","46170","06-MAR-2017","04-Jan-2018","1","Staphylococcus aureus subsp. aureus","RefSeq","Staphylococcus aureus subsp. aureus","1559","0","HG001","genomic DNA","RN1","strain HG001 was generated by Silvia Herbert in 2010 in the Microbial Genetics department of University of Tubingen, Germany; Herbert received the parental strain NCTC8325 from Richard Novick (NYU Langone Medical Center); parental strain NCTC8325 was isolated in 1960 from a sepsis patient at Colindale, Central Public Health Laboratory, London, UK","2241606","2243164","False","1280"
"EF206345_1_1514","EF206345.1","EF206345","EF206345","Bacillus thuringiensis 16S rDNA gene, partial sequence","1428","30-DEC-2009","04-Jan-2018","1","Bacillus thuringiensis","","Bacillus thuringiensis","1514","0","","genomic DNA","","","1","1514","False","1428"
"NZ_JH378006_173564_175119","NZ_JH378006.1","NZ_JH378006","NZ_JH378006","Escherichia coli O104:H4 str. 11-4632 C2 supercont1.2, whole genome shotgun sequence","1068618","22-FEB-2017","04-Jan-2018","1","Escherichia coli O104:H4 str. 11-4632 C2","WGS;HIGH_QUALITY_DRAFT;RefSeq","Escherichia coli O104:H4 str. 11-4632 C2","1556","0","11-4632 C2","genomic DNA","","","173564","175119","False","562"
"KM099457_1_1276","KM099457.1","KM099457","KM099457","Propionibacterium acnes strain A20-1 16S ribosomal RNA gene, partial sequence","1747","08-OCT-2014","04-Jan-2018","1","Cutibacterium acnes (Propionibacterium acnes)","","Cutibacterium acnes","1276","2","A20-1","genomic DNA","","Acne vulgaris","1","1276","False","1747"
"KJ882409_1_1428","KJ882409.1","KJ882409","KJ882409","Bacillus thuringiensis strain MSC20 16S ribosomal RNA gene, partial sequence","1428","09-SEP-2014","04-Jan-2018","1","Bacillus thuringiensis","","Bacillus thuringiensis","1428","0","MSC20","genomic DNA","","calcium carbonate-cementitious materials","1","1428","False","1428"
"NZ_CP013020_3929933_3931472","NZ_CP013020.1","NZ_CP013020","NZ_CP013020","Bacteroides vulgatus strain mpk genome","821","18-APR-2017","04-Jan-2018","1","Bacteroides vulgatus","RefSeq","Bacteroides vulgatus","1540","0","mpk","genomic DNA","","healthy mouse fecal sample","3929933","3931472","False","821"
"MF754137_1_1508","MF754137.1","MF754137","MF754137","Bacillus anthracis strain a 16S ribosomal RNA gene, partial sequence","1392","30-AUG-2017","04-Jan-2018","1","Bacillus anthracis","","Bacillus anthracis","1508","3","a","genomic DNA","","soil","1","1508","False","1392"
"NC_007493_1_1463","NC_007493.2","NC_007493","NC_007493","Rhodobacter sphaeroides 2.4.1 chromosome 1, complete sequence","272943","28-AUG-2016","04-Jan-2018","2","Rhodobacter sphaeroides 2.4.1","RefSeq","Rhodobacter sphaeroides 2.4.1","1463","0","2.4.1; ATCC BAA-808","genomic DNA","","","1","1463","False","1063"
"GU561318_1_1429","GU561318.1","GU561318","GU561318","Actinomyces odontolyticus strain TonEJ13 16S ribosomal RNA gene, partial sequence","1660","13-MAR-2010","04-Jan-2018","1","Actinomyces odontolyticus","","Actinomyces odontolyticus","1429","1","TonEJ13","genomic DNA","","oral cavity","1","1429","False","1660"
"KF792055_1_1477","KF792055.1","KF792055","KF792055","Streptococcus agalactiae strain m1 16S ribosomal RNA gene, partial sequence","1311","07-OCT-2014","04-Jan-2018","1","Streptococcus agalactiae","","Streptococcus agalactiae","1477","0","m1","genomic DNA","","","1","1477","False","1311"
"AJ234043_1_1392","AJ234043.1","AJ234043","AJ234043","Actinomyces odontolyticus 16S rRNA gene, strain CCUG 32897","1660","30-JAN-2001","04-Jan-2018","1","Actinomyces odontolyticus","16S ribosomal RNA;16S rRNA","Actinomyces odontolyticus","1392","6","CCUG 32897","genomic DNA","","","1","1392","False","1660"
"GQ200824_1_1421","GQ200824.1","GQ200824","GQ200824","Acinetobacter baumannii strain KK14 16S ribosomal RNA gene, partial sequence","470","04-JUL-2009","04-Jan-2018","1","Acinetobacter baumannii","","Acinetobacter baumannii","1421","0","KK14","genomic DNA","","rhizosphere of vetiveria Zizaninoides","1","1421","False","470"
"JQ659968_1_1456","JQ659968.1","JQ659968","JQ659968","Pseudomonas aeruginosa strain R8-590 16S ribosomal RNA gene, partial sequence","287","23-DEC-2015","04-Jan-2018","1","Pseudomonas aeruginosa","","Pseudomonas aeruginosa","1456","2","R8-590","genomic DNA","","plant tissue","1","1456","False","287"
"KT580581_1_1511","KT580581.1","KT580581","KT580581","Bacillus cereus strain CanL-54 16S ribosomal RNA gene, partial sequence","1396","29-AUG-2015","04-Jan-2018","1","Bacillus cereus","","Bacillus cereus","1511","0","CanL-54","genomic DNA","","","1","1511","False","1396"
"GQ337884_1_1500","GQ337884.1","GQ337884","GQ337884","Enterococcus faecalis strain KLDS4.0341 16S ribosomal RNA gene, partial sequence","1351","05-AUG-2009","04-Jan-2018","1","Enterococcus faecalis","","Enterococcus faecalis","1500","0","KLDS4.0341","genomic DNA","","","1","1500","False","1351"
"NC_014335_28799_30354","NC_014335.1","NC_014335","NC_014335","Bacillus cereus biovar anthracis str. CI, complete genome","637380","15-JUN-2017","04-Jan-2018","1","Bacillus cereus biovar anthracis str. CI","RefSeq","Bacillus cereus biovar anthracis str. CI","1556","0","CI","genomic DNA","","","28799","30354","False","1396"
"KY969248_1_1489","KY969248.1","KY969248","KY969248","Lactobacillus gasseri strain BOV 16S ribosomal RNA gene, partial sequence","1596","27-APR-2017","04-Jan-2018","1","Lactobacillus gasseri","","Lactobacillus gasseri","1489","0","BOV","genomic DNA","","infant feces","1","1489","False","1596"
"DQ201323_1_1498","DQ201323.1","DQ201323","DQ201323","Neisseria meningitidis strain CMCC(B)29019 16S ribosomal RNA gene, partial sequence","487","05-OCT-2005","04-Jan-2018","1","Neisseria meningitidis","","Neisseria meningitidis","1498","0","CMCC(B)29019","genomic DNA","","","1","1498","False","487"
"NC_017316_818918_820481","NC_017316.1","NC_017316","NC_017316","Enterococcus faecalis OG1RF, complete genome","474186","22-MAR-2017","04-Jan-2018","1","Enterococcus faecalis OG1RF","RefSeq","Enterococcus faecalis OG1RF","1564","0","OG1RF","genomic DNA","","","818918","820481","False","1351"
"NZ_CP009242_1801985_1803555","NZ_CP009242.1","NZ_CP009242","NZ_CP009242","Listeria monocytogenes strain LM850658, complete genome","1639","27-FEB-2017","04-Jan-2018","1","Listeria monocytogenes","RefSeq","Listeria monocytogenes","1571","0","LM850658","genomic DNA","","","1801985","1803555","False","1639"
"NC_009614_4743112_4744649","NC_009614.1","NC_009614","NC_009614","Bacteroides vulgatus ATCC 8482, complete genome","435590","18-MAY-2017","04-Jan-2018","1","Bacteroides vulgatus ATCC 8482","RefSeq","Bacteroides vulgatus ATCC 8482","1538","0","ATCC 8482","genomic DNA","","","4743112","4744649","True","821"
"NZ_OBMT01000032_3942_5412","NZ_OBMT01000032.1","NZ_OBMT01000032","NZ_OBMT01000032","Rhodobacter maris strain JA276, whole genome shotgun sequence","446682","12-OCT-2017","04-Jan-2018","1","Rhodobacter maris","WGS;RefSeq","Rhodobacter maris","1471","0","JA276","genomic DNA","","","3942","5412","True",""
"NZ_AODE01000071_1_1506","NZ_AODE01000071.1","NZ_AODE01000071","NZ_AODE01000071","Listeria cornellensis FSL F6-0969 rep_c69, whole genome shotgun sequence","1265820","26-FEB-2017","04-Jan-2018","1","Listeria cornellensis FSL F6-0969","WGS;RefSeq","Listeria cornellensis FSL F6-0969","1506","0","FSL F6-0969","genomic DNA","","water","1","1506","True",""
"NR_145937_1_1485","NR_145937.1","NR_145937","NR_145937","Enterococcus bulliens strain LMG 28766 16S ribosomal RNA, partial sequence","1665476","14-FEB-2017","04-Jan-2018","1","Enterococcus bulliens","RefSeq","Enterococcus bulliens","1485","0","LMG 28766","rRNA","","raw camel milk","1","1485","True",""
"NZ_GG693419_3715_5130","NZ_GG693419.1","NZ_GG693419","NZ_GG693419","Lactobacillus vaginalis DSM 5837 = ATCC 49540 SCAFFOLD8, whole genome shotgun sequence","1423814","07-APR-2017","04-Jan-2018","1","Lactobacillus vaginalis DSM 5837 = ATCC 49540","WGS;RefSeq","Lactobacillus vaginalis DSM 5837 = ATCC 49540","1416","0","ATCC 49540","genomic DNA","","biological product [ENVO:02000043]","3715","5130","True",""
"NR_117694_1_1514","NR_117694.1","NR_117694","NR_117694","Neisseria perflava strain Branham 7078 16S ribosomal RNA gene, partial sequence","33053","03-FEB-2015","04-Jan-2018","1","Neisseria perflava","RefSeq","Neisseria perflava","1514","0","Branham 7078","rRNA","","","1","1514","True",""
"NZ_CP025979_3520933_3522486","NZ_CP025979.1","NZ_CP025979","NZ_CP025979","Escherichia marmotae strain HT073016 chromosome, complete genome","1499973","31-JAN-2018","14-Feb-2018","1","Escherichia marmotae","RefSeq","Escherichia marmotae","1554","0","HT073016","genomic DNA","","montane grasslands","3520933","3522486","True",""
"NZ_BAJA01000095_419_1951","NZ_BAJA01000095.1","NZ_BAJA01000095","NZ_BAJA01000095","Bacteroides nordii WAL 11050 = JCM 12987, whole genome shotgun sequence","1203608","09-APR-2017","04-Jan-2018","1","Bacteroides nordii WAL 11050 = JCM 12987","WGS;RefSeq;STANDARD_DRAFT","Bacteroides nordii WAL 11050 = JCM 12987","1533","0","JCM 12987","genomic DNA","","","419","1951","True",""
"NZ_FNLK01000005_315752_317306","NZ_FNLK01000005.1","NZ_FNLK01000005","NZ_FNLK01000005","Actinomyces meyeri strain DSM 20733, whole genome shotgun sequence","52773","13-APR-2017","04-Jan-2018","1","Actinomyces meyeri","WGS;RefSeq","Actinomyces meyeri","1555","0","DSM 20733","genomic DNA","","","315752","317306","True",""
"KX263319_1_1425","KX263319.1","KX263319","KX263319","Deinococcus sp. strain THG-AG1.5 16S ribosomal RNA gene, partial sequence","47478","31-AUG-2016","04-Jan-2018","1","Deinococcus sp","","Deinococcus sp.","1425","0","THG-AG1.5","genomic DNA","","soil","1","1425","True",""
"NR_108487_1_1452","NR_108487.1","NR_108487","NR_108487","Pseudomonas litoralis strain 2SM5 16S ribosomal RNA gene, partial sequence","797277","03-FEB-2015","04-Jan-2018","1","Pseudomonas litoralis","RefSeq","Pseudomonas litoralis","1452","0","2SM5","rRNA","","","1","1452","True",""
"NZ_CP010028_372413_373922","NZ_CP010028.1","NZ_CP010028","NZ_CP010028","Deinococcus swuensis strain DY59, complete genome","1182571","09-APR-2017","04-Jan-2018","1","Deinococcus swuensis","RefSeq","Deinococcus swuensis","1510","0","DY59","genomic DNA","","Soil","372413","373922","True",""
"NZ_KB849287_422225_423770","NZ_KB849287.1","NZ_KB849287","NZ_KB849287","Acinetobacter guillouiae CIP 63.46 acLsj-supercont1.16, whole genome shotgun sequence","1217655","18-MAY-2017","04-Jan-2018","1","Acinetobacter guillouiae CIP 63.46","WGS;RefSeq","Acinetobacter guillouiae CIP 63.46","1546","0","CIP 63.46","genomic DNA","","Sewage","422225","423770","True",""
"KJ534299_1_1458","KJ534299.1","KJ534299","KJ534299","Helicobacter equorum strain EqF1T 16S ribosomal RNA gene, partial sequence","361872","21-JUN-2014","04-Jan-2018","1","Helicobacter equorum","","Helicobacter equorum","1458","0","EqF1T","genomic DNA","","feces","1","1458","True",""
"NZ_EQ973490_6323_7852","NZ_EQ973490.1","NZ_EQ973490","NZ_EQ973490","Bacteroides cellulosilyticus DSM 14838 Scfld4, whole genome shotgun sequence","537012","18-MAY-2017","04-Jan-2018","1","Bacteroides cellulosilyticus DSM 14838","WGS;RefSeq","Bacteroides cellulosilyticus DSM 14838","1530","0","DSM 14838","genomic DNA","","biological product [ENVO:02000043]","6323","7852","True",""
"ACFH01000038_241_1767","ACFH01000038.1","ACFH01000038","ACFH01000038","Actinomyces urogenitalis DSM 15434 contig00038, whole genome shotgun sequence","525246","05-JUN-2013","04-Jan-2018","1","Actinomyces urogenitalis DSM 15434","WGS","Actinomyces urogenitalis DSM 15434","1527","0","DSM 15434","genomic DNA","","","241","1767","True",""
"NZ_ASWB01000002_140523_142088","NZ_ASWB01000002.1","NZ_ASWB01000002","NZ_ASWB01000002","Enterococcus moraviensis ATCC BAA-383 acOtp-supercont2.2, whole genome shotgun sequence","1158609","08-APR-2017","04-Jan-2018","1","Enterococcus moraviensis ATCC BAA-383","WGS;RefSeq","Enterococcus moraviensis ATCC BAA-383","1566","0","ATCC BAA-383","genomic DNA","","","140523","142088","True",""
"NZ_AFAM01000003_413_1950","NZ_AFAM01000003.1","NZ_AFAM01000003","NZ_AFAM01000003","[Propionibacterium] humerusii P08 contig00003, whole genome shotgun sequence","999892","06-APR-2017","04-Jan-2018","1","[Propionibacterium] humerusii P08","WGS;RefSeq","[Propionibacterium] humerusii P08","1538","0","P08","genomic DNA","","","413","1950","True",""
"NZ_AOCG01000026_1_1283","NZ_AOCG01000026.1","NZ_AOCG01000026","NZ_AOCG01000026","Listeria aquatica FSL S10-1188 rep_c24, whole genome shotgun sequence","1265818","26-FEB-2017","04-Jan-2018","1","Listeria aquatica FSL S10-1188","WGS;RefSeq","Listeria aquatica FSL S10-1188","1283","0","FSL S10-1188","genomic DNA","","running water from environment","1","1283","True",""
"NR_151925_1_1407","NR_151925.1","NR_151925","NR_151925","Rhodobacter sediminis strain N1 16S ribosomal RNA, partial sequence","1783356","15-NOV-2017","04-Jan-2018","1","Rhodobacter sediminis","RefSeq","Rhodobacter sediminis","1407","0","N1","rRNA","","Lagoon sediments","1","1407","True",""
"NZ_KB849797_481123_482667","NZ_KB849797.1","NZ_KB849797","NZ_KB849797","Acinetobacter pittii ATCC 19004 = CIP 70.29 acLZE-supercont1.9, whole genome shotgun sequence","1311774","01-APR-2017","04-Jan-2018","1","Acinetobacter pittii ATCC 19004 = CIP 70.29","WGS;RefSeq","Acinetobacter pittii ATCC 19004 = CIP 70.29","1545","0","CIP 70.29","genomic DNA","","Cerebrospinal fluid","481123","482667","True",""
"NR_025569_1_1494","NR_025569.1","NR_025569","NR_025569","Escherichia albertii strain Albert 19982 16S ribosomal RNA gene, partial sequence","208962","03-FEB-2015","04-Jan-2018","1","Escherichia albertii","RefSeq","Escherichia albertii","1494","0","Albert 19982; LMG 20976","rRNA","","","1","1494","True",""
"NR_113923_1_1481","NR_113923.1","NR_113923","NR_113923","Enterococcus cecorum strain NBRC 100674 16S ribosomal RNA gene, partial sequence","1121864","03-FEB-2015","04-Jan-2018","1","Enterococcus cecorum DSM 20682 = ATCC 43198","RefSeq","Enterococcus cecorum DSM 20682 = ATCC 43198","1481","1","NBRC 100674","rRNA","","","1","1481","True",""
"NZ_AODL01000060_203_1761","NZ_AODL01000060.1","NZ_AODL01000060","NZ_AODL01000060","Listeria riparia FSL S10-1204 rep_c58, whole genome shotgun sequence","1265816","26-FEB-2017","04-Jan-2018","1","Listeria riparia FSL S10-1204","WGS;RefSeq","Listeria riparia FSL S10-1204","1559","0","FSL S10-1204","genomic DNA","","water","203","1761","True",""
"NZ_MABH01000164_56720_58190","NZ_MABH01000164.1","NZ_MABH01000164","NZ_MABH01000164","Rhodobacter johrii strain JA192 Masurca_403_len_T:62066, whole genome shotgun sequence","445629","17-APR-2017","04-Jan-2018","1","Rhodobacter johrii","WGS;RefSeq","Rhodobacter johrii","1471","0","JA192","genomic DNA","","rhizosphere soil","56720","58190","True",""
"NR_042499_1_1368","NR_042499.1","NR_042499","NR_042499","Bacteroides xylanisolvens strain XB1A 16S ribosomal RNA gene, partial sequence","657309","03-FEB-2015","04-Jan-2018","1","Bacteroides xylanisolvens XB1A","RefSeq","Bacteroides xylanisolvens XB1A","1368","0","XB1A","rRNA","","feces","1","1368","True",""
"NC_011740_4161339_4162892","NC_011740.1","NC_011740","NC_011740","Escherichia fergusonii ATCC 35469 chromosome, complete genome","585054","22-FEB-2017","04-Jan-2018","1","Escherichia fergusonii ATCC 35469","RefSeq","Escherichia fergusonii ATCC 35469","1554","0","ATCC 35469T","genomic DNA","","","4161339","4162892","True",""
"ACCR02000003_776188_777728","ACCR02000003.1","ACCR02000003","ACCR02000003","Listeria grayi DSM 20601 Contig178, whole genome shotgun sequence","525367","05-JUN-2013","04-Jan-2018","1","Listeria grayi DSM 20601","WGS;NONCONTIGUOUS_FINISHED","Listeria grayi DSM 20601","1541","0","DSM 20601","genomic DNA","","","776188","777728","True",""
"NZ_CZPX01000003_3638_5200","NZ_CZPX01000003.1","NZ_CZPX01000003","NZ_CZPX01000003","Actinomyces ihumii strain SD1, whole genome shotgun sequence","1673722","11-APR-2017","04-Jan-2018","1","Actinomyces ihumii","WGS;RefSeq","Actinomyces ihumii","1563","0","SD1","genomic DNA","","","3638","5200","True",""
"LN870295_1_1504","LN870295.1","LN870295","LN870295","Actinomyces sp. Marseille-P2225T partial 16S rRNA gene, strain Marseille-P2225T","1689268","15-MAR-2016","04-Jan-2018","1","Actinomyces urinae","","Actinomyces urinae","1504","0","Marseille-P2225T","genomic DNA","","human urine sample","1","1504","True",""
"NZ_AKIQ01000065_18711_20254","NZ_AKIQ01000065.1","NZ_AKIQ01000065","NZ_AKIQ01000065","Acinetobacter venetianus RAG-1 = CIP 110063 strain RAG-1 ctg535, whole genome shotgun sequence","1191460","30-MAR-2017","04-Jan-2018","1","Acinetobacter venetianus RAG-1 = CIP 110063","WGS;RefSeq","Acinetobacter venetianus RAG-1 = CIP 110063","1544","0","RAG-1","genomic DNA","","seawater","18711","20254","True",""
"NZ_JXLA01000101_61_1387","NZ_JXLA01000101.1","NZ_JXLA01000101","NZ_JXLA01000101","Enterococcus raffinosus strain DSM 5633 Scaffold101, whole genome shotgun sequence","71452","16-APR-2017","04-Jan-2018","1","Enterococcus raffinosus","WGS;RefSeq","Enterococcus raffinosus","1327","0","DSM 5633","genomic DNA","","blood culture","61","1387","True",""
"NZ_KB894387_349_1893","NZ_KB894387.1","NZ_KB894387","NZ_KB894387","Acinetobacter tjernbergiae DSM 14971 = CIP 107465 strain DSM 14971 C502DRAFT_scaffold00035.35, whole genome shotgun sequence","1120928","06-APR-2017","04-Jan-2018","1","Acinetobacter tjernbergiae DSM 14971 = CIP 107465","WGS;GSC:MIGS:2.1;IMPROVED_HIGH_QUALITY_DRAFT;RefSeq","Acinetobacter tjernbergiae DSM 14971 = CIP 107465","1545","0","DSM 14971","genomic DNA","","","349","1893","True",""
"NZ_AZEI01000033_4_1587","NZ_AZEI01000033.1","NZ_AZEI01000033","NZ_AZEI01000033","Lactobacillus rapi DSM 19907 = JCM 15042 strain DSM 19907 NODE_44, whole genome shotgun sequence","1423795","11-APR-2017","07-Apr-2018","1","Lactobacillus rapi DSM 19907 = JCM 15042","WGS;RefSeq","Lactobacillus rapi DSM 19907 = JCM 15042","1584","0","DSM 19907","genomic DNA","","non-salted pickle solution used in production of sunki (Japanese traditional fermented leaves and stems of red turnips)","4","1587","True",""
"NZ_KN046803_1084539_1086089","NZ_KN046803.1","NZ_KN046803","NZ_KN046803","Neisseria lactamica ATCC 23970 scaffold1, whole genome shotgun sequence","546265","02-APR-2017","04-Jan-2018","1","Neisseria lactamica ATCC 23970","WGS;RefSeq","Neisseria lactamica ATCC 23970","1551","0","ATCC 23970","genomic DNA","","","1084539","1086089","True",""
"NZ_CP007726_1852358_1853908","NZ_CP007726.1","NZ_CP007726","NZ_CP007726","Neisseria elongata subsp. glycolytica ATCC 29315, complete genome","546263","10-APR-2017","04-Jan-2018","1","Neisseria elongata subsp. glycolytica ATCC 29315","RefSeq","Neisseria elongata subsp. glycolytica ATCC 29315","1551","0","ATCC 29315","genomic DNA","","Throat","1852358","1853908","True",""
"QASO01000077_1_1378","QASO01000077.1","QASO01000077","QASO01000077","Pseudomonas indoloxydans strain JCM 14246, whole genome shotgun sequence","404407","17-APR-2018","25-Apr-2018","1","Pseudomonas indoloxydans","WGS","Pseudomonas indoloxydans","1378","0","JCM 14246","genomic DNA","","","1","1378","True",""
"NZ_DS499676_100198_101736","NZ_DS499676.1","NZ_DS499676","NZ_DS499676","Bacteroides stercoris ATCC 43183 Scfld_02_15, whole genome shotgun sequence","449673","07-APR-2017","04-Jan-2018","1","Bacteroides stercoris ATCC 43183","WGS;RefSeq","Bacteroides stercoris ATCC 43183","1539","0","ATCC 43183","genomic DNA","","biological product [ENVO:02000043]","100198","101736","True",""
"NR_117821_1_1442","NR_117821.1","NR_117821","NR_117821","Pseudomonas marginalis strain ICMP 3553 16S ribosomal RNA gene, partial sequence","298","03-FEB-2015","04-Jan-2018","1","Pseudomonas marginalis","RefSeq","Pseudomonas marginalis","1442","0","ICMP 3553","rRNA","","","1","1442","True",""
"NR_118812_1_1425","NR_118812.1","NR_118812","NR_118812","Helicobacter cholecystus strain Hkb-1 16S ribosomal RNA, partial sequence","45498","24-OCT-2017","04-Jan-2018","1","Helicobacter cholecystus","RefSeq","Helicobacter cholecystus","1425","2","Hkb-1","rRNA","","","1","1425","True",""
"NZ_MTAC01000053_4479_6029","NZ_MTAC01000053.1","NZ_MTAC01000053","NZ_MTAC01000053","Neisseria dumasiana strain 93087 NODE_53_length_6278_cov_129.665_ID_105, whole genome shotgun sequence","1931275","03-OCT-2017","04-Jan-2018","1","Neisseria dumasiana","WGS;RefSeq","Neisseria dumasiana","1551","0","93087","genomic DNA","","sputum","4479","6029","True",""
"NZ_JRMQ01000001_750276_751777","NZ_JRMQ01000001.1","NZ_JRMQ01000001","NZ_JRMQ01000001","Helicobacter japonicus strain MIT 01-6451 contig_87, whole genome shotgun sequence","425400","22-AUG-2017","04-Jan-2018","1","Helicobacter japonicus","WGS;RefSeq","Helicobacter japonicus","1502","0","MIT 01-6451","genomic DNA","","cecal sample","750276","751777","True",""
"NZ_CP018614_1884506_1886077","NZ_CP018614.1","NZ_CP018614","NZ_CP018614","Lactobacillus delbrueckii subsp. indicus strain JCM 15610, complete genome","249265","06-APR-2017","04-Jan-2018","1","Lactobacillus delbrueckii subsp. indicus","RefSeq","Lactobacillus delbrueckii subsp. indicus","1572","0","JCM 15610","genomic DNA","","environment","1884506","1886077","True",""
"NZ_LOHF01000033_49407_50954","NZ_LOHF01000033.1","NZ_LOHF01000033","NZ_LOHF01000033","Pseudomonas caspiana strain FBF102 scaffold00033, whole genome shotgun sequence","1451454","01-JUN-2017","04-Jan-2018","1","Pseudomonas caspiana","WGS;RefSeq","Pseudomonas caspiana","1548","0","FBF102","genomic DNA","","Plant leaves","49407","50954","True",""
"NR_125575_1_1545","NR_125575.1","NR_125575","NR_125575","Lactobacillus brantae strain SL1108 16S ribosomal RNA, partial sequence","943673","24-OCT-2017","04-Jan-2018","1","Lactobacillus brantae","RefSeq","Lactobacillus brantae","1545","0","SL1108","rRNA","","feces","1","1545","True",""
"NR_025935_1_1474","NR_025935.1","NR_025935","NR_025935","Helicobacter felis strain CS1 16S ribosomal RNA gene, partial sequence","936155","03-FEB-2015","04-Jan-2018","1","Helicobacter felis ATCC 49179","RefSeq","Helicobacter felis ATCC 49179","1474","0","CS1","rRNA","","","1","1474","True",""
"NZ_AOSS01000369_1_1488","NZ_AOSS01000369.1","NZ_AOSS01000369","NZ_AOSS01000369","Cutibacterium granulosum DSM 20700 contig369, whole genome shotgun sequence","1160719","08-APR-2017","04-Jan-2018","1","Cutibacterium granulosum DSM 20700","WGS;RefSeq","Cutibacterium granulosum DSM 20700","1488","0","DSM 20700","genomic DNA","","","1","1488","True",""
"NR_102475_1_1507","NR_102475.1","NR_102475","NR_102475","Deinococcus peraridilitoris strain DSM 19664 16S ribosomal RNA, partial sequence","432329","24-OCT-2017","04-Jan-2018","1","Deinococcus peraridilitoris","RefSeq","Deinococcus peraridilitoris","1507","0","DSM 19664","rRNA","","arid soil collected from coastal desert","1","1507","True",""
"NR_114079_1_1467","NR_114079.1","NR_114079","NR_114079","Escherichia fergusonii strain NBRC 102419 16S ribosomal RNA gene, partial sequence","564","03-FEB-2015","04-Jan-2018","1","Escherichia fergusonii","RefSeq","Escherichia fergusonii","1467","6","NBRC 102419","rRNA","","","1","1467","True",""
"NC_011740_245188_246743","NC_011740.1","NC_011740","NC_011740","Escherichia fergusonii ATCC 35469 chromosome, complete genome","585054","22-FEB-2017","04-Jan-2018","1","Escherichia fergusonii ATCC 35469","RefSeq","Escherichia fergusonii ATCC 35469","1556","0","ATCC 35469T","genomic DNA","","","245188","246743","True",""
"NZ_GL985637_4579_6129","NZ_GL985637.1","NZ_GL985637","NZ_GL985637","Neisseria macacae ATCC 33926 SCAFFOLD20, whole genome shotgun sequence","997348","04-AUG-2017","04-Jan-2018","1","Neisseria macacae ATCC 33926","WGS;STANDARD_DRAFT;RefSeq","Neisseria macacae ATCC 33926","1551","0","ATCC 33926","genomic DNA","","gastrointestinal tract","4579","6129","True",""
"NC_008555_2360367_2361927","NC_008555.1","NC_008555","NC_008555","Listeria welshimeri serovar 6b str. SLCC5334 complete genome","386043","26-FEB-2017","04-Jan-2018","1","Listeria welshimeri serovar 6b str. SLCC5334","RefSeq;complete genome","Listeria welshimeri serovar 6b str. SLCC5334","1561","0","SLCC5334","genomic DNA","","","2360367","2361927","True",""
"NR_151943_1_1424","NR_151943.1","NR_151943","NR_151943","[Propionibacterium] namnetense strain NTS 31307302 16S ribosomal RNA, partial sequence","1574624","15-NOV-2017","04-Jan-2018","1","[Propionibacterium] namnetense (Cutibacterium namnetense)","RefSeq","[Propionibacterium] namnetense","1424","2","NTS 31307302","rRNA","","human bone biopsy","1","1424","True",""
"NZ_JMKW01000053_7016_8698","NZ_JMKW01000053.1","NZ_JMKW01000053","NZ_JMKW01000053","Helicobacter bilis ATCC 51630 T368DRAFT_scaffold00051.51_C, whole genome shotgun sequence","1408441","02-APR-2017","04-Jan-2018","1","Helicobacter bilis ATCC 51630","WGS;RefSeq","Helicobacter bilis ATCC 51630","1683","0","ATCC 51630","genomic DNA","","","7016","8698","True",""
"NR_042111_1_1546","NR_042111.1","NR_042111","NR_042111","Lactobacillus gallinarum strain ATCC 33199 16S ribosomal RNA gene, partial sequence","52242","03-FEB-2015","04-Jan-2018","1","Lactobacillus gallinarum","RefSeq","Lactobacillus gallinarum","1546","0","ATCC 33199","rRNA","","","1","1546","True",""
"KT445980_1_1417","KT445980.1","KT445980","KT445980","Acinetobacter johnsonii strain Mannheim 3865/60 16S ribosomal RNA gene, partial sequence","40214","01-NOV-2015","04-Jan-2018","1","Acinetobacter johnsonii","","Acinetobacter johnsonii","1417","2","Mannheim 3865/60","genomic DNA","","","1","1417","True",""
"PZKE01000038_233_1703","PZKE01000038.1","PZKE01000038","PZKE01000038","Rhodobacter blasticus DSM 2131 contig00038, whole genome shotgun sequence","1188250","05-APR-2018","07-Apr-2018","1","Rhodobacter blasticus DSM 2131","WGS","Rhodobacter blasticus DSM 2131","1471","0","DSM 2131","genomic DNA","","Eutrophic pond","233","1703","True",""
"NZ_FWWU01000011_73571_75083","NZ_FWWU01000011.1","NZ_FWWU01000011","NZ_FWWU01000011","Deinococcus hopiensis KR-140, whole genome shotgun sequence","695939","17-APR-2017","04-Jan-2018","1","Deinococcus hopiensis KR-140","WGS;RefSeq","Deinococcus hopiensis KR-140","1513","0","KR-140","genomic DNA","","","73571","75083","True",""
"NZ_JMIT01000003_979236_980782","NZ_JMIT01000003.1","NZ_JMIT01000003","NZ_JMIT01000003","Pseudomonas capeferrum strain WCS358 WCS358-Sc3, whole genome shotgun sequence","1495066","09-APR-2017","04-Jan-2018","1","Pseudomonas capeferrum","WGS;RefSeq","Pseudomonas capeferrum","1547","0","WCS358","genomic DNA","","potato root","979236","980782","True",""
"AGBA01000019_373_1883","AGBA01000019.1","AGBA01000019","AGBA01000019","Cutibacterium avidum ATCC 25577 contig00019, whole genome shotgun sequence","997355","03-OCT-2011","04-Jan-2018","1","Cutibacterium avidum ATCC 25577","WGS;STANDARD_DRAFT","Cutibacterium avidum ATCC 25577","1511","0","ATCC 25577","genomic DNA","","","373","1883","True",""
"NC_008025_157580_159092","NC_008025.1","NC_008025","NC_008025","Deinococcus geothermalis DSM 11300, complete genome","319795","17-APR-2017","04-Jan-2018","1","Deinococcus geothermalis DSM 11300","RefSeq","Deinococcus geothermalis DSM 11300","1513","0","DSM 11300","genomic DNA","","","157580","159092","True",""
"NZ_ASVZ01000003_354480_356048","NZ_ASVZ01000003.1","NZ_ASVZ01000003","NZ_ASVZ01000003","Enterococcus hirae ATCC 9790 acOtC-supercont2.3, whole genome shotgun sequence","768486","01-APR-2017","04-Jan-2018","1","Enterococcus hirae ATCC 9790","WGS;RefSeq","Enterococcus hirae ATCC 9790","1569","0","ATCC 9790","genomic DNA","","","354480","356048","True",""
"NZ_FTOM01000018_229_1699","NZ_FTOM01000018.1","NZ_FTOM01000018","NZ_FTOM01000018","Rhodobacter vinaykumarii strain DSM 18714, whole genome shotgun sequence","407234","17-APR-2017","04-Jan-2018","1","Rhodobacter vinaykumarii","WGS;RefSeq","Rhodobacter vinaykumarii","1471","0","DSM 18714","genomic DNA","","","229","1699","True",""
"NZ_LT635783_2645563_2647100","NZ_LT635783.1","NZ_LT635783","NZ_LT635783","Bacteroides mediterraneensis strain Marseille-P2644, whole genome shotgun sequence","1841856","16-APR-2017","04-Jan-2018","1","Bacteroides mediterraneensis","WGS;RefSeq","Bacteroides mediterraneensis","1538","0","Marseille-P2644","genomic DNA","","","2645563","2647100","True",""
"NR_042429_1_1497","NR_042429.1","NR_042429","NR_042429","Actinomyces neuii subsp. anitratus strain DSM 8577 16S ribosomal RNA gene, partial sequence","29318","03-FEB-2015","04-Jan-2018","1","Actinomyces neuii subsp. anitratus","RefSeq","Actinomyces neuii subsp. anitratus","1497","0","DSM 8577","rRNA","","","1","1497","True",""
"NR_025276_1_1514","NR_025276.1","NR_025276","NR_025276","Propionibacterium granulosum strain DSM 20700 16S ribosomal RNA gene, partial sequence","1160719","03-FEB-2015","04-Jan-2018","1","Cutibacterium granulosum DSM 20700","RefSeq","Cutibacterium granulosum DSM 20700","1514","0","DSM 20700","rRNA","","","1","1514","True",""
