seqname,version,tax_id,accession,description,length,ambig_count,is_type,taxid_classified,source,species
S001574897,FJ976603.1,40214,FJ976603,Acinetobacter johnsonii.,1389,0,False,True,rdp,40214
S001610021,EU977618.1,40214,EU977618,Acinetobacter johnsonii; 2P05ME.,1357,0,False,True,rdp,40214
S001350605,EU337121.1,40214,EU337121,Acinetobacter johnsonii; 3B2.,1524,0,False,True,rdp,40214
S001610024,EU977621.1,40214,EU977621,Acinetobacter johnsonii; 3P02MA.,1424,0,False,True,rdp,40214
S003722220,HE651920.1,40214,HE651920,Acinetobacter johnsonii; ATCC 17909.,1530,0,True,True,rdp,40214
S001611181,,202789,FJ390130,Actinobaculum massiliense,,0,FALSE,,vfl,202789
S001611177,,202789,FJ390126,Actinobaculum massiliense,,2,FALSE,,vfl,202789
S000429655,,202789,AF487679,Actinobaculum massiliense,,1,TRUE,,vfl,202789
S000011903,Y12329.1,59505,Y12329,Actinobaculum schaalii (T); CCUG 27420.,1485,5,True,True,rdp,59505
S000134158,AJ439453.1,190146,AJ439453,Actinobaculum urinale (T); CCUG 46093T.,1488,0,True,True,rdp,190146
S000608085,,33007,AM084229,Actinomyces neuii,,0,TRUE,,vfl,33007
S000608084,,33007,AM084228,Actinomyces neuii,,0,TRUE,,vfl,33007
S000014586,,33007,X71861,Actinomyces neuii,,1,FALSE,,vfl,33007
S000015197,,33007,X71862,Actinomyces neuii,,1,FALSE,,vfl,33007
S000000018,X78720.1,131111,X78720,Actinomyces turicensis (T); APL10.,1453,2,True,True,rdp,131111
S002227108,HM210084.1,131111,HM210084,Actinomyces turicensis; A35750/P1.,1346,0,False,True,rdp,131111
S000001934,X78721.1,131111,X78721,Actinomyces turicensis; APL11.,1390,4,False,True,rdp,131111
S002410859,HQ850579.1,131111,HQ850579,Actinomyces turicensis; WSB-1012.,1397,0,False,True,rdp,131111
S002446157,HQ992948.1,59505,HQ992948,Actinotignum schaalii; 34317.,1500,0,False,True,rdp,59505
S001329497,FJ711188.1,59505,FJ711188,Actinotignum schaalii; NML 070171.,1469,0,False,True,rdp,59505
S001329502,FJ711193.1,59505,FJ711193,Actinotignum schaalii; NML 080353-2.,1385,0,False,True,rdp,59505
S001329489,FJ711180.1,59505,FJ711180,Actinotignum schaalii; NML 99A018.,1494,0,False,True,rdp,59505
GQ106870,,87541,GQ106870,Aerococcus christensenii,,0,FALSE,,vfl,87541
AY959062,,87541,AY959062,Aerococcus christensenii,,0,FALSE,,vfl,87541
GQ105948,,87541,GQ105948,Aerococcus christensenii,,0,FALSE,,vfl,87541
S000127667,Y17005.1,87541,Y17005,Aerococcus christensenii (T); CCUG 28831.,1451,12,True,True,rdp,87541
S000013318,Y17318.1,87541,Y17318,Aerococcus christensenii; CCUG 28826.,1501,0,True,True,rdp,87541
S000775411,,419015,AM419458,Alloscardovia omnicolens,,0,FALSE,,vfl,419015
S000775413,,419015,AM419460,Alloscardovia omnicolens,,0,TRUE,,vfl,419015
S000018908,,419015,AJ278694,Alloscardovia omnicolens,,0,FALSE,,vfl,419015
S000017346,,419015,AJ278695,Alloscardovia omnicolens,,0,FALSE,,vfl,419015
S001792991,,33029,AB538433,Anaerococcus hydrogenalis,,0,FALSE,,vfl,33029
S000995184,D14140.1,33029,D14140,Anaerococcus hydrogenalis; GIFU 7662.,1375,9,False,True,rdp,33029
S000768875,,411577,DQ911243,Anaerococcus murdochii,,0,FALSE,,vfl,411577
S002962254,JN837490.1,1118056,JN837490,Anaerococcus obesiensis ph10.,1469,0,False,True,rdp,1287640
S000002016,,54007,Y07841,Anaerococcus octavius,,0,TRUE,,vfl,54007
S002165144,,33034,AB558162,Anaerococcus prevotii,,0,FALSE,,vfl,33034
S000432298,,33034,AF542232,Anaerococcus prevotii,,2,TRUE,,vfl,33034
S002288284,CP001708.1,525919,CP001708,Anaerococcus prevotii DSM 20548.,1528,0,True,True,rdp,33034
S002291249,CP001708.1,525919,CP001708,Anaerococcus prevotii DSM 20548.,1527,0,True,True,rdp,33034
S004126269,AB971807.1,33034,AB971807,Anaerococcus prevotii; JCM 6508.,1488,4,True,True,rdp,33034
S002913663,JF824805.1,1033733,JF824805,Anaerococcus senegalensis JC48.,1416,0,False,True,rdp,1288120
AY958826,,33036,AY958826,Anaerococcus tetradius,,0,FALSE,,vfl,33036
S000432300,,33036,AF542234,Anaerococcus tetradius,,1,TRUE,,vfl,33036
GQ038476,,33036,GQ038476,Anaerococcus tetradius,,0,FALSE,,vfl,33036
S001589410,GQ422749.1,33036,GQ422749,Anaerococcus tetradius; F0127.,1501,0,False,True,rdp,33036
S000995186,D14142.1,33036,D14142,Anaerococcus tetradius; GIFU 7672.,1377,8,False,True,rdp,33036
HM021448,,33037,HM021448,Anaerococcus vaginalis,,0,FALSE,,vfl,33037
JF205361,,33037,JF205361,Anaerococcus vaginalis,,0,FALSE,,vfl,33037
HM256534,,33037,HM256534,Anaerococcus vaginalis,,0,FALSE,,vfl,33037
S003264873,AB691575.1,655811,AB691575,Anaerococcus vaginalis; JCM 8138.,1488,0,True,True,rdp,33037
S000995189,D14146.1,33037,D14146,Anaerococcus vaginalis; JCM 8138; GIFU 12669.,1375,11,True,True,rdp,33037
S000011324,AJ243421.1,98671,AJ243421,Arthrobacter albus (T); CF-43.,1501,0,True,True,rdp,98671
S000979822,EU086786.1,98671,EU086786,Arthrobacter albus; 1366.,1483,0,False,True,rdp,98671
S000979852,EU086816.1,98671,EU086816,Arthrobacter albus; 99-0063.,1472,0,False,True,rdp,98671
S004050469,KF280283.1,98671,KF280283,Arthrobacter albus; DNF00011.,1261,0,False,True,rdp,98671
S000979826,EU086790.1,156979,EU086790,Arthrobacter cumminsii; 1515.,1500,0,False,True,rdp,156979
S000979839,EU086803.1,156979,EU086803,Arthrobacter cumminsii; 720.,1453,0,False,True,rdp,156979
S000979840,EU086804.1,156979,EU086804,Arthrobacter cumminsii; 740.,1452,0,False,True,rdp,156979
S000979855,EU086819.1,156979,EU086819,Arthrobacter cumminsii; G664.,1450,0,False,True,rdp,156979
S000979863,EU086827.1,156979,EU086827,Arthrobacter cumminsii; Z486.,1414,0,False,True,rdp,156979
S000391613,,82135,AF325325,Atopobium vaginae,,0,FALSE,,vfl,82135
AY995240,,82135,AY995240,Atopobium vaginae,,0,FALSE,,vfl,82135
HM343974,,82135,HM343974,Atopobium vaginae,,0,FALSE,,vfl,82135
HM334501,,82135,HM334501,Atopobium vaginae,,0,FALSE,,vfl,82135
S000130242,Y17195.1,82135,Y17195,Atopobium vaginae (T); CCUG 38953.,1351,4,True,True,rdp,82135
AY958930,,bvab1_s,AY958930,BVAB1,,0,FALSE,,vfl,186802_1
GQ044889,,bvab1_s,GQ044889,BVAB1,,0,FALSE,,vfl,186802_1
AY995266,,bvab1_s,AY995266,BVAB1,,0,FALSE,,vfl,186802_1
AY724739,,bvab1_s,AY724739,BVAB1,,0,FALSE,,vfl,186802_1
GQ038480,,bvab1_s,GQ038480,BVAB1,,0,FALSE,,vfl,186802_1
AM697328,,bvab2_s,AM697328,BVAB2,,0,FALSE,,vfl,186802_2
AY995270,,bvab2_s,AY995270,BVAB2,,0,FALSE,,vfl,186802_2
GQ037144,,bvab2_s,GQ037144,BVAB2,,0,FALSE,,vfl,186802_2
HM341161,,bvab2_s,HM341161,BVAB2,,0,FALSE,,vfl,186802_2
S004082090,KF924759.1,1402,KF924759,Bacillus licheniformis; CMC-4.,1533,0,False,True,rdp,1402
S001574835,FJ976541.1,1402,FJ976541,Bacillus licheniformis; LCR32.,1303,1,False,True,rdp,1402
S004222977,KJ842640.1,1402,KJ842640,Bacillus licheniformis; TS_17.,1456,0,False,True,rdp,1402
S002442498,GQ340474.1,1402,GQ340474,Bacillus licheniformis; TT97.,1463,0,False,True,rdp,1402
S002917406,JN215522.1,1402,JN215522,Bacillus licheniformis; VB28.,1494,0,False,True,rdp,1402
S002235821,,46507,AB547639,Bacteroides coagulans,,0,FALSE,,vfl,46507
S000001553,X83950.1,817,X83950,Bacteroides fragilis; 4225; 16.,1427,3,False,True,rdp,817
S000979867,EU136678.1,817,EU136678,Bacteroides fragilis; BCRC10619.,2011,0,False,True,rdp,817
S004459653,CP011073.1,817,CP011073,Bacteroides fragilis; BOB25.,1529,0,False,True,rdp,817
S004459652,CP011073.1,817,CP011073,Bacteroides fragilis; BOB25.,1529,0,False,True,rdp,817
S000011915,X83947.1,817,X83947,Bacteroides fragilis; KSB1486; 13.,1436,1,False,True,rdp,817
S001093530,AB370251.1,487174,AB370251,Barnesiella intestinihominis (T); YIT 11860.,1484,0,True,True,rdp,487174
S002235829,AB547647.1,487174,AB547647,Barnesiella intestinihominis; JCM 15079.,1481,0,True,True,rdp,487174
S004226758,KJ817166.1,1585976,KJ817166,Bergeyella cardium; 13-07.,1407,0,False,True,rdp,1585976
S004062333,CP002220.1,883062,CP002220,Bifidobacterium bifidum S17.,1529,0,False,True,rdp,1681
S000381050,S83624.1,1681,S83624,Bifidobacterium bifidum.,1532,9,False,True,rdp,1681
S004078746,AB932544.1,1681,AB932544,Bifidobacterium bifidum; 4-1-57.,1453,0,False,True,rdp,1681
S000871436,EF589113.1,1681,EF589113,Bifidobacterium bifidum; IDCC 4201.,1491,0,False,True,rdp,1681
S001093709,AB437356.1,1681,AB437356,Bifidobacterium bifidum; YIT 4039.,1519,0,False,True,rdp,1681
S000399794,,1685,AY172656,Bifidobacterium breve,,0,FALSE,,vfl,1685
S004070812,CP006715.1,1385942,CP006715,Bifidobacterium breve 689b.,1530,0,False,True,rdp,1685
S004443061,CP006712.1,1385939,CP006712,Bifidobacterium breve JCM 7017.,1535,0,True,True,rdp,1685
S004070455,CP006713.1,1385940,CP006713,Bifidobacterium breve JCM 7019.,1531,0,True,True,rdp,1685
S003746186,JX860323.1,1685,JX860323,Bifidobacterium breve; JCP7499.,1416,0,False,True,rdp,1685
S000414116,,1689,D86183,Bifidobacterium dentium,,1,TRUE,,vfl,1689
S002235123,,1689,HQ259718,Bifidobacterium dentium,,0,FALSE,,vfl,1689
S004251824,AP012326.1,1150423,AP012326,Bifidobacterium dentium JCM 1195 = DSM 20436.,1535,0,True,True,rdp,1689
S004251832,AP012331.1,1150461,AP012331,Bifidobacterium scardovii JCM 12489 = DSM 13734.,1529,0,True,True,rdp,158787
S002916967,JN180852.1,158787,JN180852,Bifidobacterium scardovii; 227.,1395,0,False,True,rdp,158787
S002151530,,576927,GQ222264,Brevibacterium massiliense,,1,FALSE,,vfl,576927
S001573719,EU868814.1,576927,EU868814,Brevibacterium massiliense (T); 5401308.,1450,1,True,True,rdp,576927
S000979829,EU086793.1,479117,EU086793,Brevibacterium ravenspurgense (T); 20.,1470,3,True,True,rdp,479117
S000979844,EU086808.1,479117,EU086808,Brevibacterium ravenspurgense; 744.,1449,0,False,True,rdp,479117
S000131304,AJ276874.1,119231,AJ276874,Campylobacter faecalis; 1433; stool sample isolate.,1420,2,False,True,rdp,119231
DQ666092,,tm7vag_s,DQ666092,Candidate Division TM7 vaginal,,0,FALSE,,vfl,95818_1
S003711249,HF562300.1,1260223,HF562300,Chlamydia trachomatis IU888.,1541,0,False,True,rdp,813
S004064984,HE601794.1,1071768,HE601794,Chlamydia trachomatis K/SotonK1.,1553,0,False,True,rdp,813
S004063153,CP006676.1,813,CP006676,Chlamydia trachomatis; D/13-96.,1553,2,False,True,rdp,813
S000438299,U68443.1,813,U68443,Chlamydia trachomatis; L2/434/BU; ATCC VR-902B.,1554,0,True,True,rdp,813
S003299702,JX001467.1,546,JX001467,Citrobacter freundii; 21/B1.,1409,0,False,True,rdp,546
S000925403,AB244454.1,546,AB244454,Citrobacter freundii; An18-1.,1464,0,False,True,rdp,546
S003287116,AB741670.1,546,AB741670,Citrobacter freundii; GTC 09410.,1324,0,False,True,rdp,546
S003262205,AB680314.1,546,AB680314,Citrobacter freundii; NBRC 12681.,1467,3,True,True,rdp,546
S000651750,DQ379504.1,546,DQ379504,Citrobacter freundii; SRR-3.,1434,0,False,True,rdp,546
S002287520,,884684,CP001850,Clostridiales genomosp. BVAB3,,0,FALSE,,vfl,884684
S000012691,X82057.1,43765,X82057,Corynebacterium amycolatum (T); CIP 103452T.,1401,2,True,True,rdp,43765
S000467295,AY831726.1,43765,AY831726,Corynebacterium amycolatum.,1420,0,False,True,rdp,43765
S002157001,FN668743.1,43765,FN668743,Corynebacterium amycolatum.,1368,4,False,True,rdp,43765
S000007291,X82050.1,43765,X82050,Corynebacterium amycolatum; CIP 52.13.,1322,2,True,True,rdp,43765
S000260732,X84244.1,43765,X84244,Corynebacterium amycolatum; NCFB 2768.,1476,3,False,True,rdp,43765
S000095332,AJ314919.1,163202,AJ314919,Corynebacterium appendicis (T); DSM 44531T; IMMIB R-3491.,1470,0,True,True,rdp,163202
S004212455,CP009211.1,156978,CP009211,Corynebacterium imitans; DSM 44264.,1530,1,True,True,rdp,156978
S000084047,Y11200.1,57171,Y11200,Corynebacterium mucifaciens (T); DMMZ 2278.,1459,3,True,True,rdp,57171
S000432088,AF537600.1,57171,AF537600,Corynebacterium mucifaciens; National Microbiology Laboratory Special Bacteriology identifier 01-0118.,1469,1,False,True,rdp,57171
S000432089,AF537601.1,57171,AF537601,Corynebacterium mucifaciens; National Microbiology Laboratory Special Bacteriology identifier 97-0160.,1468,2,False,True,rdp,57171
S001353127,FN295567.1,630407,FN295567,Corynebacterium pilbarense (T); type strain: IMMIB WACC-658.,1486,0,True,True,rdp,1288393
S000366399,AJ439343.1,37637,AJ439343,"Corynebacterium pseudodiphtheriticum (T); CIP103420T, (ATCC10700).",1503,0,True,True,rdp,37637
S000010789,X81918.1,37637,X81918,Corynebacterium pseudodiphtheriticum; CIP 103420T.,1396,3,True,True,rdp,37637
S003304822,JX476082.1,37637,JX476082,Corynebacterium pseudodiphtheriticum; EQA07-6.,1479,2,False,True,rdp,37637
S001328430,,598660,FJ185225,Corynebacterium pyruviciproducens,,0,FALSE,,vfl,598660
S000021264,Y14651.1,156976,Y14651,Corynebacterium riegelii (T); dmmz 2415.,1383,1,True,True,rdp,156976
S001154966,EU848548.1,156976,EU848548,Corynebacterium riegelii; CTF08-1967.,1457,1,False,True,rdp,156976
S000013970,Y09655.1,161902,Y09655,Corynebacterium sundsvallense (T); CCUG 36622.,1468,0,True,True,rdp,161902
S000995274,EF217055.1,441500,EF217055,Corynebacterium timonense (T); 5401744.,1435,0,True,True,rdp,441500
S000127212,,38304,AJ438048,Corynebacterium tuberculostearicum,,0,FALSE,,vfl,38304
S000127215,,38304,AJ438047,Corynebacterium tuberculostearicum,,0,FALSE,,vfl,38304
S000260719,,38304,X84247,Corynebacterium tuberculostearicum,,2,FALSE,,vfl,38304
S004444054,CP009215.1,401472,CP009215,Corynebacterium ureicelerivorans; IMMIB RIV-2301.,1528,0,False,True,rdp,401472
S000478267,,309120,AY850110,Dialister micraerophilus,,0,FALSE,,vfl,309120
S000478275,,309120,AY850118,Dialister micraerophilus,,0,FALSE,,vfl,309120
S000478272,,309120,AY850115,Dialister micraerophilus,,0,FALSE,,vfl,309120
S000478271,,309120,AY850114,Dialister micraerophilus,,0,FALSE,,vfl,309120
S000478273,AY850116.1,309120,AY850116,Dialister micraerophilus; ADV 5155.03.,1431,0,False,True,rdp,309120
S000478277,,308994,AY850120,Dialister propionicifaciens,,0,FALSE,,vfl,308994
HM021348,,308994,HM021348,Dialister propionicifaciens,,0,FALSE,,vfl,308994
HM021462,,308994,HM021462,Dialister propionicifaciens,,0,FALSE,,vfl,308994
DQ130020,,308994,DQ130020,Dialister propionicifaciens,,0,FALSE,,vfl,308994
S000478279,AY850122.1,308994,AY850122,Dialister propionicifaciens; ADV 3202.03.,1428,0,False,True,rdp,308994
DQ666096,,39948_2,DQ666096,Dialister sp. type 2,,0,FALSE,,vfl,39948_2
GQ156995,,39948_2,GQ156995,Dialister sp. type 2,,2,FALSE,,vfl,39948_2
FM872697,,39948_2,FM872697,Dialister sp. type 2,,0,FALSE,,vfl,39948_2
AY959109,,39948_2,AY959109,Dialister sp. type 2,,0,FALSE,,vfl,39948_2
FM872730,,39948_2,FM872730,Dialister sp. type 2,,0,FALSE,,vfl,39948_2
S000009619,Y18883.1,37915,Y18883,Dietzia maris.,1475,0,False,True,rdp,37915
S004081987,KF923451.1,37915,KF923451,Dietzia maris; 41.,1483,0,False,True,rdp,37915
S002033825,GQ870423.1,37915,GQ870423,Dietzia maris; CA150.,1469,11,False,True,rdp,37915
S004218428,KJ652970.1,37915,KJ652970,Dietzia maris; NITD_PL2.,1421,0,False,True,rdp,37915
S000497583,AB211025.1,37915,AB211025,Dietzia maris; SSCS17.,1507,0,False,True,rdp,37915
HM332476,,84111_1,HM332476,Eggerthella sp. type 1,,0,FALSE,,vfl,84111_1
HM334671,,84111_1,HM334671,Eggerthella sp. type 1,,0,FALSE,,vfl,84111_1
GQ038497,,84111_1,GQ038497,Eggerthella sp. type 1,,0,FALSE,,vfl,84111_1
HM335369,,84111_1,HM335369,Eggerthella sp. type 1,,0,FALSE,,vfl,84111_1
S003720716,KC699077.1,1351,KC699077,Enterococcus faecalis; CNM182_12.,1476,5,False,True,rdp,1351
S001293475,FJ607298.1,1351,FJ607298,Enterococcus faecalis; KLDS6.0610.,1449,0,False,True,rdp,1351
S002233998,HQ154556.1,1351,HQ154556,Enterococcus faecalis; R5-2A.,1520,0,False,True,rdp,1351
S004234387,KM257719.1,1351,KM257719,Enterococcus faecalis; WVS464.,1550,0,False,True,rdp,1351
S003280686,JQ411244.1,1351,JQ411244,Enterococcus faecalis; ss91.,1495,0,False,True,rdp,1351
S002443170,HQ219946.1,562,HQ219946,Escherichia coli; ATY27.,1457,0,False,True,rdp,562
S004445245,CP009859.1,562,CP009859,Escherichia coli; ECONIH1.,1556,0,False,True,rdp,562
S004446074,CP010876.1,562,CP010876,Escherichia coli; MNCRE44.,1556,0,False,True,rdp,562
S003719154,KC539468.1,562,KC539468,Escherichia coli; VOC-FC1.,1437,0,False,True,rdp,562
S003284995,JQ661166.1,562,JQ661166,Escherichia coli; g13.,1369,1,False,True,rdp,562
S000012715,X71860.1,29322,X71860,Eubacterium cellulosolvens (T); ATCC 43171.,1512,0,True,True,rdp,29322
S004070650,CM001487.1,633697,CM001487,Eubacterium cellulosolvens 6.,1533,0,False,True,rdp,29322
S004070652,CM001487.1,633697,CM001487,Eubacterium cellulosolvens 6.,1533,0,False,True,rdp,29322
S000253594,AY178842.1,29322,AY178842,Eubacterium cellulosolvens; Ce2.,1524,1,False,True,rdp,29322
S001151841,AB372004.1,29322,AB372004,Eubacterium cellulosolvens; NE13.,1493,0,False,True,rdp,29322
S000399530,,39491,AY169428,Eubacterium rectale,,0,FALSE,,vfl,39491
S000445108,,39491,AY804152,Eubacterium rectale,,0,FALSE,,vfl,39491
S000445107,,39491,AY804151,Eubacterium rectale,,0,FALSE,,vfl,39491
S002291223,CP001107.1,515619,CP001107,Eubacterium rectale ATCC 33656.,1533,0,True,True,rdp,39491
S004063141,CP001107.1,515619,CP001107,Eubacterium rectale ATCC 33656.,1533,0,True,True,rdp,39491
S000005060,Y15716.1,137730,Y15716,Facklamia ignava (T).,1409,0,True,True,rdp,137730
S000399529,,853,AY169427,Faecalibacterium prausnitzii,,0,FALSE,,vfl,853
S000088647,AJ270469.1,853,AJ270469,Faecalibacterium prausnitzii; A2-165.,1466,0,False,True,rdp,853
S002989045,HQ457028.1,853,HQ457028,Faecalibacterium prausnitzii; HTF-C.,1424,0,False,True,rdp,853
S002953891,JN037416.1,853,JN037416,Faecalibacterium prausnitzii; L2-39.,1278,4,False,True,rdp,853
S002989042,HQ457025.1,853,HQ457025,Faecalibacterium prausnitzii; S4L/4.,1483,0,False,True,rdp,853
S000539435,,236753,AJ575187,Fastidiosipila sanguinis,,0,TRUE,,vfl,236753
S004088518,KJ419955.1,236753,KJ419955,Fastidiosipila sanguinis; BRE20130822.,1362,0,False,True,rdp,236753
S000319466,,1260,AB109771,Finegoldia magna,,0,FALSE,,vfl,1260
S004070927,CM000955.1,525282,CM000955,Finegoldia magna ATCC 53516.,1522,0,True,True,rdp,1260
S000319464,AB109770.1,1260,AB109770,Finegoldia magna; ATCC 29328.,1525,0,True,True,rdp,1260
S002949622,AB640691.1,1260,AB640691,Finegoldia magna; JCM 1766.,1483,0,True,True,rdp,1260
S003264872,AB691574.1,1260,AB691574,Finegoldia magna; JCM 6491.,1483,0,True,True,rdp,1260
S000126816,AJ295750.1,134605,AJ295750,Fusobacterium equinum (T); horse; VPB 4027.,1472,0,True,True,rdp,134605
S002949615,AB639144.1,134605,AB639144,Fusobacterium equinum; JCM 11174.,1469,0,True,True,rdp,134605
JF199569,,849,JF199569,Fusobacterium gonidiaformans,,0,FALSE,,vfl,849
JF205208,,849,JF205208,Fusobacterium gonidiaformans,,0,FALSE,,vfl,849
EU189011,,849,EU189011,Fusobacterium gonidiaformans,,0,FALSE,,vfl,849
JF205271,,849,JF205271,Fusobacterium gonidiaformans,,0,FALSE,,vfl,849
JF205390,,849,JF205390,Fusobacterium gonidiaformans,,0,FALSE,,vfl,849
S004068774,CP003723.1,469607,CP003723,Fusobacterium nucleatum subsp. animalis 4_8.,1519,0,False,True,rdp,851
S001243305,FJ471657.1,851,FJ471657,Fusobacterium nucleatum subsp. null; ChDC F315.,1441,0,False,True,rdp,851
S000653598,DQ440565.1,851,DQ440565,Fusobacterium nucleatum subsp. null; Ulm C.,1325,4,False,True,rdp,851
S002908070,HM347057.1,851,HM347057,Fusobacterium nucleatum subsp. null; WAL 9696.,1388,0,False,True,rdp,851
S004062262,CP003700.1,469604,CP003700,Fusobacterium nucleatum subsp. vincentii 3_1_36A2.,1519,0,False,True,rdp,851
S002233780,,2702,HQ114564,Gardnerella vaginalis,,0,FALSE,,vfl,2702
S002287194,,2702,CP001849,Gardnerella vaginalis,,0,FALSE,,vfl,2702
S004251833,AP012332.1,585528,AP012332,Gardnerella vaginalis ATCC 14018 = JCM 11026.,1532,0,True,True,rdp,2702
S003619643,JQ354971.1,2702,JQ354971,Gardnerella vaginalis; N137.,1363,0,False,True,rdp,2702
S003619648,JQ354976.1,2702,JQ354976,Gardnerella vaginalis; N165.,1365,0,False,True,rdp,2702
S000996433,EU427463.1,502393,EU427463,Gemella asaccharolytica (T); WAL 1945J.,1403,0,True,True,rdp,502393
S004227481,KJ868802.1,502393,KJ868802,Gemella asaccharolytica; KA00071.,1358,2,False,True,rdp,502393
AY995244,,502393,AY995244,Gemella sp. WAL 1945J,,0,FALSE,,vfl,502393
GQ179693,,502393,GQ179693,Gemella sp. WAL 1945J,,0,FALSE,,vfl,502393
HM335211,,502393,HM335211,Gemella sp. WAL 1945J,,0,FALSE,,vfl,502393
S003262792,AB680901.1,13076,AB680901,Globicatella sanguinis; NBRC 15551.,1475,2,True,True,rdp,13076
S000387147,AF016390.1,137732,AF016390,Granulicatella elegans (T); DSM 11693; B1333.,1538,0,True,True,rdp,137732
S000002316,Y15408.1,137732,Y15408,Granulicatella elegans; 2640-91.,1371,1,False,True,rdp,137732
S000000392,Y15413.1,137732,Y15413,Granulicatella elegans; 4067-96.,1422,1,False,True,rdp,137732
S000824043,AB252689.1,137732,AB252689,Granulicatella elegans; PAGU 792.,1399,0,False,True,rdp,137732
S002961824,JN801174.1,137732,JN801174,Granulicatella elegans; WHMH11.,1440,0,False,True,rdp,137732
S002034984,,729,GU561422,Haemophilus parainfluenzae,,0,FALSE,,vfl,729
S004067003,FQ312002.1,862965,FQ312002,Haemophilus parainfluenzae T3T1.,1540,0,False,True,rdp,729
S002410004,HQ680853.1,729,HQ680853,Haemophilus parainfluenzae; 51150.,1388,0,False,True,rdp,729
S001873122,FJ685628.1,729,FJ685628,Haemophilus parainfluenzae; B160041.,1531,4,False,True,rdp,729
S001418342,FJ939587.1,729,FJ939587,Haemophilus parainfluenzae; PN118.,1362,6,False,True,rdp,729
S003926023,KF780874.1,1441821,KF780874,Helcococcus seattlensis; F5780.,1529,3,False,True,rdp,1441821
S000926211,,404403,DQ925472,Howardella ureilytica,,0,TRUE,,vfl,404403
S002962251,JN837487.1,1472764,JN837487,Kallipyga massiliensis.,1474,1,False,True,rdp,1472764
S004065028,CP000964.1,507522,CP000964,Klebsiella pneumoniae 342.,1540,0,False,True,rdp,573
S000387415,AF130983.1,39831,AF130983,Klebsiella pneumoniae subsp. rhinoscleromatis; ATCC13884.,1436,0,True,True,rdp,573
S004222428,KJ803918.1,573,KJ803918,Klebsiella pneumoniae; CCFM8361.,1422,0,False,True,rdp,573
S002907328,GU377208.1,573,GU377208,Klebsiella pneumoniae; NY1.,1498,0,False,True,rdp,573
S002989102,HQ622344.1,573,HQ622344,Klebsiella pneumoniae; sctccT53.,1509,0,False,True,rdp,573
S004446271,KM275664.1,244366,KM275664,Klebsiella variicola; A6126.,1408,0,False,True,rdp,244366
S002305548,HQ407252.1,244366,HQ407252,Klebsiella variicola; G76.,1522,0,False,True,rdp,244366
S004044754,KC853283.1,244366,KC853283,Klebsiella variicola; GL4.,1418,0,False,True,rdp,244366
S003806835,KF036186.1,244366,KF036186,Klebsiella variicola; RBEB5.,1403,0,False,True,rdp,244366
S004255453,KC539418.1,244366,KC539418,Klebsiella variicola; kms0422.,1450,0,False,True,rdp,244366
S002965198,JQ031741.1,1579,JQ031741,Lactobacillus acidophilus; 1001H.,1555,0,False,True,rdp,1579
S004231904,KM096595.1,1579,KM096595,Lactobacillus acidophilus; DSMZ 20079.,1408,0,True,True,rdp,1579
S002232141,HM598684.1,1579,HM598684,Lactobacillus acidophilus; GSMQ2.,1411,0,False,True,rdp,1579
S002449053,JF714945.1,1579,JF714945,Lactobacillus acidophilus; IBS1101.,1508,9,False,True,rdp,1579
S003942329,HG518158.1,1579,HG518158,Lactobacillus acidophilus; LM3.,1475,0,False,True,rdp,1579
S002287212,FN692037.1,748671,FN692037,Lactobacillus crispatus ST1.,1564,0,False,True,rdp,47770
S004263845,AB976544.1,47770,AB976544,Lactobacillus crispatus; BC3.,1515,0,False,True,rdp,47770
S004263846,AB976545.1,47770,AB976545,Lactobacillus crispatus; BC4.,1508,0,False,True,rdp,47770
S001240631,EU547307.1,47770,EU547307,Lactobacillus crispatus; BCS125.,1468,0,False,True,rdp,47770
S003756382,KC561108.1,47770,KC561108,Lactobacillus crispatus; OR2.,1508,0,False,True,rdp,47770
S000003126,Y18654.1,88164,Y18654,Lactobacillus fornicalis (T); TV1018.,1421,1,True,True,rdp,88164
S000246585,AJ417737.1,52242,AJ417737,Lactobacillus gallinarum (T); ATCC 33199.,1546,0,True,True,rdp,52242
S000824736,EF412984.1,52242,EF412984,Lactobacillus gallinarum; I16.,1531,0,False,True,rdp,52242
S000824737,EF412985.1,52242,EF412985,Lactobacillus gallinarum; I26.,1529,0,False,True,rdp,52242
S000978736,AB008208.1,52242,AB008208,Lactobacillus gallinarum; YIT 0218 (= JCM 2011).,1532,0,True,True,rdp,52242
S000436411,M58820.1,1596,M58820,Lactobacillus gasseri.,1521,10,False,True,rdp,1596
S000636356,DQ317605.1,1596,DQ317605,Lactobacillus gasseri; 20L09.,1526,0,False,True,rdp,1596
S004078729,AB932527.1,1596,AB932527,Lactobacillus gasseri; 3-1-4.,1515,0,False,True,rdp,1596
S003314832,JQ805637.1,1596,JQ805637,Lactobacillus gasseri; IMAUFB017; XZ46-2.,1609,0,False,True,rdp,1596
S003314864,JQ805669.1,1596,JQ805669,Lactobacillus gasseri; IMAUFB051; GX24-3.,1490,0,False,True,rdp,1596
S004065952,CP003799.1,880633,CP003799,Lactobacillus helveticus R0052.,1562,0,False,True,rdp,1587
S001329870,FJ749434.1,1587,FJ749434,Lactobacillus helveticus; IMAU50033; YN17-1-2-3-1.,1392,1,False,True,rdp,1587
S001418068,FJ915663.1,1587,FJ915663,Lactobacillus helveticus; IMAU60218; XZ10403.,1489,0,False,True,rdp,1587
S004047718,KF149604.1,1587,KF149604,Lactobacillus helveticus; IMAU94229; ELSA22-2-1.,1352,1,False,True,rdp,1587
S002152431,HM057881.1,1587,HM057881,Lactobacillus helveticus; MGA19-2.,1378,0,False,True,rdp,1587
EF682871,,147802,EF682871,Lactobacillus iners,,7,FALSE,,vfl,147802
AM696863,,147802,AM696863,Lactobacillus iners,,2,FALSE,,vfl,147802
S001910616,,147802,Y16329,Lactobacillus iners,,0,TRUE,,vfl,147802
AY959051,,147802,AY959051,Lactobacillus iners,,0,FALSE,,vfl,147802
AY959087,,147802,AY959087,Lactobacillus iners,,0,FALSE,,vfl,147802
S000389885,,109790,AF243143,Lactobacillus jensenii,,0,FALSE,,vfl,109790
S000389918,,109790,AF243176,Lactobacillus jensenii,,0,TRUE,,vfl,109790
S000389903,,109790,AF243161,Lactobacillus jensenii,,0,FALSE,,vfl,109790
S004069275,CM000953.1,525329,CM000953,Lactobacillus jensenii JV-V16.,1563,0,False,True,rdp,109790
S000389901,AF243159.1,109790,AF243159,Lactobacillus jensenii; KC36b.,1511,0,False,True,rdp,109790
S001240625,EU547301.1,33959,EU547301,Lactobacillus johnsonii; BCS41.,1474,0,False,True,rdp,33959
S003710483,AB809568.1,33959,AB809568,Lactobacillus johnsonii; C30Ae4.,1540,2,False,True,rdp,33959
S001794162,GQ231435.1,33959,GQ231435,Lactobacillus johnsonii; DSPV 001C.,1466,0,False,True,rdp,33959
S001098496,EU626016.1,33959,EU626016,Lactobacillus johnsonii; KLDS 1.0731.,1481,0,False,True,rdp,33959
S002353113,HQ641209.1,33959,HQ641209,Lactobacillus johnsonii; Sun.,1458,1,False,True,rdp,33959
S004066579,CP002844.1,491077,CP002844,Lactobacillus reuteri SD2112.,1576,0,False,True,rdp,1598
S001575797,GQ202839.1,1598,GQ202839,Lactobacillus reuteri; C03.,1426,0,False,True,rdp,1598
S002448545,JF681123.1,1598,JF681123,Lactobacillus reuteri; CS 132.,1471,2,False,True,rdp,1598
S003756397,KC561123.1,1598,KC561123,Lactobacillus reuteri; M10.,1528,0,False,True,rdp,1598
S000995976,EU381122.1,1598,EU381122,Lactobacillus reuteri; ls21.,1433,0,False,True,rdp,1598
S004063455,CP005484.1,1316933,CP005484,Lactobacillus rhamnosus LOCK900.,1570,0,False,True,rdp,47715
S003283311,JQ621982.1,47715,JQ621982,Lactobacillus rhamnosus; CNCM I-4036.,1474,1,False,True,rdp,47715
S002447235,JF414108.1,47715,JF414108,Lactobacillus rhamnosus; HT2.,1480,0,False,True,rdp,47715
S004088368,KJ403745.1,47715,KJ403745,Lactobacillus rhamnosus; Heriz I.,1501,3,False,True,rdp,47715
S004446849,KM350174.1,47715,KM350174,Lactobacillus rhamnosus; Z5.,1475,0,False,True,rdp,47715
AY958804,,699192,AY958804,Megasphaera sp. type 1,,0,FALSE,,vfl,906_1
AY995254,,699192,AY995254,Megasphaera sp. type 1,,0,FALSE,,vfl,906_1
GQ037614,,699192,GQ037614,Megasphaera sp. type 1,,0,FALSE,,vfl,906_1
AM697092,,699192,AM697092,Megasphaera sp. type 1,,1,FALSE,,vfl,906_1
DQ666099,,906_2,DQ666099,Megasphaera sp. type 2,,0,FALSE,,vfl,906_2
AY995255,,906_2,AY995255,Megasphaera sp. type 2,,0,FALSE,,vfl,906_2
S000148551,,2052,AJ576080,Mobiluncus mulieris,,1,FALSE,,vfl,2052
S000147840,,2052,AJ576081,Mobiluncus mulieris,,0,FALSE,,vfl,2052
S000148041,AJ576077.1,2052,AJ576077,Mobiluncus mulieris; CCUG 22332.,1490,0,True,True,rdp,2052
S000007585,,2098,M96660,Mycoplasma hominis,,3,FALSE,,vfl,2098
S000005514,,2098,AJ002268,Mycoplasma hominis,,0,FALSE,,vfl,2098
S004459130,CP009677.1,2098,CP009677,Mycoplasma hominis; AF1.,1518,0,False,True,rdp,2098
S000388133,,485,AF146369,Neisseria gonorrhoeae,,1,FALSE,,vfl,485
S002354985,,485,GU395611,Neisseria gonorrhoeae,,0,FALSE,,vfl,485
S004070327,CP003909.1,528354,CP003909,Neisseria gonorrhoeae MS11.,1539,0,False,True,rdp,485
S001044178,AM921674.1,485,AM921674,Neisseria gonorrhoeae; 16040/06.,1466,0,False,True,rdp,485
S000979973,EU240886.1,489910,EU240886,Nosocomiicoccus ampullae (T); TRF-1.,1502,0,True,True,rdp,489910
S003931008,AF133538.1,90245,AF133538,Oligella urethralis (T); CIP 103116.,1486,0,True,True,rdp,90245
S000369288,AY513496.1,90245,AY513496,Oligella urethralis; 2001034128.,1457,0,False,True,rdp,90245
S000389521,AF227163.1,90245,AF227163,Oligella urethralis; ATCC17960.,1458,2,True,True,rdp,90245
S000400150,AY178994.1,90245,AY178994,Oligella urethralis; COH-1.,1442,0,False,True,rdp,90245
S000131193,AJ251911.1,90245,AJ251911,Oligella urethralis; LMG 1015.,1489,3,False,True,rdp,90245
S002952856,JF750939.1,1007096,JF750939,Oscillibacter sp. GH1.,1409,0,False,True,rdp,1263547
S000768450,,33033,AM176521,Parvimonas micra,,0,FALSE,,vfl,33033
S000413503,D14143.1,33033,D14143,Parvimonas micra; GIFU 7701.,1369,9,False,True,rdp,33033
S004445115,CP009761.1,33033,CP009761,Parvimonas micra; KCOM 1535; ChDC B708.,1536,0,False,True,rdp,33033
S000768447,AM176518.1,33033,AM176518,Parvimonas micra; gpac015.,1447,10,False,True,rdp,33033
S000768462,AM176533.1,33033,AM176533,Parvimonas micra; gpac135.,1447,0,False,True,rdp,33033
S000022285,X55797.1,2741,X55797,Peptococcus niger (T).,1410,7,True,True,rdp,2741
S002949687,AB644260.1,2741,AB644260,Peptococcus niger; JCM 6506.,1528,0,True,True,rdp,2741
S000432294,,54005,AF542228,Peptoniphilus asaccharolyticus,,2,TRUE,,vfl,54005
S001016323,,507750,EU526290,Peptoniphilus duerdenii,,0,FALSE,,vfl,507750
S002962255,JN837491.1,1118057,JN837491,Peptoniphilus grossensis ph5.,1482,0,False,True,rdp,1465756
HM324462,,54005,HM324462,Peptoniphilus harei,,0,FALSE,,vfl,54005
HM021422,,54005,HM021422,Peptoniphilus harei,,0,FALSE,,vfl,54005
S001016324,EU526291.1,507751,EU526291,Peptoniphilus koenoeneniae; WAL 18898.,1420,1,False,True,rdp,507751
S000404362,,54005,AY244779,Peptoniphilus sp. 2002-2300004,,0,FALSE,,vfl,54005
S000404361,,54005,AY244778,Peptoniphilus sp. 2002-38328,,0,FALSE,,vfl,54005
S000140702,,1261,AY326462,Peptostreptococcus anaerobius,,1,TRUE,,vfl,1261
S000414263,L04168.1,1261,L04168,Peptostreptococcus anaerobius; ATCC 27337.,1462,9,True,True,rdp,1261
S002949619,AB640688.1,1261,AB640688,Peptostreptococcus anaerobius; JCM 1470.,1479,0,True,True,rdp,1261
S001879390,,341694,GU401283,Peptostreptococcus stomatis,,0,FALSE,,vfl,341694
S001589391,,341694,GQ422715,Peptostreptococcus stomatis,,2,FALSE,,vfl,341694
JF220746,,28123,JF220746,Porphyromonas asaccharolytica,,0,FALSE,,vfl,28123
GQ037690,,28123,GQ037690,Porphyromonas asaccharolytica,,0,FALSE,,vfl,28123
HM248360,,28123,HM248360,Porphyromonas asaccharolytica,,0,FALSE,,vfl,28123
S004063735,CP002689.1,879243,CP002689,Porphyromonas asaccharolytica DSM 20707.,1529,0,True,True,rdp,28123
S003264721,AB686660.1,28123,AB686660,Porphyromonas asaccharolytica; JCM 6323.,1490,0,True,True,rdp,28123
S002236289,,501496,AB588020,Porphyromonas bennonis,,0,FALSE,,vfl,501496
S000996242,,501496,EU414673,Porphyromonas bennonis,,0,TRUE,,vfl,501496
S000013923,X82823.1,41976,X82823,Porphyromonas catoniae (T); ATCC 51270.,1470,13,True,True,rdp,41976
S002235838,AB547656.1,887901,AB547656,Porphyromonas catoniae; JCM 13863.,1451,0,True,True,rdp,41976
S004449136,KM462003.1,29524,KM462003,Porphyromonas circumdentaria; TE045.,1524,0,False,True,rdp,29524
S004449173,KM462040.1,29524,KM462040,Porphyromonas circumdentaria; TE141.,1524,0,False,True,rdp,29524
S002235841,,28124,AB547659,Porphyromonas endodontalis,,0,FALSE,,vfl,28124
S000404711,,28124,AY253728,Porphyromonas endodontalis,,0,TRUE,,vfl,28124
S000414474,L16491.1,28124,L16491,Porphyromonas endodontalis.,1475,8,False,True,rdp,28124
S002235849,,322095,AB547667,Porphyromonas somerae,,0,FALSE,,vfl,322095
JF168342,,2_1,JF168342,Porphyromonas sp. type 1,,0,FALSE,,vfl,2_1
GQ038595,,2_1,GQ038595,Porphyromonas sp. type 1,,0,FALSE,,vfl,2_1
JF177162,,2_1,JF177162,Porphyromonas sp. type 1,,0,FALSE,,vfl,2_1
JF177080,,2_1,JF177080,Porphyromonas sp. type 1,,0,FALSE,,vfl,2_1
GQ038594,,2_1,GQ038594,Porphyromonas sp. type 1,,0,FALSE,,vfl,2_1
S002235850,,281920,AB547668,Porphyromonas uenonis,,0,FALSE,,vfl,281920
S001589407,GQ422746.1,281920,GQ422746,Porphyromonas uenonis; F0120.,1508,0,False,True,rdp,281920
GQ037669,,419005,GQ037669,Prevotella amnii,,0,FALSE,,vfl,419005
S000979118,,419005,AM422125,Prevotella amnii,,3,TRUE,,vfl,419005
GQ038455,,419005,GQ038455,Prevotella amnii,,0,FALSE,,vfl,419005
HM334681,,419005,HM334681,Prevotella amnii,,0,FALSE,,vfl,419005
S002235852,AB547670.1,419005,AB547670,Prevotella amnii; JCM 14753.,1491,0,True,True,rdp,419005
S002963273,JN867259.1,28125,JN867259,Prevotella bivia; SEQ184.,1419,3,False,True,rdp,28125
S002963279,JN867265.1,28125,JN867265,Prevotella bivia; SEQ190.,1409,4,False,True,rdp,28125
S002963281,JN867267.1,28125,JN867267,Prevotella bivia; SEQ192.,1441,3,False,True,rdp,28125
S002963321,JN867307.1,28125,JN867307,Prevotella bivia; SEQ234.,1408,1,False,True,rdp,28125
S002963332,JN867318.1,28125,JN867318,Prevotella bivia; SEQ245.,1428,3,False,True,rdp,28125
AY738685,,28127,AY738685,Prevotella buccalis,,0,FALSE,,vfl,28127
HM021468,,28127,HM021468,Prevotella buccalis,,0,FALSE,,vfl,28127
HM021469,,28127,HM021469,Prevotella buccalis,,0,FALSE,,vfl,28127
S002963257,JN867243.1,28127,JN867243,Prevotella buccalis; SEQ077.,1335,9,False,True,rdp,28127
S002963275,JN867261.1,28127,JN867261,Prevotella buccalis; SEQ186.,1433,3,False,True,rdp,28127
S002235859,,28128,AB547677,Prevotella corporis,,0,FALSE,,vfl,28128
S004056732,L16465.1,28128,L16465,Prevotella corporis (T); ATCC 33547.,1473,8,True,True,rdp,28128
S002963266,JN867252.1,28128,JN867252,Prevotella corporis; SEQ176.,1410,3,False,True,rdp,28128
S002963269,JN867255.1,28128,JN867255,Prevotella corporis; SEQ179.,1409,0,False,True,rdp,28128
S002963285,JN867271.1,28128,JN867271,Prevotella corporis; SEQ196.,1429,5,False,True,rdp,28128
GQ030336,,28130,GQ030336,Prevotella disiens,,0,FALSE,,vfl,28130
S000414466,,28130,L16483,Prevotella disiens,,3,TRUE,,vfl,28130
S002235864,AB547682.1,28130,AB547682,Prevotella disiens; JCM 6334.,1492,0,True,True,rdp,28130
S002963267,JN867253.1,28130,JN867253,Prevotella disiens; SEQ177.,1403,5,False,True,rdp,28130
S002963320,JN867306.1,28130,JN867306,Prevotella disiens; SEQ233.,1244,4,False,True,rdp,28130
GQ038531,,838_3,GQ038531,Prevotella genogroup 3,,0,FALSE,,vfl,838_3
GQ038510,,838_3,GQ038510,Prevotella genogroup 3,,0,FALSE,,vfl,838_3
GQ038490,,838_3,GQ038490,Prevotella genogroup 3,,0,FALSE,,vfl,838_3
GQ037652,,838_3,GQ037652,Prevotella genogroup 3,,0,FALSE,,vfl,838_3
GQ038579,,838_3,GQ038579,Prevotella genogroup 3,,0,FALSE,,vfl,838_3
GQ037704,,838_4,GQ037704,Prevotella genogroup 4,,0,FALSE,,vfl,838_4
GQ042935,,838_4,GQ042935,Prevotella genogroup 4,,0,FALSE,,vfl,838_4
GQ038549,,838_4,GQ038549,Prevotella genogroup 4,,0,FALSE,,vfl,838_4
AY738706,,838_4,AY738706,Prevotella genogroup 4,,0,FALSE,,vfl,838_4
AY738700,,838_4,AY738700,Prevotella genogroup 4,,0,FALSE,,vfl,838_4
FM996494,,838_5,FM996494,Prevotella genogroup 5,,0,FALSE,,vfl,838_5
HM277251,,838_5,HM277251,Prevotella genogroup 5,,0,FALSE,,vfl,838_5
JF110267,,838_5,JF110267,Prevotella genogroup 5,,0,FALSE,,vfl,838_5
HM315425,,838_5,HM315425,Prevotella genogroup 5,,0,FALSE,,vfl,838_5
GQ009059,,838_5,GQ009059,Prevotella genogroup 5,,0,FALSE,,vfl,838_5
HM316909,,838_7,HM316909,Prevotella genogroup 7,,0,FALSE,,vfl,838_7
HM330897,,838_7,HM330897,Prevotella genogroup 7,,0,FALSE,,vfl,838_7
GQ105611,,838_7,GQ105611,Prevotella genogroup 7,,0,FALSE,,vfl,838_7
AY916316,,838_7,AY916316,Prevotella genogroup 7,,0,FALSE,,vfl,838_7
EU188947,,838_7,EU188947,Prevotella genogroup 7,,0,FALSE,,vfl,838_7
S002232079,HM596283.1,470565,HM596283,Prevotella histicola; F0411.,1505,0,False,True,rdp,470565
S002235867,AB547685.1,470565,AB547685,Prevotella histicola; JCM 15637.,1480,0,True,True,rdp,470565
S002963255,JN867241.1,470565,JN867241,Prevotella histicola; SEQ075.,1317,2,False,True,rdp,470565
S002963318,JN867304.1,470565,JN867304,Prevotella histicola; SEQ231.,1429,2,False,True,rdp,470565
S002963329,JN867315.1,470565,JN867315,Prevotella histicola; SEQ242.,1430,2,False,True,rdp,470565
S004065411,CP002123.1,553174,CP002123,Prevotella melaninogenica ATCC 25845.,1531,0,True,True,rdp,28132
S000414453,L16470.1,28132,L16470,Prevotella melaninogenica.,1473,12,False,True,rdp,28132
S002449756,JF803512.1,28132,JF803512,Prevotella melaninogenica; C561.,1478,2,False,True,rdp,28132
S002963278,JN867264.1,28132,JN867264,Prevotella melaninogenica; SEQ189.,1424,3,False,True,rdp,28132
S002963323,JN867309.1,28132,JN867309,Prevotella melaninogenica; SEQ236.,1431,0,False,True,rdp,28132
HM021517,,386414,HM021517,Prevotella timonensis,,0,FALSE,,vfl,386414
HM021511,,386414,HM021511,Prevotella timonensis,,0,FALSE,,vfl,386414
AY959212,,386414,AY959212,Prevotella timonensis,,0,FALSE,,vfl,386414
HM021454,,386414,HM021454,Prevotella timonensis,,0,FALSE,,vfl,386414
S002963335,JN867321.1,386414,JN867321,Prevotella timonensis; SEQ251.,1416,3,False,True,rdp,386414
S002304666,FR733709.1,183417,FR733709,Proteus hauseri (T); type strain: DSM14437.,1510,0,True,True,rdp,183417
S002916092,JN092599.1,183417,JN092599,Proteus hauseri; FFL13.,1535,0,False,True,rdp,183417
S000728633,DQ885262.1,183417,DQ885262,Proteus hauseri; NCTC 4175.,1505,0,True,True,rdp,183417
S004448519,KM406467.1,183417,KM406467,Proteus hauseri; NSPH1.,1472,0,False,True,rdp,183417
S003713666,JX101457.1,1312367,JX101457,Proteus hauseri; ZMd44.,1517,0,False,True,rdp,183417
S002916082,JN092589.1,584,JN092589,Proteus mirabilis; FFL1.,1479,0,False,True,rdp,584
S002409174,HQ259932.1,584,HQ259932,Proteus mirabilis; G1.,1448,0,False,True,rdp,584
S002305602,HQ407306.1,584,HQ407306,Proteus mirabilis; HH132.,1508,0,False,True,rdp,584
S004223700,KJ937078.1,584,KJ937078,Proteus mirabilis; RS2K.,1492,0,False,True,rdp,584
S000752324,EF091150.1,584,EF091150,Proteus mirabilis; Xsqwxjzzqyam1.,1462,1,False,True,rdp,584
S003717328,KC456573.1,102862,KC456573,Proteus penneri; ALK055.,1434,0,False,True,rdp,102862
S000366960,AJ634474.1,102862,AJ634474,Proteus penneri; ENT229.,1431,0,False,True,rdp,102862
S002409178,HQ259936.1,102862,HQ259936,Proteus penneri; M2.,1447,0,False,True,rdp,102862
S002449497,JF775423.1,102862,JF775423,Proteus penneri; YCY34.,1450,0,False,True,rdp,102862
S002409175,HQ259933.1,102862,HQ259933,Proteus penneri; Z2.,1446,0,False,True,rdp,102862
S000721676,DQ499636.1,585,DQ499636,Proteus vulgaris.,1535,0,False,True,rdp,585
S003717279,KC456524.1,585,KC456524,Proteus vulgaris; ALK037.,1436,0,False,True,rdp,585
S004254010,KF928779.1,585,KF928779,Proteus vulgaris; GD23.,1521,13,False,True,rdp,585
S002914873,JF970208.1,585,JF970208,Proteus vulgaris; MSAU.,1285,0,False,True,rdp,585
S004231358,KM055068.1,585,KM055068,Proteus vulgaris; MTCC 7306.,1498,0,False,True,rdp,585
S000007208,AB037550.1,287,AB037550,Pseudomonas aeruginosa; #780.,1526,7,False,True,rdp,287
S000358783,AY486362.1,287,AY486362,Pseudomonas aeruginosa; AU3411.,1450,0,False,True,rdp,287
S001188472,FJ194518.1,287,FJ194518,Pseudomonas aeruginosa; LCB52.,1464,0,False,True,rdp,287
S001331260,FJ786006.1,287,FJ786006,Pseudomonas aeruginosa; W3.,1494,0,False,True,rdp,287
S002910246,HQ844513.1,287,HQ844513,Pseudomonas aeruginosa; ZJHG29.,1441,0,False,True,rdp,287
S000096693,,40543,AJ344093,Sneathia sanguinegens,,2,TRUE,,vfl,40543
JF087442,,40543,JF087442,Sneathia sanguinegens,,0,FALSE,,vfl,40543
L37789,,40543,L37789,Sneathia sanguinegens,,8,FALSE,,vfl,40543
S004208439,JQ087391.1,40543,JQ087391,Sneathia sanguinegens; CCUG 41628.,1503,0,True,True,rdp,40543
S002305131,HM567404.1,40543,HM567404,Sneathia sanguinegens; NTS65407.,1324,0,False,True,rdp,40543
S000980453,EU307932.1,13690,EU307932,Sphingobium yanoikuyae; BF-18.,1372,0,False,True,rdp,13690
S000375975,AB120764.1,13690,AB120764,Sphingobium yanoikuyae; EC-S01.,1457,0,False,True,rdp,13690
S003718071,KC494338.1,13690,KC494338,Sphingobium yanoikuyae; G3-2-80.,1448,0,False,True,rdp,13690
S002447673,JF459945.1,13690,JF459945,Sphingobium yanoikuyae; T4CP8.,1356,0,False,True,rdp,13690
S002447660,JF459932.1,13690,JF459932,Sphingobium yanoikuyae; W1BR15.,1383,0,False,True,rdp,13690
S003299218,JQ958849.1,1282,JQ958849,Staphylococcus epidermidis; 21.,1484,11,False,True,rdp,1282
S001263884,FJ357586.1,1282,FJ357586,Staphylococcus epidermidis; BBN1B3-02.,1443,2,False,True,rdp,1282
S002955065,JN175373.1,1282,JN175373,Staphylococcus epidermidis; ECNU-UK5.,1425,0,False,True,rdp,1282
S002958916,JN644522.1,1282,JN644522,Staphylococcus epidermidis; JDM2_4A.,1538,0,False,True,rdp,1282
S002227184,HM216570.1,1282,HM216570,Staphylococcus epidermidis; m030608b.,1227,0,False,True,rdp,1282
S004451792,KM817269.1,145393,KM817269,Staphylococcus hominis subsp. novobiosepticus; IHB B 16653.,1520,0,False,True,rdp,1290
S000995960,EU379307.1,1290,EU379307,Staphylococcus hominis subsp. null; 6R-J-7c.,1434,1,False,True,rdp,1290
S004076136,HG941659.1,1290,HG941659,Staphylococcus hominis subsp. null; B3.,1517,0,False,True,rdp,1290
S003314126,JQ795897.1,1290,JQ795897,Staphylococcus hominis subsp. null; M-S-TSA_56.,1449,0,False,True,rdp,1290
S003284769,JQ660295.1,1290,JQ660295,Staphylococcus hominis subsp. null; S9-624.,1453,1,False,True,rdp,1290
S001263953,FJ380983.1,45972,FJ380983,Staphylococcus pasteuri; BQN3C-01d.,1436,3,False,True,rdp,45972
S001293896,FJ613560.1,45972,FJ613560,Staphylococcus pasteuri; EIV-2.,1206,0,False,True,rdp,45972
S001293915,FJ613579.1,45972,FJ613579,Staphylococcus pasteuri; EIV-21.,1232,0,False,True,rdp,45972
S004454988,KP261074.1,45972,KP261074,Staphylococcus pasteuri; MSEB 73.,1448,0,False,True,rdp,45972
S002153909,HM130543.1,45972,HM130543,Staphylococcus pasteuri; Sp-12.,1473,0,False,True,rdp,45972
S001794135,,1292,GQ181035,Staphylococcus warneri,,1,FALSE,,vfl,1292
S004062654,CP003668.1,1194526,CP003668,Staphylococcus warneri SG1.,1553,0,False,True,rdp,1292
S003280991,JQ424886.1,1292,JQ424886,Staphylococcus warneri; AW25; SBMP1.,1463,0,False,True,rdp,1292
S002151544,GQ222399.1,1292,GQ222399,Staphylococcus warneri; FUA 3088.,1452,0,False,True,rdp,1292
S004454974,KP261060.1,1292,KP261060,Staphylococcus warneri; MSEB 35.,1455,0,False,True,rdp,1292
S001015308,EU430096.1,40324,EU430096,Stenotrophomonas maltophilia; 776.,1464,0,False,True,rdp,40324
S002156533,GU391033.1,40324,GU391033,Stenotrophomonas maltophilia; CCF0025.,1497,0,False,True,rdp,40324
S004089719,KJ499779.1,40324,KJ499779,Stenotrophomonas maltophilia; D299.,1420,0,False,True,rdp,40324
S004449395,KM488432.1,40324,KM488432,Stenotrophomonas maltophilia; D33.,1446,0,False,True,rdp,40324
S001418873,FN395268.1,40324,FN395268,Stenotrophomonas maltophilia; FR-W6Ba.,1384,1,False,True,rdp,40324
S000022303,Z35305.1,34105,Z35305,"Streptobacillus moniliformis (T); ATCC 14647, Type strain.",1485,0,True,True,rdp,34105
S004067626,CP001779.1,519441,CP001779,Streptobacillus moniliformis DSM 12112.,1518,0,True,True,rdp,34105
S000021246,Z35304.1,34105,Z35304,Streptobacillus moniliformis; AHL 370-1.,1485,0,False,True,rdp,34105
S000978828,AB330754.1,34105,AB330754,Streptobacillus moniliformis; IKC1.,1444,0,False,True,rdp,34105
S004455305,KP657490.1,34105,KP657490,Streptobacillus moniliformis; NCTC 11941.,1475,0,True,True,rdp,34105
S003720705,KC699066.1,1311,KC699066,Streptococcus agalactiae; CNM157_12.,1440,10,False,True,rdp,1311
S003720708,KC699069.1,1311,KC699069,Streptococcus agalactiae; CNM174_12.,1235,12,False,True,rdp,1311
S004126666,CP007572.1,1311,CP007572,Streptococcus agalactiae; GBS6.,1553,0,False,True,rdp,1311
S003619321,JQ039360.1,1311,JQ039360,Streptococcus agalactiae; GRS0577.,1439,0,False,True,rdp,1311
S003619329,JQ039368.1,1311,JQ039368,Streptococcus agalactiae; GRS2059.,1442,0,False,True,rdp,1311
S000388116,AF145241.1,1328,AF145241,Streptococcus anginosus subsp. null; 213.,1493,6,False,True,rdp,1328
S000388118,AF145243.1,1328,AF145243,Streptococcus anginosus subsp. null; 414.,1500,2,False,True,rdp,1328
S000901712,AB355609.1,1328,AB355609,Streptococcus anginosus subsp. null; ATCC 33397.,1399,0,True,True,rdp,1328
S003719481,KC569585.1,1328,KC569585,Streptococcus anginosus subsp. null; ChDC B544.,1426,0,False,True,rdp,1328
S004069839,AP013072.1,1353243,AP013072,Streptococcus anginosus subsp. whileyi MAS624.,1556,0,False,True,rdp,1328
S002290010,AP010935.1,486410,AP010935,Streptococcus dysgalactiae subsp. equisimilis GGS_124.,1553,0,False,True,rdp,1334
S000926643,EU075065.1,119602,EU075065,Streptococcus dysgalactiae subsp. equisimilis; 10-seventyfourmplarge.,1467,1,False,True,rdp,1334
S000264534,AB104849.1,119602,AB104849,Streptococcus dysgalactiae subsp. equisimilis; A-yo.,1429,1,False,True,rdp,1334
S000469622,AB159678.1,1334,AB159678,Streptococcus dysgalactiae subsp. null.,1562,0,False,True,rdp,1334
S000381661,AB002493.1,1334,AB002493,Streptococcus dysgalactiae subsp. null; L13.,1507,0,False,True,rdp,1334
S004065517,FR824043.1,990317,FR824043,Streptococcus gallolyticus subsp. gallolyticus ATCC BAA-2069.,1549,0,True,True,rdp,315405
S000979908,EU163459.1,53354,EU163459,Streptococcus gallolyticus subsp. gallolyticus; 719.,1502,0,False,True,rdp,315405
S003720817,KC699178.1,53354,KC699178,Streptococcus gallolyticus subsp. gallolyticus; CNM443_12.,1463,5,False,True,rdp,315405
S004061935,AP012054.1,981540,AP012054,Streptococcus gallolyticus subsp. null ATCC 43144.,1549,0,True,True,rdp,197614
S000394497,AF459431.1,59310,AF459431,Streptococcus gallolyticus subsp. null.,1539,0,False,True,rdp,59310
S000893368,EF670543.1,197614,EF670543,Streptococcus gallolyticus subsp. null; 1; 9324-2.,1424,0,False,True,rdp,197614
S000979951,EU163502.1,197614,EU163502,Streptococcus gallolyticus subsp. null; 906.,1504,0,False,True,rdp,197614
S003613450,JX188068.1,59310,JX188068,Streptococcus gallolyticus subsp. null; AB1.,1483,0,False,True,rdp,59310
S002961765,JN798591.1,197614,JN798591,Streptococcus gallolyticus subsp. null; GDYJ2011.,1512,0,False,True,rdp,197614
S003808911,KC545913.1,59310,KC545913,Streptococcus gallolyticus subsp. null; PON208.,1479,0,False,True,rdp,59310
S003807564,KF147887.1,59310,KF147887,Streptococcus gallolyticus subsp. null; PON54.,1489,0,False,True,rdp,59310
S003808891,KC545893.1,59310,KC545893,Streptococcus gallolyticus subsp. null; PON58.,1480,0,False,True,rdp,59310
S004086355,KJ160184.1,315405,KJ160184,Streptococcus gallolyticus; G8.,1425,0,False,True,rdp,315405
S004453373,KP009829.1,315405,KP009829,Streptococcus gallolyticus; VTM4R46.,1436,0,False,True,rdp,315405
S000428921,,1338,AF104671,Streptococcus intermedius,,0,TRUE,,vfl,1338
S004062413,AP010969.1,591365,AP010969,Streptococcus intermedius JTH08.,1556,0,False,True,rdp,1338
S004224185,KM052312.1,1338,KM052312,Streptococcus intermedius; 20K.,1409,9,False,True,rdp,1338
S004224183,KM052310.1,1338,KM052310,Streptococcus intermedius; 24KA.,1448,10,False,True,rdp,1338
S003719495,KC569599.1,1338,KC569599,Streptococcus intermedius; ChDC B601.,1426,0,False,True,rdp,1338
S000617862,,28037,AM157420,Streptococcus mitis,,0,FALSE,,vfl,28037
S003222829,JN713499.1,134262,JN713499,Streptococcus mitis bv. 2; 1D009.,1505,0,False,True,rdp,28037
S000711876,DQ303188.1,28037,DQ303188,Streptococcus mitis; ATCC 49456.,1446,0,True,True,rdp,28037
S000750192,DQ232534.1,28037,DQ232534,Streptococcus mitis; CIP 104997.,1467,2,True,True,rdp,28037
S001744709,GU045391.1,28037,GU045391,Streptococcus mitis; KCOM 1285.,1377,1,False,True,rdp,28037
S000901720,AB355617.1,1303,AB355617,Streptococcus oralis; ATCC 10557.,1400,0,True,True,rdp,1303
S000386904,AF003932.1,1303,AF003932,Streptococcus oralis; ATCC 35037.,1460,0,True,True,rdp,1303
S000405654,AY281079.1,1303,AY281079,Streptococcus oralis; ATCC 9811.,1428,0,True,True,rdp,1303
S000711878,DQ303190.1,1303,DQ303190,Streptococcus oralis; CCUG 24891.,1472,2,True,True,rdp,1303
S003809023,KC589365.1,1303,KC589365,Streptococcus oralis; ChDC B691.,1328,0,False,True,rdp,1303
S004066461,CP003122.1,1114965,CP003122,Streptococcus parasanguinis FW213.,1549,0,False,True,rdp,1318
S000405662,AY281087.1,1318,AY281087,Streptococcus parasanguinis; ATCC 15909.,1430,0,True,True,rdp,1318
S000420026,AY485605.1,1318,AY485605,Streptococcus parasanguinis; ATCC 15912.,1470,3,True,True,rdp,1318
S003809028,KC589370.1,1318,KC589370,Streptococcus parasanguinis; ChDC B285.,1328,1,False,True,rdp,1318
S002034955,GU561393.1,1318,GU561393,Streptococcus parasanguinis; PTO12.,1430,0,False,True,rdp,1318
S001744717,GU045399.1,1313,GU045399,Streptococcus pneumoniae; CCARM 4005.,1409,0,False,True,rdp,1313
S001187518,EU156782.1,1313,EU156782,Streptococcus pneumoniae; CCRI-15796.,1329,3,False,True,rdp,1313
S000548069,AY525791.1,1313,AY525791,Streptococcus pneumoniae; HK_P116.,1376,0,False,True,rdp,1313
S000548073,AY525795.1,1313,AY525795,Streptococcus pneumoniae; Mal_O1.,1385,3,False,True,rdp,1313
S002034962,GU561400.1,1313,GU561400,Streptococcus pneumoniae; PTO6.,1416,0,False,True,rdp,1313
S000859723,EF522948.1,437529,EF522948,Tepidimicrobium xylanilyticum (T); PML14.,1528,0,True,True,rdp,1123352
S003285530,JQ690275.1,1123352,JQ690275,Tepidimicrobium xylanilyticum; CS-3-1.,1425,0,False,True,rdp,1123352
S000134623,,217202,AB098612,Terrahaemophilus aromaticivorans,,0,FALSE,,vfl,217202
S000627911,AB245375.1,363888,AB245375,Tumebacillus ginsengisoli (T); Gsoil 1105.,1498,0,True,True,rdp,363888
S004045339,KC921162.1,363888,KC921162,Tumebacillus ginsengisoli; LX64.,1322,0,False,True,rdp,363888
S000608087,,184870,AM084231,Varibaculum cambriense,,0,FALSE,,vfl,184870
S001188096,,184870,FJ169867,Varibaculum cambriense,,0,FALSE,,vfl,184870
S001188095,,184870,FJ169866,Varibaculum cambriense,,0,FALSE,,vfl,184870
S004085496,KJ082042.1,184870,KJ082042,Varibaculum cambriense; DNF00696.,1294,0,False,True,rdp,184870
S001188098,FJ169869.1,184870,FJ169869,Varibaculum cambriense; M380.,1480,0,False,True,rdp,184870
S000404352,,187328,AY244769,Veillonella montpellierensis,,1,FALSE,,vfl,187328
S000368430,,187328,AY355142,Veillonella montpellierensis,,0,FALSE,,vfl,187328
S000395079,,187328,AF473836,Veillonella montpellierensis,,0,TRUE,,vfl,187328
S000368429,,187328,AY355141,Veillonella montpellierensis,,0,FALSE,,vfl,187328
S000435063,,187101,AY078425,[Leptotrichia] amnionii,,3,FALSE,,vfl,187101
S000450504,,187101,AY489565,[Leptotrichia] amnionii,,0,FALSE,,vfl,187101
S000806194,,187101,EF218612,[Leptotrichia] amnionii,,0,FALSE,,vfl,187101
S004208440,JQ087392.1,187101,JQ087392,[Leptotrichia] amnionii; CCUG 52976.,1501,0,True,True,rdp,187101
S000399526,,40520,AY169424,[Ruminococcus] obeum,,0,FALSE,,vfl,40520
S000436017,,40520,L76601,[Ruminococcus] obeum,,6,FALSE,,vfl,40520
S000399513,,40520,AY169411,[Ruminococcus] obeum,,0,FALSE,,vfl,40520
S000399521,,40520,AY169419,[Ruminococcus] obeum,,0,FALSE,,vfl,40520
S000002770,,40520,X85101,[Ruminococcus] obeum,,3,FALSE,,vfl,40520
S002223915,,884684,GQ900633,bacterium BVAB3-Strain 3,,3,FALSE,,vfl,884684
S002289429,CU459141.1,470,CU459141,Acinetobacter baumannii; AYE.,1537,0,False,True,rdp,
S004456236,LC014140.1,134534,LC014140,Acinetobacter gyllenbergii; NBRC 110496.,1497,0,True,True,rdp,
S000901752,AM293676.1,28090,AM293676,Acinetobacter lwoffii; PTA-152.,1324,0,False,True,rdp,
S004456240,LC014144.1,48296,LC014144,Acinetobacter pittii; NBRC 110510.,1433,0,True,True,rdp,
S002960452,JN669165.1,903900,JN669165,Acinetobacter radioresistens WC-A-157; 1061064341812.,1459,0,False,True,rdp,
S004056882,S83623.1,1657,S83623,Actinobaculum suis (T); DSM 20639.,1506,0,True,True,rdp,
S000391448,AF318316.1,119206,AF318316,Aerococcus sanguinicola; BBMML 01.,1503,0,False,True,rdp,
S000409612,AY422716.1,1376,AY422716,Aerococcus urinae; CCUG 32514.,1545,1,True,True,rdp,
S003920296,KC634295.1,51665,KC634295,Aerococcus urinaeequi; OST1.,1210,0,False,True,rdp,
S003879265,AB818493.1,1323230,AB818493,Aerococcus vaginalis; BV2.,1469,0,False,True,rdp,
S003920305,KC634304.1,1377,KC634304,Aerococcus viridans; OST12.,1372,0,False,True,rdp,
S003712344,JQ363617.1,1160091,JQ363617,Alloscardovia sp. M8.,1436,1,False,True,rdp,
S003921265,KF537630.1,1393034,KF537630,Atopobium deltae; HHRM1715.,1368,0,False,True,rdp,
S000011058,AB015945.1,39487,AB015945,Atopobium fossor; JCM 9981.,1475,0,True,True,rdp,
S000380957,S44204.1,1381,S44204,Atopobium minutum.,1454,2,False,True,rdp,
S000390776,,1382,AF292372,Atopobium parvulum,,0,FALSE,,vfl,
S000390775,,1383,AF292371,Atopobium rimae,,0,TRUE,,vfl,
S004230310,KM015450.1,1396,KM015450,Bacillus cereus; 1BS2.,1496,0,False,True,rdp,
S002354976,GU252121.1,1404,GU252121,Bacillus megaterium; 2008724134.,1495,1,False,True,rdp,
S000278160,AB112729.1,1471,AB112729,Bacillus methanolicus; NCIMB 12524.,1501,0,False,True,rdp,
S000405962,AY289549.1,1408,AY289549,Bacillus pumilus; SA175001.,1470,0,False,True,rdp,
S000891068,AB300793.1,1423,AB300793,Bacillus subtilis; ID1.,1473,0,False,True,rdp,
S004131900,CP008741.1,357276,CP008741,Bacteroides dorei; HS1_L_3_B_079.,1543,0,False,True,rdp,
S001872418,AB542768.1,310300,AB542768,Bacteroides pyogenes; DSM 20611.,1476,0,True,True,rdp,
S002235828,AB547646.1,691816,AB547646,Bacteroides rodentium; JCM 16496.,1488,0,True,True,rdp,
S002355457,CP002530.1,667015,CP002530,Bacteroides salanitronis DSM 18170.,1520,0,True,True,rdp,
S004065854,AE015928.1,226186,AE015928,Bacteroides thetaiotaomicron (T); VPI-5482.,1525,0,True,True,rdp,
S000734936,AB267809.1,397865,AB267809,Barnesiella viscericola (T); JCM 13660; C46.,1461,0,True,True,rdp,
S004069148,CP007034.1,880074,CP007034,"Barnesiella viscericola DSM 18177; C46, DSM 18177.",1532,0,True,True,rdp,
S004069149,CP007034.1,880074,CP007034,"Barnesiella viscericola DSM 18177; C46, DSM 18177.",1532,0,True,True,rdp,
S004069152,CP007034.1,880074,CP007034,"Barnesiella viscericola DSM 18177; C46, DSM 18177.",1532,0,True,True,rdp,
S004069151,CP007034.1,880074,CP007034,"Barnesiella viscericola DSM 18177; C46, DSM 18177.",1532,0,True,True,rdp,
S002349748,AB591064.1,1015,AB591064,Bergeyella zoohelcum; 19-462-2.,1298,0,False,True,rdp,
S002349751,AB591067.1,1015,AB591067,Bergeyella zoohelcum; 21-154.,1298,0,False,True,rdp,
S003262920,AB681029.1,1015,AB681029,Bergeyella zoohelcum; NBRC 16014.,1453,0,True,True,rdp,
S004449110,KM461977.1,1015,KM461977,Bergeyella zoohelcum; OH357.,1487,0,False,True,rdp,
S003222682,JN713352.1,1015,JN713352,Bergeyella zoohelcum; QC056.,1484,0,False,True,rdp,
S004078407,AB910751.1,53443,AB910751,Blautia hydrogenotrophica; JCM 14656.,1495,0,True,True,rdp,
S003609828,AB691576.1,649762,AB691576,Blautia luti; DSM 14534.,1481,7,True,True,rdp,
S002418553,AB600998.1,1121114,AB600998,Blautia producta; JCM 1471.,1493,0,True,True,rdp,
S004066820,CP000792.1,360104,CP000792,Campylobacter concisus 13826.,1511,0,False,True,rdp,
S004444071,CP009226.1,1507806,CP009226,Campylobacter fetus subsp. testudinum; pet-3.,1519,0,False,True,rdp,
S004443167,CP006851.1,1408176,CP006851,Campylobacter jejuni subsp. jejuni F38011.,1518,0,False,True,rdp,
S003612730,JQ228541.1,204,JQ228541,Campylobacter showae; WAL 18653.,1440,0,False,True,rdp,
S000645692,DQ174150.1,206,DQ174150,Campylobacter sputorum; NCTC 11415.,1570,0,True,True,rdp,
S000650899,DQ157149.1,209446,DQ157149,Candidatus Mycoplasma haemominutum; 402799.14.,1356,0,False,True,rdp,
S004051923,KF366257.1,1457141,KF366257,Chlamydia avium; PV7344/2.,1425,0,False,True,rdp,
S004443398,CP007276.1,1460373,CP007276,Chlamydia muridarum str. Nigg 2 MCR.,1554,0,False,True,rdp,
S004068631,CP004035.1,1234369,CP004035,Chlamydophila pecorum P787.,1553,0,False,True,rdp,
S000330875,AY555075.1,83558,AY555075,Chlamydophila pneumoniae; LKK-1.,1369,0,False,True,rdp,
S004065303,CP002805.1,1112252,CP002805,Chlamydophila psittaci 01DC11.,1552,0,False,True,rdp,
S003287133,AB741687.1,57706,AB741687,Citrobacter braakii; MTCC 2690.,1324,0,False,True,rdp,
S004450163,KM515968.1,67824,KM515968,Citrobacter farmeri; CIP 104553.,1439,0,True,True,rdp,
S004224820,LK931336.1,545,LK931336,Citrobacter koseri.,1530,0,False,True,rdp,
S000427775,AF025369.1,67829,AF025369,Citrobacter murliniae (T); CDC 2970-59.,1530,0,True,True,rdp,
S001793991,FN543502.1,637910,FN543502,Citrobacter rodentium ICC168.,1542,0,False,True,rdp,
S002444268,HQ259255.1,498199,HQ259255,Dietzia cercidiphylli; X0053.,1439,0,False,True,rdp,
S000539927,AJ920289.1,321318,AJ920289,Dietzia cinnamea (T); type strain:IMMIB RIV-399.,1486,0,True,True,rdp,
S000386238,AB159036.1,139021,AB159036,Dietzia psychralcaliphila; JCM 10987.,1439,0,True,True,rdp,
S002444267,HQ259254.1,498198,HQ259254,Dietzia schimae; X0052.,1439,0,False,True,rdp,
S002033826,GQ870424.1,499555,GQ870424,Dietzia timorensis; CA155.,1472,0,False,True,rdp,
S004065286,CP001726.1,479437,CP001726,Eggerthella lenta DSM 2243.,1509,0,True,True,rdp,
S004454792,KP233381.1,84112,KP233381,Eggerthella lenta; D3-6.,1437,0,False,True,rdp,
S004454793,KP233382.1,84112,KP233382,Eggerthella lenta; D3-65.,1440,8,False,True,rdp,
S000382128,AB011817.1,84112,AB011817,Eggerthella lenta; JCM9979.,1472,1,True,True,rdp,
S000540527,AY321958.1,242230,AY321958,Eggerthella sinensis (T); HKU14.,1429,0,True,True,rdp,
S000005780,AF039903.1,37734,AF039903,Enterococcus casseliflavus (T).,1509,0,True,True,rdp,
S004047943,KF149829.1,53345,KF149829,Enterococcus durans; IMAU62191; Tb32-2.,1345,0,False,True,rdp,
S004126569,CP006030.1,1344042,CP006030,Enterococcus faecium T110.,1578,0,False,True,rdp,
S003263075,AB681184.1,1352,AB681184,Enterococcus faecium; NBRC 100486.,1485,1,True,True,rdp,
S001329928,FJ749492.1,246144,FJ749492,Enterococcus italicus; IMAU50097; YNA-8.,1431,0,False,True,rdp,
S003917309,CP007025.1,1440052,CP007025,Escherichia albertii KF1.,1542,0,False,True,rdp,
S000465026,AY696669.1,208962,AY696669,Escherichia albertii; 10457.,1501,1,False,True,rdp,
S004045469,KC986850.1,564,KC986850,Escherichia fergusonii; BI06.,1409,0,False,True,rdp,
S004092221,KJ806371.1,564,KJ806371,Escherichia fergusonii; T-X16A.,1366,0,False,True,rdp,
S002958945,JN644551.1,565,JN644551,Escherichia hermannii; K167.,1488,0,False,True,rdp,
S000006425,Y10772.1,178214,Y10772,Facklamia hominis (T); ATCC 700628 type strain.,1505,5,True,True,rdp,
S000019066,Y18053.1,82347,Y18053,Facklamia languida (T); 1144-97.,1473,3,True,True,rdp,
S000018832,AJ277381.1,120956,AJ277381,Facklamia miroungae (T).,1405,0,True,True,rdp,
S000652788,AB248259.1,87650,AB248259,Facklamia sourekii; DAT97.,1502,0,False,True,rdp,
S000021549,Y17820.1,87458,Y17820,Facklamia tabacinasalis (T); CCUG30090.,1502,0,True,True,rdp,
S000009365,Y13365.1,84136,Y13365,Gemella bergeri (T); 617-93.,1508,0,True,True,rdp,
S002225454,,1379,HM103934,Gemella haemolysans,,0,FALSE,,vfl,
S000414423,L14327.1,29391,L14327,Gemella morbillorum (T).,1536,0,True,True,rdp,
S000004023,Y17280.1,81950,Y17280,Gemella palaticanis (T); M663-98-1.,1375,7,True,True,rdp,
S000016156,Y13364.1,84135,Y13364,Gemella sanguinis (T); 2045-94.,1510,0,True,True,rdp,
S000010536,AJ297627.1,136093,AJ297627,Globicatella sulfidifaciens (T).,1490,7,True,True,rdp,
S002166206,GU904674.1,136093,GU904674,Globicatella sulfidifaciens; AB60.,1365,0,False,True,rdp,
S000624518,AY879304.1,46124,AY879304,Granulicatella adiacens; 04356101.,1529,0,False,True,rdp,
S000624519,AY879305.1,46124,AY879305,Granulicatella adiacens; 04424062.,1518,0,False,True,rdp,
S000130465,AJ312375.1,46124,AJ312375,Granulicatella adiacens; 10/833.,1456,4,False,True,rdp,
S000013765,Y16547.1,137733,Y16547,Granulicatella balaenopterae (T); CCUG 37380.,1383,0,True,True,rdp,
S000624512,AY879298.1,321195,AY879298,Granulicatella para-adiacens; 04401102.,1514,0,False,True,rdp,
S002955456,JN227770.1,726,JN227770,Haemophilus haemolyticus; M19197.,1462,6,False,True,rdp,
S000943520,EU185416.1,727,EU185416,Haemophilus influenzae; 3894.,1377,0,False,True,rdp,
S000573585,AY613482.1,727,AY613482,Haemophilus influenzae; M9136.,1538,14,False,True,rdp,
S000573665,AY613562.1,727,AY613562,Haemophilus influenzae; M9738.,1538,1,False,True,rdp,
S002304891,GU226401.1,738,GU226401,Haemophilus parasuis; 06-7136.,1394,0,False,True,rdp,
S004448389,KM403388.1,40091,KM403388,Helcococcus kunzii; 140220302601.,1345,0,False,True,rdp,
S001872353,AB542089.1,72026,AB542089,Helcococcus ovis; H21-Yamagata-000808.,1398,0,False,True,rdp,
S001872349,AB542085.1,72026,AB542085,Helcococcus ovis; H34-Yamagata-970220.,1398,0,False,True,rdp,
S001872343,AB542079.1,72026,AB542079,Helcococcus ovis; H6-Yamagata-990426.,1398,0,False,True,rdp,
S002234584,HQ215522.1,241555,HQ215522,Helcococcus sueciensis; 604224/2010.,1477,3,False,True,rdp,
S000616640,AB241105.1,356828,AB241105,Metascardovia criceti (T); OMB105.,1455,0,True,True,rdp,
S000148552,,2051,AJ576085,Mobiluncus curtisii,,0,FALSE,,vfl,
S000003292,AJ318408.1,144177,AJ318408,Mobiluncus curtisii (T); CCUG 21018.,1489,0,True,True,rdp,
S004061582,CP001992.1,548479,CP001992,Mobiluncus curtisii ATCC 43063.,1540,0,True,True,rdp,
S000148044,AJ576088.1,2051,AJ576088,Mobiluncus curtisii; CCUG 44166B.,1420,0,True,True,rdp,
S003805941,KF007164.1,2051,KF007164,Mobiluncus curtisii; S9 B-10.,1381,0,False,True,rdp,
S000387268,AF125584.1,92400,AF125584,Mycoplasma anseris (T); 1219(T).,1461,0,True,True,rdp,
S000391760,AF332757.1,28903,AF332757,Mycoplasma bovis; 422/88.,1457,4,False,True,rdp,
S002015192,GQ129115.1,136241,GQ129115,Mycoplasma haemocanis; B202.,1283,0,False,True,rdp,
S000390269,AF261725.1,2105,AF261725,Mycoplasma sp. 'bovine group 7'; 4.,1345,1,False,True,rdp,
S003752036,KC178507.1,484,KC178507,Neisseria flavescens; 129.,1407,0,False,True,rdp,
S003722574,HF558383.1,496,HF558383,Neisseria macacae; M-740.,1514,0,False,True,rdp,
S000392743,AF382273.1,487,AF382273,Neisseria meningitidis; M8067.,1471,3,False,True,rdp,
S000396758,AY132015.1,487,AY132015,Neisseria meningitidis; M9350.,1471,0,False,True,rdp,
S004449277,KM462144.1,607712,KM462144,Neisseria shayeganii; TM092.,1532,0,False,True,rdp,
S000127600,AJ251912.1,90244,AJ251912,Oligella ureolytica (T); LMG 6519.,1489,0,True,True,rdp,
S000389522,AF227164.1,90244,AF227164,Oligella ureolytica; ATCC43534.,1477,0,True,True,rdp,
S000901479,AB238598.1,351091,AB238598,Oscillibacter valericigenes (T); Sjm18-20 (= NBRC 101213).,1453,0,True,True,rdp,
S004066171,AP012044.1,693746,AP012044,Oscillibacter valericigenes Sjm18-20.,1530,0,False,True,rdp,
S004066170,AP012044.1,693746,AP012044,Oscillibacter valericigenes Sjm18-20.,1530,0,False,True,rdp,
S004066169,AP012044.1,693746,AP012044,Oscillibacter valericigenes Sjm18-20.,1530,0,False,True,rdp,
S003619405,JQ073821.1,351091,JQ073821,Oscillibacter valericigenes; AGM2.,1325,0,False,True,rdp,
S002155711,GQ470211.1,757415,GQ470211,Pseudomonas cannabina pv. cannabina; BS981.,1328,0,False,True,rdp,
S000010261,AB021405.1,86189,AB021405,Pseudomonas hibiscicola (T); ATCC 19867.,1519,7,True,True,rdp,
S002966173,JQ236630.1,200451,JQ236630,Pseudomonas poae; ORC5.,1398,0,False,True,rdp,
S004063082,CP000926.1,76869,CP000926,Pseudomonas putida GB-1.,1537,0,False,True,rdp,
S000478993,AY866408.1,216142,AY866408,Pseudomonas rhizosphaerae; OW-2.,1415,0,False,True,rdp,
S002955569,JN228290.1,316,JN228290,Pseudomonas stutzeri; B10v.,1459,0,False,True,rdp,
S000001177,X94967.1,33038,X94967,Ruminococcus gnavus (T); ATCC 29149.,1481,3,True,True,rdp,
S003749124,JX979141.1,56193,JX979141,Sphingobium chungbukense; J12b.,1358,0,False,True,rdp,
S003263742,AB681851.1,120107,AB681851,Sphingobium cloacae; NBRC 102517.,1412,1,True,True,rdp,
S003260371,AB591814.1,336203,AB591814,Sphingobium fuliginis; OMI.,1230,0,False,True,rdp,
S002221794,EF534725.1,440518,EF534725,Sphingobium lucknowense; F2.,1436,0,False,True,rdp,
S002447688,JF459960.1,121428,JF459960,Sphingobium xenophagum; D5AP82.,1358,0,False,True,rdp,
S000390459,AF273080.1,128780,AF273080,Stenotrophomonas acidaminiphila (T); AMX19.,1542,1,True,True,rdp,
S002443201,HQ219977.1,517011,HQ219977,Stenotrophomonas chelatiphaga; ATY58.,1432,0,False,True,rdp,
S003716461,KC355332.1,83617,KC355332,Stenotrophomonas nitritireducens; KUDC1825.,1463,0,False,True,rdp,
S001875571,GU391467.1,216778,GU391467,Stenotrophomonas rhizophila; Gd2T.,1508,0,False,True,rdp,
S004208437,JQ087389.1,1162717,JQ087389,Streptobacillus hongkongensis; HKU33.,1505,1,False,True,rdp,
S004208438,JQ087390.1,1162717,JQ087390,Streptobacillus hongkongensis; HKU34.,1506,0,False,True,rdp,
S003942142,HG421076.1,1384509,HG421076,Streptobacillus sp. 131000547.,1415,0,False,True,rdp,
S000372448,AY656718.1,285106,AY656718,Tepidimicrobium ferriphilum (T); SB91.,1493,0,True,True,rdp,
S001744321,GQ461826.1,285106,GQ461826,Tepidimicrobium ferriphilum; DSM 16624.,1473,0,True,True,rdp,
S003280984,JQ421297.1,1157490,JQ421297,Tumebacillus flagellatus; NFB.,1502,0,False,True,rdp,
S000842399,DQ444975.1,378543,DQ444975,Tumebacillus permanentifrigoris (T); Eur1 9.5.,1407,4,True,True,rdp,
S003616520,JX483749.1,378543,JX483749,Tumebacillus permanentifrigoris; BJC16-A9.,1327,0,False,True,rdp,
S004446221,KM272816.1,378543,KM272816,Tumebacillus permanentifrigoris; LAMA 1155.,1381,0,False,True,rdp,
S000015427,X84007.1,39777,X84007,Veillonella atypica; DSM 20739.,1513,5,True,True,rdp,
S000927119,EU096495.1,464322,EU096495,Veillonella magna (T); lac18.,1449,0,True,True,rdp,
S000000269,X84005.1,29466,X84005,Veillonella parvula; DSM 2008.,1513,12,True,True,rdp,
S002949613,AB639142.1,103892,AB639142,Veillonella ratti; JCM 6512.,1524,0,True,True,rdp,
S000769405,EF108446.1,423477,EF108446,Veillonella rogosae; CF84.,1344,0,False,True,rdp,
S002033275,,33039,FP929055,[Ruminococcus] torques,,0,FALSE,,vfl,
