"tax_id","parent_id","rank","tax_name","root","below_root","superkingdom","below_superkingdom","superphylum","phylum","subphylum","class","order","below_order","below_below_order","family","below_family","genus","below_genus","species_group","species_subgroup","species","below_species","below_below_species","subspecies","below_subspecies"
"1","1","root","root","1","","","","","","","","","","","","","","","","","","","","",""
"131567","1","below_root","cellular organisms","1","131567","","","","","","","","","","","","","","","","","","","",""
"2","131567","superkingdom","Bacteria","1","131567","2","","","","","","","","","","","","","","","","","","",""
"2323","2","below_superkingdom","unclassified Bacteria","1","131567","2","2323","","","","","","","","","","","","","","","","","",""
"68336","2","superphylum","Bacteroidetes/Chlorobi group","1","131567","2","","68336","","","","","","","","","","","","","","","","",""
"51290","2","superphylum","Chlamydiae/Verrucomicrobia group","1","131567","2","","51290","","","","","","","","","","","","","","","","",""
"201174","2","phylum","Actinobacteria","1","131567","2","","","201174","","","","","","","","","","","","","","","",""
"976","68336","phylum","Bacteroidetes","1","131567","2","","68336","976","","","","","","","","","","","","","","","",""
"95818","2323","phylum","Candidatus Saccharibacteria","1","131567","2","2323","","95818","","","","","","","","","","","","","","","",""
"204428","51290","phylum","Chlamydiae","1","131567","2","","51290","204428","","","","","","","","","","","","","","","",""
"1239","2","phylum","Firmicutes","1","131567","2","","","1239","","","","","","","","","","","","","","","",""
"32066","2","phylum","Fusobacteria","1","131567","2","","","32066","","","","","","","","","","","","","","","",""
"1224","2","phylum","Proteobacteria","1","131567","2","","","1224","","","","","","","","","","","","","","","",""
"544448","2","phylum","Tenericutes","1","131567","2","","","544448","","","","","","","","","","","","","","","",""
"68525","1224","subphylum","delta/epsilon subdivisions","1","131567","2","","","1224","68525","","","","","","","","","","","","","","",""
"1760","201174","class","Actinobacteria","1","131567","2","","","201174","","1760","","","","","","","","","","","","","",""
"28211","1224","class","Alphaproteobacteria","1","131567","2","","","1224","","28211","","","","","","","","","","","","","",""
"91061","1239","class","Bacilli","1","131567","2","","","1239","","91061","","","","","","","","","","","","","",""
"200643","976","class","Bacteroidia","1","131567","2","","68336","976","","200643","","","","","","","","","","","","","",""
"28216","1224","class","Betaproteobacteria","1","131567","2","","","1224","","28216","","","","","","","","","","","","","",""
"204429","204428","class","Chlamydiia","1","131567","2","","51290","204428","","204429","","","","","","","","","","","","","",""
"186801","1239","class","Clostridia","1","131567","2","","","1239","","186801","","","","","","","","","","","","","",""
"84998","201174","class","Coriobacteriia","1","131567","2","","","201174","","84998","","","","","","","","","","","","","",""
"29547","68525","class","Epsilonproteobacteria","1","131567","2","","","1224","68525","29547","","","","","","","","","","","","","",""
"117743","976","class","Flavobacteriia","1","131567","2","","68336","976","","117743","","","","","","","","","","","","","",""
"203490","32066","class","Fusobacteriia","1","131567","2","","","32066","","203490","","","","","","","","","","","","","",""
"1236","1224","class","Gammaproteobacteria","1","131567","2","","","1224","","1236","","","","","","","","","","","","","",""
"31969","544448","class","Mollicutes","1","131567","2","","","544448","","31969","","","","","","","","","","","","","",""
"909932","1239","class","Negativicutes","1","131567","2","","","1239","","909932","","","","","","","","","","","","","",""
"2037","1760","order","Actinomycetales","1","131567","2","","","201174","","1760","2037","","","","","","","","","","","","",""
"1385","91061","order","Bacillales","1","131567","2","","","1239","","91061","1385","","","","","","","","","","","","",""
"171549","200643","order","Bacteroidales","1","131567","2","","68336","976","","200643","171549","","","","","","","","","","","","",""
"85004","1760","order","Bifidobacteriales","1","131567","2","","","201174","","1760","85004","","","","","","","","","","","","",""
"80840","28216","order","Burkholderiales","1","131567","2","","","1224","","28216","80840","","","","","","","","","","","","",""
"213849","29547","order","Campylobacterales","1","131567","2","","","1224","68525","29547","213849","","","","","","","","","","","","",""
"51291","204429","order","Chlamydiales","1","131567","2","","51290","204428","","204429","51291","","","","","","","","","","","","",""
"186802","186801","order","Clostridiales","1","131567","2","","","1239","","186801","186802","","","","","","","","","","","","",""
"84999","84998","order","Coriobacteriales","1","131567","2","","","201174","","84998","84999","","","","","","","","","","","","",""
"85007","1760","order","Corynebacteriales","1","131567","2","","","201174","","1760","85007","","","","","","","","","","","","",""
"1643822","84998","order","Eggerthellales","1","131567","2","","","201174","","84998","1643822","","","","","","","","","","","","",""
"91347","1236","order","Enterobacteriales","1","131567","2","","","1224","","1236","91347","","","","","","","","","","","","",""
"200644","117743","order","Flavobacteriales","1","131567","2","","68336","976","","117743","200644","","","","","","","","","","","","",""
"203491","203490","order","Fusobacteriales","1","131567","2","","","32066","","203490","203491","","","","","","","","","","","","",""
"186826","91061","order","Lactobacillales","1","131567","2","","","1239","","91061","186826","","","","","","","","","","","","",""
"85006","1760","order","Micrococcales","1","131567","2","","","201174","","1760","85006","","","","","","","","","","","","",""
"2085","31969","order","Mycoplasmatales","1","131567","2","","","544448","","31969","2085","","","","","","","","","","","","",""
"206351","28216","order","Neisseriales","1","131567","2","","","1224","","28216","206351","","","","","","","","","","","","",""
"135625","1236","order","Pasteurellales","1","131567","2","","","1224","","1236","135625","","","","","","","","","","","","",""
"72274","1236","order","Pseudomonadales","1","131567","2","","","1224","","1236","72274","","","","","","","","","","","","",""
"909929","909932","order","Selenomonadales","1","131567","2","","","1239","","909932","909929","","","","","","","","","","","","",""
"204457","28211","order","Sphingomonadales","1","131567","2","","","1224","","28211","204457","","","","","","","","","","","","",""
"135614","1236","order","Xanthomonadales","1","131567","2","","","1224","","1236","135614","","","","","","","","","","","","",""
"539002","1385","below_order","Bacillales incertae sedis","1","131567","2","","","1239","","91061","1385","539002","","","","","","","","","","","",""
"538999","186802","below_order","Clostridiales incertae sedis","1","131567","2","","","1239","","186801","186802","538999","","","","","","","","","","","",""
"186813","186802","below_order","unclassified Clostridiales","1","131567","2","","","1239","","186801","186802","186813","","","","","","","","","","","",""
"539738","539002","below_below_order","Bacillales Family XI. Incertae Sedis","1","131567","2","","","1239","","91061","1385","539002","539738","","","","","","","","","","",""
"2049","2037","family","Actinomycetaceae","1","131567","2","","","201174","","1760","2037","","","2049","","","","","","","","","",""
"186827","186826","family","Aerococcaceae","1","131567","2","","","1239","","91061","186826","","","186827","","","","","","","","","",""
"506","80840","family","Alcaligenaceae","1","131567","2","","","1224","","28216","80840","","","506","","","","","","","","","",""
"186823","1385","family","Alicyclobacillaceae","1","131567","2","","","1239","","91061","1385","","","186823","","","","","","","","","",""
"1643824","84999","family","Atopobiaceae","1","131567","2","","","201174","","84998","84999","","","1643824","","","","","","","","","",""
"186817","1385","family","Bacillaceae","1","131567","2","","","1239","","91061","1385","","","186817","","","","","","","","","",""
"815","171549","family","Bacteroidaceae","1","131567","2","","68336","976","","200643","171549","","","815","","","","","","","","","",""
"31953","85004","family","Bifidobacteriaceae","1","131567","2","","","201174","","1760","85004","","","31953","","","","","","","","","",""
"85019","85006","family","Brevibacteriaceae","1","131567","2","","","201174","","1760","85006","","","85019","","","","","","","","","",""
"72294","213849","family","Campylobacteraceae","1","131567","2","","","1224","68525","29547","213849","","","72294","","","","","","","","","",""
"186828","186826","family","Carnobacteriaceae","1","131567","2","","","1239","","91061","186826","","","186828","","","","","","","","","",""
"809","51291","family","Chlamydiaceae","1","131567","2","","51290","204428","","204429","51291","","","809","","","","","","","","","",""
"31979","186802","family","Clostridiaceae","1","131567","2","","","1239","","186801","186802","","","31979","","","","","","","","","",""
"543310","538999","family","Clostridiales Family XI. Incertae Sedis","1","131567","2","","","1239","","186801","186802","538999","","543310","","","","","","","","","",""
"1653","85007","family","Corynebacteriaceae","1","131567","2","","","201174","","1760","85007","","","1653","","","","","","","","","",""
"85029","85007","family","Dietziaceae","1","131567","2","","","201174","","1760","85007","","","85029","","","","","","","","","",""
"1643826","1643822","family","Eggerthellaceae","1","131567","2","","","201174","","84998","1643822","","","1643826","","","","","","","","","",""
"543","91347","family","Enterobacteriaceae","1","131567","2","","","1224","","1236","91347","","","543","","","","","","","","","",""
"81852","186826","family","Enterococcaceae","1","131567","2","","","1239","","91061","186826","","","81852","","","","","","","","","",""
"186806","186802","family","Eubacteriaceae","1","131567","2","","","1239","","186801","186802","","","186806","","","","","","","","","",""
"49546","200644","family","Flavobacteriaceae","1","131567","2","","68336","976","","117743","200644","","","49546","","","","","","","","","",""
"203492","203491","family","Fusobacteriaceae","1","131567","2","","","32066","","203490","203491","","","203492","","","","","","","","","",""
"186803","186802","family","Lachnospiraceae","1","131567","2","","","1239","","186801","186802","","","186803","","","","","","","","","",""
"33958","186826","family","Lactobacillaceae","1","131567","2","","","1239","","91061","186826","","","33958","","","","","","","","","",""
"1129771","203491","family","Leptotrichiaceae","1","131567","2","","","32066","","203490","203491","","","1129771","","","","","","","","","",""
"1268","85006","family","Micrococcaceae","1","131567","2","","","201174","","1760","85006","","","1268","","","","","","","","","",""
"468","72274","family","Moraxellaceae","1","131567","2","","","1224","","1236","72274","","","468","","","","","","","","","",""
"2092","2085","family","Mycoplasmataceae","1","131567","2","","","544448","","31969","2085","","","2092","","","","","","","","","",""
"481","206351","family","Neisseriaceae","1","131567","2","","","1224","","28216","206351","","","481","","","","","","","","","",""
"216572","186802","family","Oscillospiraceae","1","131567","2","","","1239","","186801","186802","","","216572","","","","","","","","","",""
"712","135625","family","Pasteurellaceae","1","131567","2","","","1224","","1236","135625","","","712","","","","","","","","","",""
"186807","186802","family","Peptococcaceae","1","131567","2","","","1239","","186801","186802","","","186807","","","","","","","","","",""
"1570339","186802","family","Peptoniphilaceae","1","131567","2","","","1239","","186801","186802","","","1570339","","","","","","","","","",""
"186804","186802","family","Peptostreptococcaceae","1","131567","2","","","1239","","186801","186802","","","186804","","","","","","","","","",""
"171551","171549","family","Porphyromonadaceae","1","131567","2","","68336","976","","200643","171549","","","171551","","","","","","","","","",""
"171552","171549","family","Prevotellaceae","1","131567","2","","68336","976","","200643","171549","","","171552","","","","","","","","","",""
"135621","72274","family","Pseudomonadaceae","1","131567","2","","","1224","","1236","72274","","","135621","","","","","","","","","",""
"541000","186802","family","Ruminococcaceae","1","131567","2","","","1239","","186801","186802","","","541000","","","","","","","","","",""
"41297","204457","family","Sphingomonadaceae","1","131567","2","","","1224","","28211","204457","","","41297","","","","","","","","","",""
"90964","1385","family","Staphylococcaceae","1","131567","2","","","1239","","91061","1385","","","90964","","","","","","","","","",""
"1300","186826","family","Streptococcaceae","1","131567","2","","","1239","","91061","186826","","","1300","","","","","","","","","",""
"31977","909929","family","Veillonellaceae","1","131567","2","","","1239","","909932","909929","","","31977","","","","","","","","","",""
"32033","135614","family","Xanthomonadaceae","1","131567","2","","","1224","","1236","135614","","","32033","","","","","","","","","",""
"1113537","809","below_family","Chlamydia/Chlamydophila group","1","131567","2","","51290","204428","","204429","51291","","","809","1113537","","","","","","","","",""
"469","468","genus","Acinetobacter","1","131567","2","","","1224","","1236","72274","","","468","","469","","","","","","","",""
"76833","2049","genus","Actinobaculum","1","131567","2","","","201174","","1760","2037","","","2049","","76833","","","","","","","",""
"1654","2049","genus","Actinomyces","1","131567","2","","","201174","","1760","2037","","","2049","","1654","","","","","","","",""
"1653174","2049","genus","Actinotignum","1","131567","2","","","201174","","1760","2037","","","2049","","1653174","","","","","","","",""
"1375","186827","genus","Aerococcus","1","131567","2","","","1239","","91061","186826","","","186827","","1375","","","","","","","",""
"419014","31953","genus","Alloscardovia","1","131567","2","","","201174","","1760","85004","","","31953","","419014","","","","","","","",""
"165779","1570339","genus","Anaerococcus","1","131567","2","","","1239","","186801","186802","","","1570339","","165779","","","","","","","",""
"1663","1268","genus","Arthrobacter","1","131567","2","","","201174","","1760","85006","","","1268","","1663","","","","","","","",""
"1380","1643824","genus","Atopobium","1","131567","2","","","201174","","84998","84999","","","1643824","","1380","","","","","","","",""
"1386","186817","genus","Bacillus","1","131567","2","","","1239","","91061","1385","","","186817","","1386","","","","","","","",""
"816","815","genus","Bacteroides","1","131567","2","","68336","976","","200643","171549","","","815","","816","","","","","","","",""
"397864","171551","genus","Barnesiella","1","131567","2","","68336","976","","200643","171549","","","171551","","397864","","","","","","","",""
"59735","49546","genus","Bergeyella","1","131567","2","","68336","976","","117743","200644","","","49546","","59735","","","","","","","",""
"1678","31953","genus","Bifidobacterium","1","131567","2","","","201174","","1760","85004","","","31953","","1678","","","","","","","",""
"572511","186803","genus","Blautia","1","131567","2","","","1239","","186801","186802","","","186803","","572511","","","","","","","",""
"1696","85019","genus","Brevibacterium","1","131567","2","","","201174","","1760","85006","","","85019","","1696","","","","","","","",""
"194","72294","genus","Campylobacter","1","131567","2","","","1224","68525","29547","213849","","","72294","","194","","","","","","","",""
"810","1113537","genus","Chlamydia","1","131567","2","","51290","204428","","204429","51291","","","809","1113537","810","","","","","","","",""
"544","543","genus","Citrobacter","1","131567","2","","","1224","","1236","91347","","","543","","544","","","","","","","",""
"1716","1653","genus","Corynebacterium","1","131567","2","","","201174","","1760","85007","","","1653","","1716","","","","","","","",""
"39948","31977","genus","Dialister","1","131567","2","","","1239","","909932","909929","","","31977","","39948","","","","","","","",""
"37914","85029","genus","Dietzia","1","131567","2","","","201174","","1760","85007","","","85029","","37914","","","","","","","",""
"84111","1643826","genus","Eggerthella","1","131567","2","","","201174","","84998","1643822","","","1643826","","84111","","","","","","","",""
"1350","81852","genus","Enterococcus","1","131567","2","","","1239","","91061","186826","","","81852","","1350","","","","","","","",""
"561","543","genus","Escherichia","1","131567","2","","","1224","","1236","91347","","","543","","561","","","","","","","",""
"1730","186806","genus","Eubacterium","1","131567","2","","","1239","","186801","186802","","","186806","","1730","","","","","","","",""
"66831","186827","genus","Facklamia","1","131567","2","","","1239","","91061","186826","","","186827","","66831","","","","","","","",""
"216851","541000","genus","Faecalibacterium","1","131567","2","","","1239","","186801","186802","","","541000","","216851","","","","","","","",""
"236752","541000","genus","Fastidiosipila","1","131567","2","","","1239","","186801","186802","","","541000","","236752","","","","","","","",""
"150022","1570339","genus","Finegoldia","1","131567","2","","","1239","","186801","186802","","","1570339","","150022","","","","","","","",""
"848","203492","genus","Fusobacterium","1","131567","2","","","32066","","203490","203491","","","203492","","848","","","","","","","",""
"2701","31953","genus","Gardnerella","1","131567","2","","","201174","","1760","85004","","","31953","","2701","","","","","","","",""
"1378","539738","genus","Gemella","1","131567","2","","","1239","","91061","1385","539002","539738","","","1378","","","","","","","",""
"13075","186827","genus","Globicatella","1","131567","2","","","1239","","91061","186826","","","186827","","13075","","","","","","","",""
"117563","186828","genus","Granulicatella","1","131567","2","","","1239","","91061","186826","","","186828","","117563","","","","","","","",""
"724","712","genus","Haemophilus","1","131567","2","","","1224","","1236","135625","","","712","","724","","","","","","","",""
"31983","1570339","genus","Helcococcus","1","131567","2","","","1239","","186801","186802","","","1570339","","31983","","","","","","","",""
"404402","186813","genus","Howardella","1","131567","2","","","1239","","186801","186802","186813","","","","404402","","","","","","","",""
"1472763","543310","genus","Kallipyga","1","131567","2","","","1239","","186801","186802","538999","","543310","","1472763","","","","","","","",""
"570","543","genus","Klebsiella","1","131567","2","","","1224","","1236","91347","","","543","","570","","","","","","","",""
"1578","33958","genus","Lactobacillus","1","131567","2","","","1239","","91061","186826","","","33958","","1578","","","","","","","",""
"1637257","541000","genus","Mageeibacillus","1","131567","2","","","1239","","186801","186802","","","541000","","1637257","","","","","","","",""
"906","31977","genus","Megasphaera","1","131567","2","","","1239","","909932","909929","","","31977","","906","","","","","","","",""
"2050","2049","genus","Mobiluncus","1","131567","2","","","201174","","1760","2037","","","2049","","2050","","","","","","","",""
"2093","2092","genus","Mycoplasma","1","131567","2","","","544448","","31969","2085","","","2092","","2093","","","","","","","",""
"482","481","genus","Neisseria","1","131567","2","","","1224","","28216","206351","","","481","","482","","","","","","","",""
"489909","90964","genus","Nosocomiicoccus","1","131567","2","","","1239","","91061","1385","","","90964","","489909","","","","","","","",""
"90243","506","genus","Oligella","1","131567","2","","","1224","","28216","80840","","","506","","90243","","","","","","","",""
"459786","216572","genus","Oscillibacter","1","131567","2","","","1239","","186801","186802","","","216572","","459786","","","","","","","",""
"543311","1570339","genus","Parvimonas","1","131567","2","","","1239","","186801","186802","","","1570339","","543311","","","","","","","",""
"2740","186807","genus","Peptococcus","1","131567","2","","","1239","","186801","186802","","","186807","","2740","","","","","","","",""
"162289","1570339","genus","Peptoniphilus","1","131567","2","","","1239","","186801","186802","","","1570339","","162289","","","","","","","",""
"1257","186804","genus","Peptostreptococcus","1","131567","2","","","1239","","186801","186802","","","186804","","1257","","","","","","","",""
"836","171551","genus","Porphyromonas","1","131567","2","","68336","976","","200643","171549","","","171551","","836","","","","","","","",""
"838","171552","genus","Prevotella","1","131567","2","","68336","976","","200643","171549","","","171552","","838","","","","","","","",""
"583","543","genus","Proteus","1","131567","2","","","1224","","1236","91347","","","543","","583","","","","","","","",""
"286","135621","genus","Pseudomonas","1","131567","2","","","1224","","1236","72274","","","135621","","286","","","","","","","",""
"168808","1129771","genus","Sneathia","1","131567","2","","","32066","","203490","203491","","","1129771","","168808","","","","","","","",""
"165695","41297","genus","Sphingobium","1","131567","2","","","1224","","28211","204457","","","41297","","165695","","","","","","","",""
"1279","90964","genus","Staphylococcus","1","131567","2","","","1239","","91061","1385","","","90964","","1279","","","","","","","",""
"40323","32033","genus","Stenotrophomonas","1","131567","2","","","1224","","1236","135614","","","32033","","40323","","","","","","","",""
"34104","1129771","genus","Streptobacillus","1","131567","2","","","32066","","203490","203491","","","1129771","","34104","","","","","","","",""
"1301","1300","genus","Streptococcus","1","131567","2","","","1239","","91061","186826","","","1300","","1301","","","","","","","",""
"285105","31979","genus","Tepidimicrobium","1","131567","2","","","1239","","186801","186802","","","31979","","285105","","","","","","","",""
"217201","712","genus","Terrahaemophilus","1","131567","2","","","1224","","1236","135625","","","712","","217201","","","","","","","",""
"432330","186823","genus","Tumebacillus","1","131567","2","","","1239","","91061","1385","","","186823","","432330","","","","","","","",""
"184869","2049","genus","Varibaculum","1","131567","2","","","201174","","1760","2037","","","2049","","184869","","","","","","","",""
"29465","31977","genus","Veillonella","1","131567","2","","","1239","","909932","909929","","","31977","","29465","","","","","","","",""
"1344959","544","below_genus","Citrobacter freundii complex","1","131567","2","","","1224","","1236","91347","","","543","","544","1344959","","","","","","",""
"995085","40323","below_genus","Stenotrophomonas maltophilia group","1","131567","2","","","1224","","1236","135614","","","32033","","40323","995085","","","","","","",""
"909768","469","species_group","Acinetobacter calcoaceticus/baumannii complex","1","131567","2","","","1224","","1236","72274","","","468","","469","","909768","","","","","",""
"86661","1386","species_group","Bacillus cereus group","1","131567","2","","","1239","","91061","1385","","","186817","","1386","","86661","","","","","",""
"653685","1386","species_group","Bacillus subtilis group","1","131567","2","","","1239","","91061","1385","","","186817","","1386","","653685","","","","","",""
"656088","2093","species_group","Mycoplasma mycoides group","1","131567","2","","","544448","","31969","2085","","","2092","","2093","","656088","","","","","",""
"136841","286","species_group","Pseudomonas aeruginosa group","1","131567","2","","","1224","","1236","72274","","","135621","","286","","136841","","","","","",""
"136843","286","species_group","Pseudomonas fluorescens group","1","131567","2","","","1224","","1236","72274","","","135621","","286","","136843","","","","","",""
"136845","286","species_group","Pseudomonas putida group","1","131567","2","","","1224","","1236","72274","","","135621","","286","","136845","","","","","",""
"136846","286","species_group","Pseudomonas stutzeri group","1","131567","2","","","1224","","1236","72274","","","135621","","286","","136846","","","","","",""
"136849","286","species_group","Pseudomonas syringae group","1","131567","2","","","1224","","1236","72274","","","135621","","286","","136849","","","","","",""
"671232","1301","species_group","Streptococcus anginosus group","1","131567","2","","","1239","","91061","186826","","","1300","","1301","","671232","","","","","",""
"119603","1301","species_group","Streptococcus dysgalactiae group","1","131567","2","","","1239","","91061","186826","","","1300","","1301","","119603","","","","","",""
"578833","136846","species_subgroup","Pseudomonas stutzeri subgroup","1","131567","2","","","1224","","1236","72274","","","135621","","286","","136846","578833","","","","",""
"470","909768","species","Acinetobacter baumannii","1","131567","2","","","1224","","1236","72274","","","468","","469","","909768","","470","","","",""
"134534","469","species","Acinetobacter gyllenbergii","1","131567","2","","","1224","","1236","72274","","","468","","469","","","","134534","","","",""
"40214","469","species","Acinetobacter johnsonii","1","131567","2","","","1224","","1236","72274","","","468","","469","","","","40214","","","",""
"28090","469","species","Acinetobacter lwoffii","1","131567","2","","","1224","","1236","72274","","","468","","469","","","","28090","","","",""
"48296","909768","species","Acinetobacter pittii","1","131567","2","","","1224","","1236","72274","","","468","","469","","909768","","48296","","","",""
"40216","469","species","Acinetobacter radioresistens","1","131567","2","","","1224","","1236","72274","","","468","","469","","","","40216","","","",""
"202789","76833","species","Actinobaculum massiliense","1","131567","2","","","201174","","1760","2037","","","2049","","76833","","","","202789","","","",""
"1657","76833","species","Actinobaculum suis","1","131567","2","","","201174","","1760","2037","","","2049","","76833","","","","1657","","","",""
"33007","1654","species","Actinomyces neuii","1","131567","2","","","201174","","1760","2037","","","2049","","1654","","","","33007","","","",""
"131111","1654","species","Actinomyces turicensis","1","131567","2","","","201174","","1760","2037","","","2049","","1654","","","","131111","","","",""
"59505","1653174","species","Actinotignum schaalii","1","131567","2","","","201174","","1760","2037","","","2049","","1653174","","","","59505","","","",""
"190146","1653174","species","Actinotignum urinale","1","131567","2","","","201174","","1760","2037","","","2049","","1653174","","","","190146","","","",""
"87541","1375","species","Aerococcus christensenii","1","131567","2","","","1239","","91061","186826","","","186827","","1375","","","","87541","","","",""
"119206","1375","species","Aerococcus sanguinicola","1","131567","2","","","1239","","91061","186826","","","186827","","1375","","","","119206","","","",""
"1376","1375","species","Aerococcus urinae","1","131567","2","","","1239","","91061","186826","","","186827","","1375","","","","1376","","","",""
"51665","1375","species","Aerococcus urinaeequi","1","131567","2","","","1239","","91061","186826","","","186827","","1375","","","","51665","","","",""
"1323230","1375","species","Aerococcus vaginalis","1","131567","2","","","1239","","91061","186826","","","186827","","1375","","","","1323230","","","",""
"1377","1375","species","Aerococcus viridans","1","131567","2","","","1239","","91061","186826","","","186827","","1375","","","","1377","","","",""
"356828","419014","species","Alloscardovia criceti","1","131567","2","","","201174","","1760","85004","","","31953","","419014","","","","356828","","","",""
"1160091","419014","species","Alloscardovia macacae","1","131567","2","","","201174","","1760","85004","","","31953","","419014","","","","1160091","","","",""
"419015","419014","species","Alloscardovia omnicolens","1","131567","2","","","201174","","1760","85004","","","31953","","419014","","","","419015","","","",""
"33029","165779","species","Anaerococcus hydrogenalis","1","131567","2","","","1239","","186801","186802","","","1570339","","165779","","","","33029","","","",""
"411577","165779","species","Anaerococcus murdochii","1","131567","2","","","1239","","186801","186802","","","1570339","","165779","","","","411577","","","",""
"1287640","165779","species","Anaerococcus obesiensis","1","131567","2","","","1239","","186801","186802","","","1570339","","165779","","","","1287640","","","",""
"54007","165779","species","Anaerococcus octavius","1","131567","2","","","1239","","186801","186802","","","1570339","","165779","","","","54007","","","",""
"33034","165779","species","Anaerococcus prevotii","1","131567","2","","","1239","","186801","186802","","","1570339","","165779","","","","33034","","","",""
"1288120","165779","species","Anaerococcus senegalensis","1","131567","2","","","1239","","186801","186802","","","1570339","","165779","","","","1288120","","","",""
"33036","165779","species","Anaerococcus tetradius","1","131567","2","","","1239","","186801","186802","","","1570339","","165779","","","","33036","","","",""
"33037","165779","species","Anaerococcus vaginalis","1","131567","2","","","1239","","186801","186802","","","1570339","","165779","","","","33037","","","",""
"98671","1663","species","Arthrobacter albus","1","131567","2","","","201174","","1760","85006","","","1268","","1663","","","","98671","","","",""
"156979","1663","species","Arthrobacter cumminsii","1","131567","2","","","201174","","1760","85006","","","1268","","1663","","","","156979","","","",""
"1393034","1380","species","Atopobium deltae","1","131567","2","","","201174","","84998","84999","","","1643824","","1380","","","","1393034","","","",""
"39487","1380","species","Atopobium fossor","1","131567","2","","","201174","","84998","84999","","","1643824","","1380","","","","39487","","","",""
"1381","1380","species","Atopobium minutum","1","131567","2","","","201174","","84998","84999","","","1643824","","1380","","","","1381","","","",""
"1382","1380","species","Atopobium parvulum","1","131567","2","","","201174","","84998","84999","","","1643824","","1380","","","","1382","","","",""
"1383","1380","species","Atopobium rimae","1","131567","2","","","201174","","84998","84999","","","1643824","","1380","","","","1383","","","",""
"82135","1380","species","Atopobium vaginae","1","131567","2","","","201174","","84998","84999","","","1643824","","1380","","","","82135","","","",""
"186802_1","186802","species","BVAB1","1","131567","2","","","1239","","186801","186802","","","","","","","","","186802_1","","","",""
"186802_2","186802","species","BVAB2","1","131567","2","","","1239","","186801","186802","","","","","","","","","186802_2","","","",""
"1396","86661","species","Bacillus cereus","1","131567","2","","","1239","","91061","1385","","","186817","","1386","","86661","","1396","","","",""
"1402","653685","species","Bacillus licheniformis","1","131567","2","","","1239","","91061","1385","","","186817","","1386","","653685","","1402","","","",""
"1404","1386","species","Bacillus megaterium","1","131567","2","","","1239","","91061","1385","","","186817","","1386","","","","1404","","","",""
"1471","1386","species","Bacillus methanolicus","1","131567","2","","","1239","","91061","1385","","","186817","","1386","","","","1471","","","",""
"1408","1386","species","Bacillus pumilus","1","131567","2","","","1239","","91061","1385","","","186817","","1386","","","","1408","","","",""
"1423","653685","species","Bacillus subtilis","1","131567","2","","","1239","","91061","1385","","","186817","","1386","","653685","","1423","","","",""
"357276","816","species","Bacteroides dorei","1","131567","2","","68336","976","","200643","171549","","","815","","816","","","","357276","","","",""
"817","816","species","Bacteroides fragilis","1","131567","2","","68336","976","","200643","171549","","","815","","816","","","","817","","","",""
"310300","816","species","Bacteroides pyogenes","1","131567","2","","68336","976","","200643","171549","","","815","","816","","","","310300","","","",""
"691816","816","species","Bacteroides rodentium","1","131567","2","","68336","976","","200643","171549","","","815","","816","","","","691816","","","",""
"376805","816","species","Bacteroides salanitronis","1","131567","2","","68336","976","","200643","171549","","","815","","816","","","","376805","","","",""
"818","816","species","Bacteroides thetaiotaomicron","1","131567","2","","68336","976","","200643","171549","","","815","","816","","","","818","","","",""
"487174","397864","species","Barnesiella intestinihominis","1","131567","2","","68336","976","","200643","171549","","","171551","","397864","","","","487174","","","",""
"397865","397864","species","Barnesiella viscericola","1","131567","2","","68336","976","","200643","171549","","","171551","","397864","","","","397865","","","",""
"1585976","59735","species","Bergeyella cardium","1","131567","2","","68336","976","","117743","200644","","","49546","","59735","","","","1585976","","","",""
"1015","59735","species","Bergeyella zoohelcum","1","131567","2","","68336","976","","117743","200644","","","49546","","59735","","","","1015","","","",""
"1681","1678","species","Bifidobacterium bifidum","1","131567","2","","","201174","","1760","85004","","","31953","","1678","","","","1681","","","",""
"1685","1678","species","Bifidobacterium breve","1","131567","2","","","201174","","1760","85004","","","31953","","1678","","","","1685","","","",""
"1689","1678","species","Bifidobacterium dentium","1","131567","2","","","201174","","1760","85004","","","31953","","1678","","","","1689","","","",""
"158787","1678","species","Bifidobacterium scardovii","1","131567","2","","","201174","","1760","85004","","","31953","","1678","","","","158787","","","",""
"53443","572511","species","Blautia hydrogenotrophica","1","131567","2","","","1239","","186801","186802","","","186803","","572511","","","","53443","","","",""
"89014","572511","species","Blautia luti","1","131567","2","","","1239","","186801","186802","","","186803","","572511","","","","89014","","","",""
"40520","572511","species","Blautia obeum","1","131567","2","","","1239","","186801","186802","","","186803","","572511","","","","40520","","","",""
"33035","572511","species","Blautia producta","1","131567","2","","","1239","","186801","186802","","","186803","","572511","","","","33035","","","",""
"576927","1696","species","Brevibacterium massiliense","1","131567","2","","","201174","","1760","85006","","","85019","","1696","","","","576927","","","",""
"479117","1696","species","Brevibacterium ravenspurgense","1","131567","2","","","201174","","1760","85006","","","85019","","1696","","","","479117","","","",""
"199","194","species","Campylobacter concisus","1","131567","2","","","1224","68525","29547","213849","","","72294","","194","","","","199","","","",""
"119231","194","species","Campylobacter faecalis","1","131567","2","","","1224","68525","29547","213849","","","72294","","194","","","","119231","","","",""
"196","194","species","Campylobacter fetus","1","131567","2","","","1224","68525","29547","213849","","","72294","","194","","","","196","","","",""
"197","194","species","Campylobacter jejuni","1","131567","2","","","1224","68525","29547","213849","","","72294","","194","","","","197","","","",""
"204","194","species","Campylobacter showae","1","131567","2","","","1224","68525","29547","213849","","","72294","","194","","","","204","","","",""
"206","194","species","Campylobacter sputorum","1","131567","2","","","1224","68525","29547","213849","","","72294","","194","","","","206","","","",""
"95818_1","95818","species","Candidate Division TM7 vaginal","1","131567","2","2323","","95818","","","","","","","","","","","","95818_1","","","",""
"209446","2093","species","Candidatus Mycoplasma haemominutum","1","131567","2","","","544448","","31969","2085","","","2092","","2093","","","","209446","","","",""
"1457141","810","species","Chlamydia avium","1","131567","2","","51290","204428","","204429","51291","","","809","1113537","810","","","","1457141","","","",""
"83560","810","species","Chlamydia muridarum","1","131567","2","","51290","204428","","204429","51291","","","809","1113537","810","","","","83560","","","",""
"85991","810","species","Chlamydia pecorum","1","131567","2","","51290","204428","","204429","51291","","","809","1113537","810","","","","85991","","","",""
"83558","810","species","Chlamydia pneumoniae","1","131567","2","","51290","204428","","204429","51291","","","809","1113537","810","","","","83558","","","",""
"83554","810","species","Chlamydia psittaci","1","131567","2","","51290","204428","","204429","51291","","","809","1113537","810","","","","83554","","","",""
"813","810","species","Chlamydia trachomatis","1","131567","2","","51290","204428","","204429","51291","","","809","1113537","810","","","","813","","","",""
"57706","1344959","species","Citrobacter braakii","1","131567","2","","","1224","","1236","91347","","","543","","544","1344959","","","57706","","","",""
"67824","544","species","Citrobacter farmeri","1","131567","2","","","1224","","1236","91347","","","543","","544","","","","67824","","","",""
"546","1344959","species","Citrobacter freundii","1","131567","2","","","1224","","1236","91347","","","543","","544","1344959","","","546","","","",""
"545","544","species","Citrobacter koseri","1","131567","2","","","1224","","1236","91347","","","543","","544","","","","545","","","",""
"67829","1344959","species","Citrobacter murliniae","1","131567","2","","","1224","","1236","91347","","","543","","544","1344959","","","67829","","","",""
"67825","544","species","Citrobacter rodentium","1","131567","2","","","1224","","1236","91347","","","543","","544","","","","67825","","","",""
"43765","1716","species","Corynebacterium amycolatum","1","131567","2","","","201174","","1760","85007","","","1653","","1716","","","","43765","","","",""
"163202","1716","species","Corynebacterium appendicis","1","131567","2","","","201174","","1760","85007","","","1653","","1716","","","","163202","","","",""
"156978","1716","species","Corynebacterium imitans","1","131567","2","","","201174","","1760","85007","","","1653","","1716","","","","156978","","","",""
"57171","1716","species","Corynebacterium mucifaciens","1","131567","2","","","201174","","1760","85007","","","1653","","1716","","","","57171","","","",""
"1288393","1716","species","Corynebacterium pilbarense","1","131567","2","","","201174","","1760","85007","","","1653","","1716","","","","1288393","","","",""
"37637","1716","species","Corynebacterium pseudodiphtheriticum","1","131567","2","","","201174","","1760","85007","","","1653","","1716","","","","37637","","","",""
"598660","1716","species","Corynebacterium pyruviciproducens","1","131567","2","","","201174","","1760","85007","","","1653","","1716","","","","598660","","","",""
"156976","1716","species","Corynebacterium riegelii","1","131567","2","","","201174","","1760","85007","","","1653","","1716","","","","156976","","","",""
"161902","1716","species","Corynebacterium sundsvallense","1","131567","2","","","201174","","1760","85007","","","1653","","1716","","","","161902","","","",""
"441500","1716","species","Corynebacterium timonense","1","131567","2","","","201174","","1760","85007","","","1653","","1716","","","","441500","","","",""
"38304","1716","species","Corynebacterium tuberculostearicum","1","131567","2","","","201174","","1760","85007","","","1653","","1716","","","","38304","","","",""
"401472","1716","species","Corynebacterium ureicelerivorans","1","131567","2","","","201174","","1760","85007","","","1653","","1716","","","","401472","","","",""
"309120","39948","species","Dialister micraerophilus","1","131567","2","","","1239","","909932","909929","","","31977","","39948","","","","309120","","","",""
"308994","39948","species","Dialister propionicifaciens","1","131567","2","","","1239","","909932","909929","","","31977","","39948","","","","308994","","","",""
"39948_2","39948","species","Dialister sp. type 2","1","131567","2","","","1239","","909932","909929","","","31977","","39948","","","","39948_2","","","",""
"498199","37914","species","Dietzia cercidiphylli","1","131567","2","","","201174","","1760","85007","","","85029","","37914","","","","498199","","","",""
"321318","37914","species","Dietzia cinnamea","1","131567","2","","","201174","","1760","85007","","","85029","","37914","","","","321318","","","",""
"37915","37914","species","Dietzia maris","1","131567","2","","","201174","","1760","85007","","","85029","","37914","","","","37915","","","",""
"139021","37914","species","Dietzia psychralcaliphila","1","131567","2","","","201174","","1760","85007","","","85029","","37914","","","","139021","","","",""
"498198","37914","species","Dietzia schimae","1","131567","2","","","201174","","1760","85007","","","85029","","37914","","","","498198","","","",""
"499555","37914","species","Dietzia timorensis","1","131567","2","","","201174","","1760","85007","","","85029","","37914","","","","499555","","","",""
"84112","84111","species","Eggerthella lenta","1","131567","2","","","201174","","84998","1643822","","","1643826","","84111","","","","84112","","","",""
"242230","84111","species","Eggerthella sinensis","1","131567","2","","","201174","","84998","1643822","","","1643826","","84111","","","","242230","","","",""
"84111_1","84111","species","Eggerthella sp. type 1","1","131567","2","","","201174","","84998","1643822","","","1643826","","84111","","","","84111_1","","","",""
"37734","1350","species","Enterococcus casseliflavus","1","131567","2","","","1239","","91061","186826","","","81852","","1350","","","","37734","","","",""
"53345","1350","species","Enterococcus durans","1","131567","2","","","1239","","91061","186826","","","81852","","1350","","","","53345","","","",""
"1351","1350","species","Enterococcus faecalis","1","131567","2","","","1239","","91061","186826","","","81852","","1350","","","","1351","","","",""
"1352","1350","species","Enterococcus faecium","1","131567","2","","","1239","","91061","186826","","","81852","","1350","","","","1352","","","",""
"246144","1350","species","Enterococcus italicus","1","131567","2","","","1239","","91061","186826","","","81852","","1350","","","","246144","","","",""
"208962","561","species","Escherichia albertii","1","131567","2","","","1224","","1236","91347","","","543","","561","","","","208962","","","",""
"562","561","species","Escherichia coli","1","131567","2","","","1224","","1236","91347","","","543","","561","","","","562","","","",""
"564","561","species","Escherichia fergusonii","1","131567","2","","","1224","","1236","91347","","","543","","561","","","","564","","","",""
"565","561","species","Escherichia hermannii","1","131567","2","","","1224","","1236","91347","","","543","","561","","","","565","","","",""
"39491","1730","species","Eubacterium rectale","1","131567","2","","","1239","","186801","186802","","","186806","","1730","","","","39491","","","",""
"178214","66831","species","Facklamia hominis","1","131567","2","","","1239","","91061","186826","","","186827","","66831","","","","178214","","","",""
"137730","66831","species","Facklamia ignava","1","131567","2","","","1239","","91061","186826","","","186827","","66831","","","","137730","","","",""
"82347","66831","species","Facklamia languida","1","131567","2","","","1239","","91061","186826","","","186827","","66831","","","","82347","","","",""
"120956","66831","species","Facklamia miroungae","1","131567","2","","","1239","","91061","186826","","","186827","","66831","","","","120956","","","",""
"87650","66831","species","Facklamia sourekii","1","131567","2","","","1239","","91061","186826","","","186827","","66831","","","","87650","","","",""
"87458","66831","species","Facklamia tabacinasalis","1","131567","2","","","1239","","91061","186826","","","186827","","66831","","","","87458","","","",""
"853","216851","species","Faecalibacterium prausnitzii","1","131567","2","","","1239","","186801","186802","","","541000","","216851","","","","853","","","",""
"236753","236752","species","Fastidiosipila sanguinis","1","131567","2","","","1239","","186801","186802","","","541000","","236752","","","","236753","","","",""
"1260","150022","species","Finegoldia magna","1","131567","2","","","1239","","186801","186802","","","1570339","","150022","","","","1260","","","",""
"134605","848","species","Fusobacterium equinum","1","131567","2","","","32066","","203490","203491","","","203492","","848","","","","134605","","","",""
"849","848","species","Fusobacterium gonidiaformans","1","131567","2","","","32066","","203490","203491","","","203492","","848","","","","849","","","",""
"851","848","species","Fusobacterium nucleatum","1","131567","2","","","32066","","203490","203491","","","203492","","848","","","","851","","","",""
"2702","2701","species","Gardnerella vaginalis","1","131567","2","","","201174","","1760","85004","","","31953","","2701","","","","2702","","","",""
"502393","1378","species","Gemella asaccharolytica","1","131567","2","","","1239","","91061","1385","539002","539738","","","1378","","","","502393","","","",""
"84136","1378","species","Gemella bergeri","1","131567","2","","","1239","","91061","1385","539002","539738","","","1378","","","","84136","","","",""
"1379","1378","species","Gemella haemolysans","1","131567","2","","","1239","","91061","1385","539002","539738","","","1378","","","","1379","","","",""
"29391","1378","species","Gemella morbillorum","1","131567","2","","","1239","","91061","1385","539002","539738","","","1378","","","","29391","","","",""
"81950","1378","species","Gemella palaticanis","1","131567","2","","","1239","","91061","1385","539002","539738","","","1378","","","","81950","","","",""
"84135","1378","species","Gemella sanguinis","1","131567","2","","","1239","","91061","1385","539002","539738","","","1378","","","","84135","","","",""
"13076","13075","species","Globicatella sanguinis","1","131567","2","","","1239","","91061","186826","","","186827","","13075","","","","13076","","","",""
"136093","13075","species","Globicatella sulfidifaciens","1","131567","2","","","1239","","91061","186826","","","186827","","13075","","","","136093","","","",""
"46124","117563","species","Granulicatella adiacens","1","131567","2","","","1239","","91061","186826","","","186828","","117563","","","","46124","","","",""
"137733","117563","species","Granulicatella balaenopterae","1","131567","2","","","1239","","91061","186826","","","186828","","117563","","","","137733","","","",""
"137732","117563","species","Granulicatella elegans","1","131567","2","","","1239","","91061","186826","","","186828","","117563","","","","137732","","","",""
"321195","117563","species","Granulicatella para-adiacens","1","131567","2","","","1239","","91061","186826","","","186828","","117563","","","","321195","","","",""
"726","724","species","Haemophilus haemolyticus","1","131567","2","","","1224","","1236","135625","","","712","","724","","","","726","","","",""
"727","724","species","Haemophilus influenzae","1","131567","2","","","1224","","1236","135625","","","712","","724","","","","727","","","",""
"729","724","species","Haemophilus parainfluenzae","1","131567","2","","","1224","","1236","135625","","","712","","724","","","","729","","","",""
"40091","31983","species","Helcococcus kunzii","1","131567","2","","","1239","","186801","186802","","","1570339","","31983","","","","40091","","","",""
"72026","31983","species","Helcococcus ovis","1","131567","2","","","1239","","186801","186802","","","1570339","","31983","","","","72026","","","",""
"1441821","31983","species","Helcococcus seattlensis","1","131567","2","","","1239","","186801","186802","","","1570339","","31983","","","","1441821","","","",""
"241555","31983","species","Helcococcus sueciensis","1","131567","2","","","1239","","186801","186802","","","1570339","","31983","","","","241555","","","",""
"404403","404402","species","Howardella ureilytica","1","131567","2","","","1239","","186801","186802","186813","","","","404402","","","","404403","","","",""
"1472764","1472763","species","Kallipyga massiliensis","1","131567","2","","","1239","","186801","186802","538999","","543310","","1472763","","","","1472764","","","",""
"573","570","species","Klebsiella pneumoniae","1","131567","2","","","1224","","1236","91347","","","543","","570","","","","573","","","",""
"244366","570","species","Klebsiella variicola","1","131567","2","","","1224","","1236","91347","","","543","","570","","","","244366","","","",""
"1579","1578","species","Lactobacillus acidophilus","1","131567","2","","","1239","","91061","186826","","","33958","","1578","","","","1579","","","",""
"47770","1578","species","Lactobacillus crispatus","1","131567","2","","","1239","","91061","186826","","","33958","","1578","","","","47770","","","",""
"88164","1578","species","Lactobacillus fornicalis","1","131567","2","","","1239","","91061","186826","","","33958","","1578","","","","88164","","","",""
"52242","1578","species","Lactobacillus gallinarum","1","131567","2","","","1239","","91061","186826","","","33958","","1578","","","","52242","","","",""
"1596","1578","species","Lactobacillus gasseri","1","131567","2","","","1239","","91061","186826","","","33958","","1578","","","","1596","","","",""
"1587","1578","species","Lactobacillus helveticus","1","131567","2","","","1239","","91061","186826","","","33958","","1578","","","","1587","","","",""
"147802","1578","species","Lactobacillus iners","1","131567","2","","","1239","","91061","186826","","","33958","","1578","","","","147802","","","",""
"109790","1578","species","Lactobacillus jensenii","1","131567","2","","","1239","","91061","186826","","","33958","","1578","","","","109790","","","",""
"33959","1578","species","Lactobacillus johnsonii","1","131567","2","","","1239","","91061","186826","","","33958","","1578","","","","33959","","","",""
"1598","1578","species","Lactobacillus reuteri","1","131567","2","","","1239","","91061","186826","","","33958","","1578","","","","1598","","","",""
"47715","1578","species","Lactobacillus rhamnosus","1","131567","2","","","1239","","91061","186826","","","33958","","1578","","","","47715","","","",""
"884684","1637257","species","Mageeibacillus indolicus","1","131567","2","","","1239","","186801","186802","","","541000","","1637257","","","","884684","","","",""
"906_1","906","species","Megasphaera sp. type 1","1","131567","2","","","1239","","909932","909929","","","31977","","906","","","","906_1","","","",""
"906_2","906","species","Megasphaera sp. type 2","1","131567","2","","","1239","","909932","909929","","","31977","","906","","","","906_2","","","",""
"2051","2050","species","Mobiluncus curtisii","1","131567","2","","","201174","","1760","2037","","","2049","","2050","","","","2051","","","",""
"2052","2050","species","Mobiluncus mulieris","1","131567","2","","","201174","","1760","2037","","","2049","","2050","","","","2052","","","",""
"92400","2093","species","Mycoplasma anseris","1","131567","2","","","544448","","31969","2085","","","2092","","2093","","","","92400","","","",""
"28903","2093","species","Mycoplasma bovis","1","131567","2","","","544448","","31969","2085","","","2092","","2093","","","","28903","","","",""
"136241","2093","species","Mycoplasma haemocanis","1","131567","2","","","544448","","31969","2085","","","2092","","2093","","","","136241","","","",""
"2098","2093","species","Mycoplasma hominis","1","131567","2","","","544448","","31969","2085","","","2092","","2093","","","","2098","","","",""
"2105","656088","species","Mycoplasma leachii","1","131567","2","","","544448","","31969","2085","","","2092","","2093","","656088","","2105","","","",""
"484","482","species","Neisseria flavescens","1","131567","2","","","1224","","28216","206351","","","481","","482","","","","484","","","",""
"485","482","species","Neisseria gonorrhoeae","1","131567","2","","","1224","","28216","206351","","","481","","482","","","","485","","","",""
"496","482","species","Neisseria macacae","1","131567","2","","","1224","","28216","206351","","","481","","482","","","","496","","","",""
"487","482","species","Neisseria meningitidis","1","131567","2","","","1224","","28216","206351","","","481","","482","","","","487","","","",""
"607712","482","species","Neisseria shayeganii","1","131567","2","","","1224","","28216","206351","","","481","","482","","","","607712","","","",""
"489910","489909","species","Nosocomiicoccus ampullae","1","131567","2","","","1239","","91061","1385","","","90964","","489909","","","","489910","","","",""
"90244","90243","species","Oligella ureolytica","1","131567","2","","","1224","","28216","80840","","","506","","90243","","","","90244","","","",""
"90245","90243","species","Oligella urethralis","1","131567","2","","","1224","","28216","80840","","","506","","90243","","","","90245","","","",""
"1263547","459786","species","Oscillibacter ruminantium","1","131567","2","","","1239","","186801","186802","","","216572","","459786","","","","1263547","","","",""
"351091","459786","species","Oscillibacter valericigenes","1","131567","2","","","1239","","186801","186802","","","216572","","459786","","","","351091","","","",""
"33033","543311","species","Parvimonas micra","1","131567","2","","","1239","","186801","186802","","","1570339","","543311","","","","33033","","","",""
"2741","2740","species","Peptococcus niger","1","131567","2","","","1239","","186801","186802","","","186807","","2740","","","","2741","","","",""
"507750","162289","species","Peptoniphilus duerdenii","1","131567","2","","","1239","","186801","186802","","","1570339","","162289","","","","507750","","","",""
"1465756","162289","species","Peptoniphilus grossensis","1","131567","2","","","1239","","186801","186802","","","1570339","","162289","","","","1465756","","","",""
"54005","162289","species","Peptoniphilus harei","1","131567","2","","","1239","","186801","186802","","","1570339","","162289","","","","54005","","","",""
"507751","162289","species","Peptoniphilus koenoeneniae","1","131567","2","","","1239","","186801","186802","","","1570339","","162289","","","","507751","","","",""
"1261","1257","species","Peptostreptococcus anaerobius","1","131567","2","","","1239","","186801","186802","","","186804","","1257","","","","1261","","","",""
"341694","1257","species","Peptostreptococcus stomatis","1","131567","2","","","1239","","186801","186802","","","186804","","1257","","","","341694","","","",""
"28123","836","species","Porphyromonas asaccharolytica","1","131567","2","","68336","976","","200643","171549","","","171551","","836","","","","28123","","","",""
"501496","836","species","Porphyromonas bennonis","1","131567","2","","68336","976","","200643","171549","","","171551","","836","","","","501496","","","",""
"41976","836","species","Porphyromonas catoniae","1","131567","2","","68336","976","","200643","171549","","","171551","","836","","","","41976","","","",""
"29524","836","species","Porphyromonas circumdentaria","1","131567","2","","68336","976","","200643","171549","","","171551","","836","","","","29524","","","",""
"28124","836","species","Porphyromonas endodontalis","1","131567","2","","68336","976","","200643","171549","","","171551","","836","","","","28124","","","",""
"322095","836","species","Porphyromonas somerae","1","131567","2","","68336","976","","200643","171549","","","171551","","836","","","","322095","","","",""
"2_1","836","species","Porphyromonas sp. type 1","1","131567","2","","68336","976","","200643","171549","","","171551","","836","","","","2_1","","","",""
"281920","836","species","Porphyromonas uenonis","1","131567","2","","68336","976","","200643","171549","","","171551","","836","","","","281920","","","",""
"419005","838","species","Prevotella amnii","1","131567","2","","68336","976","","200643","171549","","","171552","","838","","","","419005","","","",""
"28125","838","species","Prevotella bivia","1","131567","2","","68336","976","","200643","171549","","","171552","","838","","","","28125","","","",""
"28127","838","species","Prevotella buccalis","1","131567","2","","68336","976","","200643","171549","","","171552","","838","","","","28127","","","",""
"28128","838","species","Prevotella corporis","1","131567","2","","68336","976","","200643","171549","","","171552","","838","","","","28128","","","",""
"28130","838","species","Prevotella disiens","1","131567","2","","68336","976","","200643","171549","","","171552","","838","","","","28130","","","",""
"838_3","838","species","Prevotella genogroup 3","1","131567","2","","68336","976","","200643","171549","","","171552","","838","","","","838_3","","","",""
"838_4","838","species","Prevotella genogroup 4","1","131567","2","","68336","976","","200643","171549","","","171552","","838","","","","838_4","","","",""
"838_5","838","species","Prevotella genogroup 5","1","131567","2","","68336","976","","200643","171549","","","171552","","838","","","","838_5","","","",""
"838_7","838","species","Prevotella genogroup 7","1","131567","2","","68336","976","","200643","171549","","","171552","","838","","","","838_7","","","",""
"470565","838","species","Prevotella histicola","1","131567","2","","68336","976","","200643","171549","","","171552","","838","","","","470565","","","",""
"28132","838","species","Prevotella melaninogenica","1","131567","2","","68336","976","","200643","171549","","","171552","","838","","","","28132","","","",""
"386414","838","species","Prevotella timonensis","1","131567","2","","68336","976","","200643","171549","","","171552","","838","","","","386414","","","",""
"183417","583","species","Proteus hauseri","1","131567","2","","","1224","","1236","91347","","","543","","583","","","","183417","","","",""
"584","583","species","Proteus mirabilis","1","131567","2","","","1224","","1236","91347","","","543","","583","","","","584","","","",""
"102862","583","species","Proteus penneri","1","131567","2","","","1224","","1236","91347","","","543","","583","","","","102862","","","",""
"585","583","species","Proteus vulgaris","1","131567","2","","","1224","","1236","91347","","","543","","583","","","","585","","","",""
"287","136841","species","Pseudomonas aeruginosa","1","131567","2","","","1224","","1236","72274","","","135621","","286","","136841","","287","","","",""
"86840","136849","species","Pseudomonas cannabina","1","131567","2","","","1224","","1236","72274","","","135621","","286","","136849","","86840","","","",""
"200451","136843","species","Pseudomonas poae","1","131567","2","","","1224","","1236","72274","","","135621","","286","","136843","","200451","","","",""
"303","136845","species","Pseudomonas putida","1","131567","2","","","1224","","1236","72274","","","135621","","286","","136845","","303","","","",""
"216142","286","species","Pseudomonas rhizosphaerae","1","131567","2","","","1224","","1236","72274","","","135621","","286","","","","216142","","","",""
"316","578833","species","Pseudomonas stutzeri","1","131567","2","","","1224","","1236","72274","","","135621","","286","","136846","578833","316","","","",""
"40543","168808","species","Sneathia sanguinegens","1","131567","2","","","32066","","203490","203491","","","1129771","","168808","","","","40543","","","",""
"56193","165695","species","Sphingobium chungbukense","1","131567","2","","","1224","","28211","204457","","","41297","","165695","","","","56193","","","",""
"120107","165695","species","Sphingobium cloacae","1","131567","2","","","1224","","28211","204457","","","41297","","165695","","","","120107","","","",""
"336203","165695","species","Sphingobium fuliginis","1","131567","2","","","1224","","28211","204457","","","41297","","165695","","","","336203","","","",""
"440518","165695","species","Sphingobium lucknowense","1","131567","2","","","1224","","28211","204457","","","41297","","165695","","","","440518","","","",""
"121428","165695","species","Sphingobium xenophagum","1","131567","2","","","1224","","28211","204457","","","41297","","165695","","","","121428","","","",""
"13690","165695","species","Sphingobium yanoikuyae","1","131567","2","","","1224","","28211","204457","","","41297","","165695","","","","13690","","","",""
"1282","1279","species","Staphylococcus epidermidis","1","131567","2","","","1239","","91061","1385","","","90964","","1279","","","","1282","","","",""
"1290","1279","species","Staphylococcus hominis","1","131567","2","","","1239","","91061","1385","","","90964","","1279","","","","1290","","","",""
"45972","1279","species","Staphylococcus pasteuri","1","131567","2","","","1239","","91061","1385","","","90964","","1279","","","","45972","","","",""
"1292","1279","species","Staphylococcus warneri","1","131567","2","","","1239","","91061","1385","","","90964","","1279","","","","1292","","","",""
"128780","40323","species","Stenotrophomonas acidaminiphila","1","131567","2","","","1224","","1236","135614","","","32033","","40323","","","","128780","","","",""
"517011","40323","species","Stenotrophomonas chelatiphaga","1","131567","2","","","1224","","1236","135614","","","32033","","40323","","","","517011","","","",""
"40324","995085","species","Stenotrophomonas maltophilia","1","131567","2","","","1224","","1236","135614","","","32033","","40323","995085","","","40324","","","",""
"83617","40323","species","Stenotrophomonas nitritireducens","1","131567","2","","","1224","","1236","135614","","","32033","","40323","","","","83617","","","",""
"216778","40323","species","Stenotrophomonas rhizophila","1","131567","2","","","1224","","1236","135614","","","32033","","40323","","","","216778","","","",""
"1384509","34104","species","Streptobacillus felis","1","131567","2","","","32066","","203490","203491","","","1129771","","34104","","","","1384509","","","",""
"1162717","34104","species","Streptobacillus hongkongensis","1","131567","2","","","32066","","203490","203491","","","1129771","","34104","","","","1162717","","","",""
"34105","34104","species","Streptobacillus moniliformis","1","131567","2","","","32066","","203490","203491","","","1129771","","34104","","","","34105","","","",""
"1311","1301","species","Streptococcus agalactiae","1","131567","2","","","1239","","91061","186826","","","1300","","1301","","","","1311","","","",""
"1328","671232","species","Streptococcus anginosus","1","131567","2","","","1239","","91061","186826","","","1300","","1301","","671232","","1328","","","",""
"1334","119603","species","Streptococcus dysgalactiae","1","131567","2","","","1239","","91061","186826","","","1300","","1301","","119603","","1334","","","",""
"315405","1301","species","Streptococcus gallolyticus","1","131567","2","","","1239","","91061","186826","","","1300","","1301","","","","315405","","","",""
"1338","671232","species","Streptococcus intermedius","1","131567","2","","","1239","","91061","186826","","","1300","","1301","","671232","","1338","","","",""
"59310","1301","species","Streptococcus macedonicus","1","131567","2","","","1239","","91061","186826","","","1300","","1301","","","","59310","","","",""
"28037","1301","species","Streptococcus mitis","1","131567","2","","","1239","","91061","186826","","","1300","","1301","","","","28037","","","",""
"1303","1301","species","Streptococcus oralis","1","131567","2","","","1239","","91061","186826","","","1300","","1301","","","","1303","","","",""
"1318","1301","species","Streptococcus parasanguinis","1","131567","2","","","1239","","91061","186826","","","1300","","1301","","","","1318","","","",""
"197614","1301","species","Streptococcus pasteurianus","1","131567","2","","","1239","","91061","186826","","","1300","","1301","","","","197614","","","",""
"1313","1301","species","Streptococcus pneumoniae","1","131567","2","","","1239","","91061","186826","","","1300","","1301","","","","1313","","","",""
"285106","285105","species","Tepidimicrobium ferriphilum","1","131567","2","","","1239","","186801","186802","","","31979","","285105","","","","285106","","","",""
"1123352","285105","species","Tepidimicrobium xylanilyticum","1","131567","2","","","1239","","186801","186802","","","31979","","285105","","","","1123352","","","",""
"217202","217201","species","Terrahaemophilus aromaticivorans","1","131567","2","","","1224","","1236","135625","","","712","","217201","","","","217202","","","",""
"1157490","432330","species","Tumebacillus flagellatus","1","131567","2","","","1239","","91061","1385","","","186823","","432330","","","","1157490","","","",""
"363888","432330","species","Tumebacillus ginsengisoli","1","131567","2","","","1239","","91061","1385","","","186823","","432330","","","","363888","","","",""
"378543","432330","species","Tumebacillus permanentifrigoris","1","131567","2","","","1239","","91061","1385","","","186823","","432330","","","","378543","","","",""
"184870","184869","species","Varibaculum cambriense","1","131567","2","","","201174","","1760","2037","","","2049","","184869","","","","184870","","","",""
"39777","29465","species","Veillonella atypica","1","131567","2","","","1239","","909932","909929","","","31977","","29465","","","","39777","","","",""
"464322","29465","species","Veillonella magna","1","131567","2","","","1239","","909932","909929","","","31977","","29465","","","","464322","","","",""
"187328","29465","species","Veillonella montpellierensis","1","131567","2","","","1239","","909932","909929","","","31977","","29465","","","","187328","","","",""
"29466","29465","species","Veillonella parvula","1","131567","2","","","1239","","909932","909929","","","31977","","29465","","","","29466","","","",""
"103892","29465","species","Veillonella ratti","1","131567","2","","","1239","","909932","909929","","","31977","","29465","","","","103892","","","",""
"423477","29465","species","Veillonella rogosae","1","131567","2","","","1239","","909932","909929","","","31977","","29465","","","","423477","","","",""
"46507","543310","species","[Bacteroides] coagulans","1","131567","2","","","1239","","186801","186802","538999","","543310","","","","","","46507","","","",""
"29322","1730","species","[Eubacterium] cellulosolvens","1","131567","2","","","1239","","186801","186802","","","186806","","1730","","","","29322","","","",""
"738","724","species","[Haemophilus] parasuis","1","131567","2","","","1224","","1236","135625","","","712","","724","","","","738","","","",""
"187101","168808","species","[Leptotrichia] amnionii","1","131567","2","","","32066","","203490","203491","","","1129771","","168808","","","","187101","","","",""
"86189","995085","species","[Pseudomonas] hibiscicola","1","131567","2","","","1224","","1236","135614","","","32033","","40323","995085","","","86189","","","",""
"33038","572511","species","[Ruminococcus] gnavus","1","131567","2","","","1239","","186801","186802","","","186803","","572511","","","","33038","","","",""
"33039","572511","species","[Ruminococcus] torques","1","131567","2","","","1239","","186801","186802","","","186803","","572511","","","","33039","","","",""
"903900","40216","below_species","Acinetobacter radioresistens WC-A-157","1","131567","2","","","1224","","1236","72274","","","468","","469","","","","40216","903900","","",""
"1118056","1287640","below_species","Anaerococcus obesiensis ph10","1","131567","2","","","1239","","186801","186802","","","1570339","","165779","","","","1287640","1118056","","",""
"525919","33034","below_species","Anaerococcus prevotii DSM 20548","1","131567","2","","","1239","","186801","186802","","","1570339","","165779","","","","33034","525919","","",""
"1033733","1288120","below_species","Anaerococcus senegalensis JC48","1","131567","2","","","1239","","186801","186802","","","1570339","","165779","","","","1288120","1033733","","",""
"655811","33037","below_species","Anaerococcus vaginalis ATCC 51170","1","131567","2","","","1239","","186801","186802","","","1570339","","165779","","","","33037","655811","","",""
"667015","376805","below_species","Bacteroides salanitronis DSM 18170","1","131567","2","","68336","976","","200643","171549","","","815","","816","","","","376805","667015","","",""
"226186","818","below_species","Bacteroides thetaiotaomicron VPI-5482","1","131567","2","","68336","976","","200643","171549","","","815","","816","","","","818","226186","","",""
"880074","397865","below_species","Barnesiella viscericola DSM 18177","1","131567","2","","68336","976","","200643","171549","","","171551","","397864","","","","397865","880074","","",""
"883062","1681","below_species","Bifidobacterium bifidum S17","1","131567","2","","","201174","","1760","85004","","","31953","","1678","","","","1681","883062","","",""
"1385942","1685","below_species","Bifidobacterium breve 689b","1","131567","2","","","201174","","1760","85004","","","31953","","1678","","","","1685","1385942","","",""
"1385939","1685","below_species","Bifidobacterium breve JCM 7017","1","131567","2","","","201174","","1760","85004","","","31953","","1678","","","","1685","1385939","","",""
"1385940","1685","below_species","Bifidobacterium breve JCM 7019","1","131567","2","","","201174","","1760","85004","","","31953","","1678","","","","1685","1385940","","",""
"1150423","1689","below_species","Bifidobacterium dentium JCM 1195 = DSM 20436","1","131567","2","","","201174","","1760","85004","","","31953","","1678","","","","1689","1150423","","",""
"1150461","158787","below_species","Bifidobacterium scardovii JCM 12489 = DSM 13734","1","131567","2","","","201174","","1760","85004","","","31953","","1678","","","","158787","1150461","","",""
"649762","89014","below_species","Blautia luti DSM 14534","1","131567","2","","","1239","","186801","186802","","","186803","","572511","","","","89014","649762","","",""
"1121114","33035","below_species","Blautia producta ATCC 27340 = DSM 2950","1","131567","2","","","1239","","186801","186802","","","186803","","572511","","","","33035","1121114","","",""
"360104","199","below_species","Campylobacter concisus 13826","1","131567","2","","","1224","68525","29547","213849","","","72294","","194","","","","199","360104","","",""
"1453987","83560","below_species","Chlamydia muridarum str. Nigg 2","1","131567","2","","51290","204428","","204429","51291","","","809","1113537","810","","","","83560","1453987","","",""
"1234369","85991","below_species","Chlamydia pecorum P787","1","131567","2","","51290","204428","","204429","51291","","","809","1113537","810","","","","85991","1234369","","",""
"1112252","83554","below_species","Chlamydia psittaci 01DC11","1","131567","2","","51290","204428","","204429","51291","","","809","1113537","810","","","","83554","1112252","","",""
"1260223","813","below_species","Chlamydia trachomatis IU888","1","131567","2","","51290","204428","","204429","51291","","","809","1113537","810","","","","813","1260223","","",""
"1071768","813","below_species","Chlamydia trachomatis K/SotonK1","1","131567","2","","51290","204428","","204429","51291","","","809","1113537","810","","","","813","1071768","","",""
"637910","67825","below_species","Citrobacter rodentium ICC168","1","131567","2","","","1224","","1236","91347","","","543","","544","","","","67825","637910","","",""
"630407","1288393","below_species","Corynebacterium pilbarense DSM 45350","1","131567","2","","","201174","","1760","85007","","","1653","","1716","","","","1288393","630407","","",""
"479437","84112","below_species","Eggerthella lenta DSM 2243","1","131567","2","","","201174","","84998","1643822","","","1643826","","84111","","","","84112","479437","","",""
"1344042","1352","below_species","Enterococcus faecium T110","1","131567","2","","","1239","","91061","186826","","","81852","","1350","","","","1352","1344042","","",""
"1440052","208962","below_species","Escherichia albertii KF1","1","131567","2","","","1224","","1236","91347","","","543","","561","","","","208962","1440052","","",""
"515619","39491","below_species","Eubacterium rectale ATCC 33656","1","131567","2","","","1239","","186801","186802","","","186806","","1730","","","","39491","515619","","",""
"525282","1260","below_species","Finegoldia magna ATCC 53516","1","131567","2","","","1239","","186801","186802","","","1570339","","150022","","","","1260","525282","","",""
"585528","2702","below_species","Gardnerella vaginalis ATCC 14018 = JCM 11026","1","131567","2","","","201174","","1760","85004","","","31953","","2701","","","","2702","585528","","",""
"862965","729","below_species","Haemophilus parainfluenzae T3T1","1","131567","2","","","1224","","1236","135625","","","712","","724","","","","729","862965","","",""
"507522","573","below_species","Klebsiella pneumoniae 342","1","131567","2","","","1224","","1236","91347","","","543","","570","","","","573","507522","","",""
"748671","47770","below_species","Lactobacillus crispatus ST1","1","131567","2","","","1239","","91061","186826","","","33958","","1578","","","","47770","748671","","",""
"880633","1587","below_species","Lactobacillus helveticus R0052","1","131567","2","","","1239","","91061","186826","","","33958","","1578","","","","1587","880633","","",""
"525329","109790","below_species","Lactobacillus jensenii JV-V16","1","131567","2","","","1239","","91061","186826","","","33958","","1578","","","","109790","525329","","",""
"491077","1598","below_species","Lactobacillus reuteri SD2112","1","131567","2","","","1239","","91061","186826","","","33958","","1578","","","","1598","491077","","",""
"1316933","47715","below_species","Lactobacillus rhamnosus LOCK900","1","131567","2","","","1239","","91061","186826","","","33958","","1578","","","","47715","1316933","","",""
"548479","2051","below_species","Mobiluncus curtisii ATCC 43063","1","131567","2","","","201174","","1760","2037","","","2049","","2050","","","","2051","548479","","",""
"528354","485","below_species","Neisseria gonorrhoeae MS11","1","131567","2","","","1224","","28216","206351","","","481","","482","","","","485","528354","","",""
"1007096","1263547","below_species","Oscillibacter ruminantium GH1","1","131567","2","","","1239","","186801","186802","","","216572","","459786","","","","1263547","1007096","","",""
"693746","351091","below_species","Oscillibacter valericigenes Sjm18-20","1","131567","2","","","1239","","186801","186802","","","216572","","459786","","","","351091","693746","","",""
"1118057","1465756","below_species","Peptoniphilus grossensis ph5","1","131567","2","","","1239","","186801","186802","","","1570339","","162289","","","","1465756","1118057","","",""
"879243","28123","below_species","Porphyromonas asaccharolytica DSM 20707","1","131567","2","","68336","976","","200643","171549","","","171551","","836","","","","28123","879243","","",""
"887901","41976","below_species","Porphyromonas catoniae ATCC 51270","1","131567","2","","68336","976","","200643","171549","","","171551","","836","","","","41976","887901","","",""
"553174","28132","below_species","Prevotella melaninogenica ATCC 25845","1","131567","2","","68336","976","","200643","171549","","","171552","","838","","","","28132","553174","","",""
"1312367","183417","below_species","Proteus hauseri ZMd44","1","131567","2","","","1224","","1236","91347","","","543","","583","","","","183417","1312367","","",""
"757415","86840","below_species","Pseudomonas cannabina pv. cannabina","1","131567","2","","","1224","","1236","72274","","","135621","","286","","136849","","86840","757415","","",""
"76869","303","below_species","Pseudomonas putida GB-1","1","131567","2","","","1224","","1236","72274","","","135621","","286","","136845","","303","76869","","",""
"1194526","1292","below_species","Staphylococcus warneri SG1","1","131567","2","","","1239","","91061","1385","","","90964","","1279","","","","1292","1194526","","",""
"519441","34105","below_species","Streptobacillus moniliformis DSM 12112","1","131567","2","","","32066","","203490","203491","","","1129771","","34104","","","","34105","519441","","",""
"591365","1338","below_species","Streptococcus intermedius JTH08","1","131567","2","","","1239","","91061","186826","","","1300","","1301","","671232","","1338","591365","","",""
"134262","28037","below_species","Streptococcus mitis bv. 2","1","131567","2","","","1239","","91061","186826","","","1300","","1301","","","","28037","134262","","",""
"1114965","1318","below_species","Streptococcus parasanguinis FW213","1","131567","2","","","1239","","91061","186826","","","1300","","1301","","","","1318","1114965","","",""
"981540","197614","below_species","Streptococcus pasteurianus ATCC 43144","1","131567","2","","","1239","","91061","186826","","","1300","","1301","","","","197614","981540","","",""
"437529","1123352","below_species","Tepidimicrobium xylanilyticum DSM 23310","1","131567","2","","","1239","","186801","186802","","","31979","","285105","","","","1123352","437529","","",""
"633697","29322","below_species","[Eubacterium] cellulosolvens 6","1","131567","2","","","1239","","186801","186802","","","186806","","1730","","","","29322","633697","","",""
"1460373","1453987","below_below_species","Chlamydia muridarum str. Nigg 2 MCR","1","131567","2","","51290","204428","","204429","51291","","","809","1113537","810","","","","83560","1453987","1460373","",""
"1507806","196","subspecies","Campylobacter fetus subsp. testudinum","1","131567","2","","","1224","68525","29547","213849","","","72294","","194","","","","196","","","1507806",""
"32022","197","subspecies","Campylobacter jejuni subsp. jejuni","1","131567","2","","","1224","68525","29547","213849","","","72294","","194","","","","197","","","32022",""
"76859","851","subspecies","Fusobacterium nucleatum subsp. animalis","1","131567","2","","","32066","","203490","203491","","","203492","","848","","","","851","","","76859",""
"155615","851","subspecies","Fusobacterium nucleatum subsp. vincentii","1","131567","2","","","32066","","203490","203491","","","203492","","848","","","","851","","","155615",""
"39831","573","subspecies","Klebsiella pneumoniae subsp. rhinoscleromatis","1","131567","2","","","1224","","1236","91347","","","543","","570","","","","573","","","39831",""
"144177","2051","subspecies","Mobiluncus curtisii subsp. curtisii","1","131567","2","","","201174","","1760","2037","","","2049","","2050","","","","2051","","","144177",""
"145393","1290","subspecies","Staphylococcus hominis subsp. novobiosepticus","1","131567","2","","","1239","","91061","1385","","","90964","","1279","","","","1290","","","145393",""
"1272910","1328","subspecies","Streptococcus anginosus subsp. whileyi","1","131567","2","","","1239","","91061","186826","","","1300","","1301","","671232","","1328","","","1272910",""
"119602","1334","subspecies","Streptococcus dysgalactiae subsp. equisimilis","1","131567","2","","","1239","","91061","186826","","","1300","","1301","","119603","","1334","","","119602",""
"53354","315405","subspecies","Streptococcus gallolyticus subsp. gallolyticus","1","131567","2","","","1239","","91061","186826","","","1300","","1301","","","","315405","","","53354",""
"1408176","32022","below_subspecies","Campylobacter jejuni subsp. jejuni F38011","1","131567","2","","","1224","68525","29547","213849","","","72294","","194","","","","197","","","32022","1408176"
"469607","76859","below_subspecies","Fusobacterium nucleatum subsp. animalis 4_8","1","131567","2","","","32066","","203490","203491","","","203492","","848","","","","851","","","76859","469607"
"469604","155615","below_subspecies","Fusobacterium nucleatum subsp. vincentii 3_1_36A2","1","131567","2","","","32066","","203490","203491","","","203492","","848","","","","851","","","155615","469604"
"1353243","1272910","below_subspecies","Streptococcus anginosus subsp. whileyi MAS624","1","131567","2","","","1239","","91061","186826","","","1300","","1301","","671232","","1328","","","1272910","1353243"
"486410","119602","below_subspecies","Streptococcus dysgalactiae subsp. equisimilis GGS_124","1","131567","2","","","1239","","91061","186826","","","1300","","1301","","119603","","1334","","","119602","486410"
"990317","53354","below_subspecies","Streptococcus gallolyticus subsp. gallolyticus ATCC BAA-2069","1","131567","2","","","1239","","91061","186826","","","1300","","1301","","","","315405","","","53354","990317"
